-- phpMyAdmin SQL Dump
-- version 5.2.1
-- https://www.phpmyadmin.net/
--
-- Servidor: localhost:3306
-- Tiempo de generación: 17-08-2024 a las 02:33:21
-- Versión del servidor: 5.7.23-23
-- Versión de PHP: 8.1.29

SET SQL_MODE = "NO_AUTO_VALUE_ON_ZERO";
START TRANSACTION;
SET time_zone = "+00:00";


/*!40101 SET @OLD_CHARACTER_SET_CLIENT=@@CHARACTER_SET_CLIENT */;
/*!40101 SET @OLD_CHARACTER_SET_RESULTS=@@CHARACTER_SET_RESULTS */;
/*!40101 SET @OLD_COLLATION_CONNECTION=@@COLLATION_CONNECTION */;
/*!40101 SET NAMES utf8mb4 */;

--
-- Base de datos: `sigpetai_eva`
--

-- --------------------------------------------------------

--
-- Estructura de tabla para la tabla `criterios`
--

CREATE TABLE `criterios` (
  `id_criterios` int(10) UNSIGNED NOT NULL,
  `descripcion` varchar(50) COLLATE utf8mb4_unicode_ci NOT NULL,
  `texto` longtext COLLATE utf8mb4_unicode_ci NOT NULL,
  `orden` int(10) UNSIGNED NOT NULL
) ENGINE=InnoDB DEFAULT CHARSET=utf8mb4 COLLATE=utf8mb4_unicode_ci;

--
-- Volcado de datos para la tabla `criterios`
--

INSERT INTO `criterios` (`id_criterios`, `descripcion`, `texto`, `orden`) VALUES
(0, 'SIN CRITERIOS', '', 0),
(1, 'IDENTIFICACION DE ACCIONES PREVIAS A LA TAREA', '', 1),
(2, 'APLICACIÓN DE MEDIDAD DE CONTROL', '', 2),
(3, 'IDENTIFICACIÓN DE ACCIONES PARA EVITAR UN RESCATE', '', 3),
(4, 'VERIFICACIÓN TEORICA', 'OBSERVACIÓN IMPORTANTE : A través de la lectura proporcionada por el instructor, se busca que el trabajador se identifique con el protagonista que ejecuta la acción en cada caso planteado y determine la acción que llevaría a cabo.', 1),
(5, 'VERIFICACIÓN PRACTICA', 'OBSERVACIÓN IMPORTANTE : Para la verificación se pueden tener en cuenta 2 contextos:  Contexto 1: El consultor debe verificar un trabajo en espacios confinados que el asiste al ciclo esté ejecutando en el momento de la visita.  Contexto 2: Si el trabajador no está ejecutando trabajo en espacios confinados, el consultor deberá llevar al trabajador a simular un trabajo en espacios confinados asociado a las tareas que en su organización el pueda desarrollar, si se verifican varios trabajadores en simulación las simulaciones en todo caso deberán ser diferentes. ', 2),
(6, 'VERIFICACIÓN EMPRESA', 'OBSERVACIÓN IMPORTANTE : No se ejecutará auditoría, las respuestas a las siguientes preguntas son en función a lo que el consultor ha observado durante la verificación de la eficacia del entrenamiento en el contexto teórico y practico.', 3);

-- --------------------------------------------------------

--
-- Estructura de tabla para la tabla `departamentos`
--

CREATE TABLE `departamentos` (
  `id_departamento` int(10) UNSIGNED NOT NULL,
  `departamento` varchar(255) COLLATE utf8mb4_unicode_ci NOT NULL DEFAULT ''
) ENGINE=InnoDB DEFAULT CHARSET=utf8mb4 COLLATE=utf8mb4_unicode_ci;

--
-- Volcado de datos para la tabla `departamentos`
--

INSERT INTO `departamentos` (`id_departamento`, `departamento`) VALUES
(5, 'ANTIOQUIA'),
(8, 'ATLÁNTICO'),
(11, 'BOGOTÁ, D.C.'),
(13, 'BOLÍVAR'),
(15, 'BOYACÁ'),
(17, 'CALDAS'),
(18, 'CAQUETÁ'),
(19, 'CAUCA'),
(20, 'CESAR'),
(23, 'CÓRDOBA'),
(25, 'CUNDINAMARCA'),
(27, 'CHOCÓ'),
(41, 'HUILA'),
(44, 'LA GUAJIRA'),
(47, 'MAGDALENA'),
(50, 'META'),
(52, 'NARIÑO'),
(54, 'NORTE DE SANTANDER'),
(63, 'QUINDIO'),
(66, 'RISARALDA'),
(68, 'SANTANDER'),
(70, 'SUCRE'),
(73, 'TOLIMA'),
(76, 'VALLE DEL CAUCA'),
(81, 'ARAUCA'),
(85, 'CASANARE'),
(86, 'PUTUMAYO'),
(88, 'ARCHIPIÉLAGO DE SAN ANDRÉS, PROVIDENCIA Y SANTA CATALINA'),
(91, 'AMAZONAS'),
(94, 'GUAINÍA'),
(95, 'GUAVIARE'),
(97, 'VAUPÉS'),
(99, 'VICHADA');

-- --------------------------------------------------------

--
-- Estructura de tabla para la tabla `empresas`
--

CREATE TABLE `empresas` (
  `nit` int(11) NOT NULL,
  `nombre` varchar(255) DEFAULT NULL,
  `regional` int(10) UNSIGNED NOT NULL,
  `ciudad` int(10) UNSIGNED NOT NULL,
  `direccion` varchar(255) DEFAULT NULL,
  `telefono` varchar(255) DEFAULT NULL,
  `nmb_contacto` varchar(255) DEFAULT NULL,
  `apl_contacto` varchar(255) DEFAULT NULL,
  `correo_contacto` varchar(255) DEFAULT NULL
) ENGINE=InnoDB DEFAULT CHARSET=utf8mb4;

-- --------------------------------------------------------

--
-- Estructura de tabla para la tabla `encuesta_empresas`
--

CREATE TABLE `encuesta_empresas` (
  `id` int(11) DEFAULT NULL,
  `id_empresa` int(11) DEFAULT NULL,
  `id_instructor` int(11) DEFAULT NULL,
  `fecha_realizado` int(11) DEFAULT NULL,
  `puntaje` int(11) DEFAULT NULL
) ENGINE=InnoDB DEFAULT CHARSET=utf8mb4 COLLATE=utf8mb4_unicode_ci;

-- --------------------------------------------------------

--
-- Estructura de tabla para la tabla `estudiantes`
--

CREATE TABLE `estudiantes` (
  `id_estudiante` int(11) NOT NULL,
  `tipo_identificacion` int(11) DEFAULT NULL,
  `nombre` varchar(255) DEFAULT NULL,
  `apellido` varchar(255) DEFAULT NULL,
  `celular` varchar(255) DEFAULT NULL,
  `fecha_nac` date DEFAULT NULL,
  `edad` int(11) DEFAULT NULL,
  `direccion` varchar(255) DEFAULT NULL,
  `id_empresa` int(11) DEFAULT NULL,
  `cargo` varchar(255) DEFAULT NULL,
  `genero` int(11) DEFAULT NULL,
  `correo` varchar(255) DEFAULT NULL
) ENGINE=InnoDB DEFAULT CHARSET=utf8mb4;

-- --------------------------------------------------------

--
-- Estructura de tabla para la tabla `examenes`
--

CREATE TABLE `examenes` (
  `id_examen` int(11) NOT NULL,
  `nombre_examen` varchar(255) NOT NULL,
  `id_modulo` int(11) DEFAULT NULL,
  `descripcion` longtext NOT NULL,
  `tipo_examen` enum('PREVIA','INTERMEDIA','FINAL') DEFAULT NULL,
  `fecha_vigencia` date NOT NULL DEFAULT '2025-01-01',
  `activo` tinyint(1) DEFAULT NULL
) ENGINE=InnoDB DEFAULT CHARSET=utf8mb4;

--
-- Volcado de datos para la tabla `examenes`
--

INSERT INTO `examenes` (`id_examen`, `nombre_examen`, `id_modulo`, `descripcion`, `tipo_examen`, `fecha_vigencia`, `activo`) VALUES
(1, 'TRABAJO EN CONFINADO', 1, 'EVALUACIÓN DE CONOCIMIENTOS PREVIOS', 'PREVIA', '2025-01-01', 1),
(2, 'TRABAJO EN CONFINADO', 1, 'EVALUACIÓN DE CONOCIMIENTO INTERMEDIO', 'INTERMEDIA', '2025-01-01', 1),
(3, 'TRABAJO EN CONFINADO', 1, 'EVALUACIÓN DE COMOCIMIENTOS EXAMEN DE CAMPO', 'FINAL', '2025-01-10', 1),
(4, 'EVALUACIÓN DE CONOCIMIENTO', 2, 'EVALUACIÓN DE CONOCIMIENTOS PREVIOS', 'PREVIA', '2025-01-01', 1),
(5, 'EVALUACIÓN DE CONOCIMIENTO', 2, 'EVALUACIÓN DE CONOCIMIENTO INTERMEDIO', 'INTERMEDIA', '2025-01-01', 1),
(6, 'EVALUACIÓN DE CONOCIMIENTO', 2, 'EVALUACIÓN DE COMOCIMIENTOS EXAMEN DE CAMPO', 'FINAL', '2025-01-01', 1),
(7, 'CONCEPTOS TÉCNICOS', 3, 'EVALUACIÓN DE CONOCIMIENTOS PREVIOS', 'PREVIA', '2025-01-01', 1),
(8, 'CONCEPTOS TÉCNICOS', 3, 'EVALUACIÓN DE CONOCIMIENTO INTERMEDIO', 'INTERMEDIA', '2025-01-01', 1),
(9, 'CONCEPTOS TÉCNICOS', 3, 'EVALUACIÓN DE COMOCIMIENTOS EXAMEN DE CAMPO', 'FINAL', '2025-01-01', 1);

-- --------------------------------------------------------

--
-- Estructura de tabla para la tabla `examenes_asignados`
--

CREATE TABLE `examenes_asignados` (
  `id_asignacion` int(11) NOT NULL,
  `id_estudiante` int(11) DEFAULT NULL,
  `id_modulo` int(11) DEFAULT NULL,
  `id_examen` int(11) DEFAULT NULL,
  `fecha_asignacion` date DEFAULT NULL,
  `asistencia` int(11) DEFAULT NULL,
  `fecha_asistencia` date DEFAULT NULL,
  `fecha_programado` date DEFAULT NULL,
  `salon` int(11) DEFAULT NULL,
  `id_instructor` int(11) DEFAULT NULL
) ENGINE=InnoDB DEFAULT CHARSET=utf8mb4;

-- --------------------------------------------------------

--
-- Estructura de tabla para la tabla `genero`
--

CREATE TABLE `genero` (
  `id` int(11) NOT NULL,
  `descripcion` varchar(255) COLLATE utf8mb4_unicode_ci DEFAULT NULL,
  `sigla` varchar(255) COLLATE utf8mb4_unicode_ci DEFAULT NULL
) ENGINE=InnoDB DEFAULT CHARSET=utf8mb4 COLLATE=utf8mb4_unicode_ci;

--
-- Volcado de datos para la tabla `genero`
--

INSERT INTO `genero` (`id`, `descripcion`, `sigla`) VALUES
(1, 'FEMENINO', 'F'),
(2, 'MASCULINO', 'M');

-- --------------------------------------------------------

--
-- Estructura de tabla para la tabla `instructores`
--

CREATE TABLE `instructores` (
  `identificacion` int(11) NOT NULL,
  `tipo_identificacion` int(11) NOT NULL,
  `nombres` varchar(255) COLLATE utf8mb4_unicode_ci NOT NULL,
  `apellidos` varchar(255) COLLATE utf8mb4_unicode_ci NOT NULL,
  `regional` int(10) UNSIGNED NOT NULL,
  `ciudad` int(10) UNSIGNED NOT NULL,
  `activo` int(11) NOT NULL DEFAULT '1',
  `genero` int(11) DEFAULT NULL
) ENGINE=InnoDB DEFAULT CHARSET=utf8mb4 COLLATE=utf8mb4_unicode_ci;

-- --------------------------------------------------------

--
-- Estructura de tabla para la tabla `menus`
--

CREATE TABLE `menus` (
  `id_menu` int(11) NOT NULL,
  `nombre_menu` varchar(100) NOT NULL,
  `url_menu` varchar(100) NOT NULL,
  `nivel` int(11) NOT NULL,
  `padre` int(11) NOT NULL,
  `orden` int(11) DEFAULT NULL
) ENGINE=InnoDB DEFAULT CHARSET=utf8mb4;

--
-- Volcado de datos para la tabla `menus`
--

INSERT INTO `menus` (`id_menu`, `nombre_menu`, `url_menu`, `nivel`, `padre`, `orden`) VALUES
(1, 'Dashboard', 'x', 0, 0, NULL),
(2, 'Gestión de usuarios', 'x', 0, 0, NULL),
(3, 'Evaluaciones', 'x', 1, 0, 5),
(4, 'Evaluaciones pendientes', 'examen-pending.php', 2, 3, 3),
(5, 'Cursos', 'x', 1, 0, 4),
(6, 'Usuarios', 'x', 1, 0, 1),
(7, 'Empresas', 'x', 1, 0, 2),
(8, 'Asignar evaluaciones', 'examen-new.php', 2, 3, 2),
(9, 'Listar Evaluaciones', 'examen-list.php', 2, 3, 1),
(10, 'Listar cursos', 'modulo-list.php', 2, 5, 1),
(11, 'Estudiantes', 'X', 1, 0, 3),
(12, 'Listar usuarios', 'usuarios-list.php', 2, 6, 1),
(13, 'Listar estudiantes', 'estudiantes-list.php', 2, 11, 1),
(14, 'Listar Empresas', 'empresa-list.php', 2, 7, 1),
(15, 'Mis Estudiantes', 'examen-listEvaluador.php', 2, 11, 1),
(16, 'Cargue de Datos', 'X', 1, 0, 6),
(17, 'Cargue de Datos Excel', 'cargue_preguntas.php', 2, 16, 1),
(18, 'Cargue de respuestas', 'cargue_respuestas.php', 2, 16, 2),
(19, 'Criterios de Evaluación', 'criterios_listEva.php', 2, 3, 1),
(20, 'Instructores', 'X', 1, 0, 2),
(21, 'Listar Instructores', 'instructor-list.php', 2, 20, 1),
(22, 'Reportes', 'X', 1, 0, 6),
(23, 'Reportes excel', 'reportes-excel.php', 2, 22, 1);

-- --------------------------------------------------------

--
-- Estructura de tabla para la tabla `modulos`
--

CREATE TABLE `modulos` (
  `id_modulo` int(11) NOT NULL,
  `nombre` varchar(255) DEFAULT NULL,
  `fecha_vigencia` date DEFAULT NULL
) ENGINE=InnoDB DEFAULT CHARSET=utf8mb4;

--
-- Volcado de datos para la tabla `modulos`
--

INSERT INTO `modulos` (`id_modulo`, `nombre`, `fecha_vigencia`) VALUES
(1, 'TRABAJOS EN ESPACIOS CONFINADOS', '2025-01-01'),
(2, 'TRABAJO EN ALTURAS', '2025-01-01'),
(3, 'RIESGO ELECTRICO', '2025-01-01');

-- --------------------------------------------------------

--
-- Estructura de tabla para la tabla `municipios`
--

CREATE TABLE `municipios` (
  `id_municipio` int(10) UNSIGNED NOT NULL,
  `municipio` varchar(255) COLLATE utf8mb4_unicode_ci NOT NULL DEFAULT '',
  `estado` int(10) UNSIGNED NOT NULL,
  `departamento_id` int(10) UNSIGNED NOT NULL
) ENGINE=InnoDB DEFAULT CHARSET=utf8mb4 COLLATE=utf8mb4_unicode_ci;

--
-- Volcado de datos para la tabla `municipios`
--

INSERT INTO `municipios` (`id_municipio`, `municipio`, `estado`, `departamento_id`) VALUES
(1, 'Abriaquí', 1, 5),
(2, 'Acacías', 1, 50),
(3, 'Acandí', 1, 27),
(4, 'Acevedo', 1, 41),
(5, 'Achí', 1, 13),
(6, 'Agrado', 1, 41),
(7, 'Agua de Dios', 1, 25),
(8, 'Aguachica', 1, 20),
(9, 'Aguada', 1, 68),
(10, 'Aguadas', 1, 17),
(11, 'Aguazul', 1, 85),
(12, 'Agustín Codazzi', 1, 20),
(13, 'Aipe', 1, 41),
(14, 'Albania', 1, 18),
(15, 'Albania', 1, 44),
(16, 'Albania', 1, 68),
(17, 'Albán', 1, 25),
(18, 'Albán (San José)', 1, 52),
(19, 'Alcalá', 1, 76),
(20, 'Alejandria', 1, 5),
(21, 'Algarrobo', 1, 47),
(22, 'Algeciras', 1, 41),
(23, 'Almaguer', 1, 19),
(24, 'Almeida', 1, 15),
(25, 'Alpujarra', 1, 73),
(26, 'Altamira', 1, 41),
(27, 'Alto Baudó (Pie de Pato)', 1, 27),
(28, 'Altos del Rosario', 1, 13),
(29, 'Alvarado', 1, 73),
(30, 'Amagá', 1, 5),
(31, 'Amalfi', 1, 5),
(32, 'Ambalema', 1, 73),
(33, 'Anapoima', 1, 25),
(34, 'Ancuya', 1, 52),
(35, 'Andalucía', 1, 76),
(36, 'Andes', 1, 5),
(37, 'Angelópolis', 1, 5),
(38, 'Angostura', 1, 5),
(39, 'Anolaima', 1, 25),
(40, 'Anorí', 1, 5),
(41, 'Anserma', 1, 17),
(42, 'Ansermanuevo', 1, 76),
(43, 'Anzoátegui', 1, 73),
(44, 'Anzá', 1, 5),
(45, 'Apartadó', 1, 5),
(46, 'Apulo', 1, 25),
(47, 'Apía', 1, 66),
(48, 'Aquitania', 1, 15),
(49, 'Aracataca', 1, 47),
(50, 'Aranzazu', 1, 17),
(51, 'Aratoca', 1, 68),
(52, 'Arauca', 1, 81),
(53, 'Arauquita', 1, 81),
(54, 'Arbeláez', 1, 25),
(55, 'Arboleda (Berruecos)', 1, 52),
(56, 'Arboledas', 1, 54),
(57, 'Arboletes', 1, 5),
(58, 'Arcabuco', 1, 15),
(59, 'Arenal', 1, 13),
(60, 'Argelia', 1, 5),
(61, 'Argelia', 1, 19),
(62, 'Argelia', 1, 76),
(63, 'Ariguaní (El Difícil)', 1, 47),
(64, 'Arjona', 1, 13),
(65, 'Armenia', 1, 5),
(66, 'Armenia', 1, 63),
(67, 'Armero (Guayabal)', 1, 73),
(68, 'Arroyohondo', 1, 13),
(69, 'Astrea', 1, 20),
(70, 'Ataco', 1, 73),
(71, 'Atrato (Yuto)', 1, 27),
(72, 'Ayapel', 1, 23),
(73, 'Bagadó', 1, 27),
(74, 'Bahía Solano (Mútis)', 1, 27),
(75, 'Bajo Baudó (Pizarro)', 1, 27),
(76, 'Balboa', 1, 19),
(77, 'Balboa', 1, 66),
(78, 'Baranoa', 1, 8),
(79, 'Baraya', 1, 41),
(80, 'Barbacoas', 1, 52),
(81, 'Barbosa', 1, 5),
(82, 'Barbosa', 1, 68),
(83, 'Barichara', 1, 68),
(84, 'Barranca de Upía', 1, 50),
(85, 'Barrancabermeja', 1, 68),
(86, 'Barrancas', 1, 44),
(87, 'Barranco de Loba', 1, 13),
(88, 'Barranquilla', 1, 8),
(89, 'Becerríl', 1, 20),
(90, 'Belalcázar', 1, 17),
(91, 'Bello', 1, 5),
(92, 'Belmira', 1, 5),
(93, 'Beltrán', 1, 25),
(94, 'Belén', 1, 15),
(95, 'Belén', 1, 52),
(96, 'Belén de Bajirá', 1, 27),
(97, 'Belén de Umbría', 1, 66),
(98, 'Belén de los Andaquíes', 1, 18),
(99, 'Berbeo', 1, 15),
(100, 'Betania', 1, 5),
(101, 'Beteitiva', 1, 15),
(102, 'Betulia', 1, 5),
(103, 'Betulia', 1, 68),
(104, 'Bituima', 1, 25),
(105, 'Boavita', 1, 15),
(106, 'Bochalema', 1, 54),
(107, 'Bogotá D.C.', 1, 11),
(108, 'Bojacá', 1, 25),
(109, 'Bojayá (Bellavista)', 1, 27),
(110, 'Bolívar', 1, 5),
(111, 'Bolívar', 1, 19),
(112, 'Bolívar', 1, 68),
(113, 'Bolívar', 1, 76),
(114, 'Bosconia', 1, 20),
(115, 'Boyacá', 1, 15),
(116, 'Briceño', 1, 5),
(117, 'Briceño', 1, 15),
(118, 'Bucaramanga', 1, 68),
(119, 'Bucarasica', 1, 54),
(120, 'Buenaventura', 1, 76),
(121, 'Buenavista', 1, 15),
(122, 'Buenavista', 1, 23),
(123, 'Buenavista', 1, 63),
(124, 'Buenavista', 1, 70),
(125, 'Buenos Aires', 1, 19),
(126, 'Buesaco', 1, 52),
(127, 'Buga', 1, 76),
(128, 'Bugalagrande', 1, 76),
(129, 'Burítica', 1, 5),
(130, 'Busbanza', 1, 15),
(131, 'Cabrera', 1, 25),
(132, 'Cabrera', 1, 68),
(133, 'Cabuyaro', 1, 50),
(134, 'Cachipay', 1, 25),
(135, 'Caicedo', 1, 5),
(136, 'Caicedonia', 1, 76),
(137, 'Caimito', 1, 70),
(138, 'Cajamarca', 1, 73),
(139, 'Cajibío', 1, 19),
(140, 'Cajicá', 1, 25),
(141, 'Calamar', 1, 13),
(142, 'Calamar', 1, 95),
(143, 'Calarcá', 1, 63),
(144, 'Caldas', 1, 5),
(145, 'Caldas', 1, 15),
(146, 'Caldono', 1, 19),
(147, 'California', 1, 68),
(148, 'Calima (Darién)', 1, 76),
(149, 'Caloto', 1, 19),
(150, 'Calí', 1, 76),
(151, 'Campamento', 1, 5),
(152, 'Campo de la Cruz', 1, 8),
(153, 'Campoalegre', 1, 41),
(154, 'Campohermoso', 1, 15),
(155, 'Canalete', 1, 23),
(156, 'Candelaria', 1, 8),
(157, 'Candelaria', 1, 76),
(158, 'Cantagallo', 1, 13),
(159, 'Cantón de San Pablo', 1, 27),
(160, 'Caparrapí', 1, 25),
(161, 'Capitanejo', 1, 68),
(162, 'Caracolí', 1, 5),
(163, 'Caramanta', 1, 5),
(164, 'Carcasí', 1, 68),
(165, 'Carepa', 1, 5),
(166, 'Carmen de Apicalá', 1, 73),
(167, 'Carmen de Carupa', 1, 25),
(168, 'Carmen de Viboral', 1, 5),
(169, 'Carmen del Darién (CURBARADÓ)', 1, 27),
(170, 'Carolina', 1, 5),
(171, 'Cartagena', 1, 13),
(172, 'Cartagena del Chairá', 1, 18),
(173, 'Cartago', 1, 76),
(174, 'Carurú', 1, 97),
(175, 'Casabianca', 1, 73),
(176, 'Castilla la Nueva', 1, 50),
(177, 'Caucasia', 1, 5),
(178, 'Cañasgordas', 1, 5),
(179, 'Cepita', 1, 68),
(180, 'Cereté', 1, 23),
(181, 'Cerinza', 1, 15),
(182, 'Cerrito', 1, 68),
(183, 'Cerro San Antonio', 1, 47),
(184, 'Chachaguí', 1, 52),
(185, 'Chaguaní', 1, 25),
(186, 'Chalán', 1, 70),
(187, 'Chaparral', 1, 73),
(188, 'Charalá', 1, 68),
(189, 'Charta', 1, 68),
(190, 'Chigorodó', 1, 5),
(191, 'Chima', 1, 68),
(192, 'Chimichagua', 1, 20),
(193, 'Chimá', 1, 23),
(194, 'Chinavita', 1, 15),
(195, 'Chinchiná', 1, 17),
(196, 'Chinácota', 1, 54),
(197, 'Chinú', 1, 23),
(198, 'Chipaque', 1, 25),
(199, 'Chipatá', 1, 68),
(200, 'Chiquinquirá', 1, 15),
(201, 'Chiriguaná', 1, 20),
(202, 'Chiscas', 1, 15),
(203, 'Chita', 1, 15),
(204, 'Chitagá', 1, 54),
(205, 'Chitaraque', 1, 15),
(206, 'Chivatá', 1, 15),
(207, 'Chivolo', 1, 47),
(208, 'Choachí', 1, 25),
(209, 'Chocontá', 1, 25),
(210, 'Chámeza', 1, 85),
(211, 'Chía', 1, 25),
(212, 'Chíquiza', 1, 15),
(213, 'Chívor', 1, 15),
(214, 'Cicuco', 1, 13),
(215, 'Cimitarra', 1, 68),
(216, 'Circasia', 1, 63),
(217, 'Cisneros', 1, 5),
(218, 'Ciénaga', 1, 15),
(219, 'Ciénaga', 1, 47),
(220, 'Ciénaga de Oro', 1, 23),
(221, 'Clemencia', 1, 13),
(222, 'Cocorná', 1, 5),
(223, 'Coello', 1, 73),
(224, 'Cogua', 1, 25),
(225, 'Colombia', 1, 41),
(226, 'Colosó (Ricaurte)', 1, 70),
(227, 'Colón', 1, 86),
(228, 'Colón (Génova)', 1, 52),
(229, 'Concepción', 1, 5),
(230, 'Concepción', 1, 68),
(231, 'Concordia', 1, 5),
(232, 'Concordia', 1, 47),
(233, 'Condoto', 1, 27),
(234, 'Confines', 1, 68),
(235, 'Consaca', 1, 52),
(236, 'Contadero', 1, 52),
(237, 'Contratación', 1, 68),
(238, 'Convención', 1, 54),
(239, 'Copacabana', 1, 5),
(240, 'Coper', 1, 15),
(241, 'Cordobá', 1, 63),
(242, 'Corinto', 1, 19),
(243, 'Coromoro', 1, 68),
(244, 'Corozal', 1, 70),
(245, 'Corrales', 1, 15),
(246, 'Cota', 1, 25),
(247, 'Cotorra', 1, 23),
(248, 'Covarachía', 1, 15),
(249, 'Coveñas', 1, 70),
(250, 'Coyaima', 1, 73),
(251, 'Cravo Norte', 1, 81),
(252, 'Cuaspud (Carlosama)', 1, 52),
(253, 'Cubarral', 1, 50),
(254, 'Cubará', 1, 15),
(255, 'Cucaita', 1, 15),
(256, 'Cucunubá', 1, 25),
(257, 'Cucutilla', 1, 54),
(258, 'Cuitiva', 1, 15),
(259, 'Cumaral', 1, 50),
(260, 'Cumaribo', 1, 99),
(261, 'Cumbal', 1, 52),
(262, 'Cumbitara', 1, 52),
(263, 'Cunday', 1, 73),
(264, 'Curillo', 1, 18),
(265, 'Curití', 1, 68),
(266, 'Curumaní', 1, 20),
(267, 'Cáceres', 1, 5),
(268, 'Cáchira', 1, 54),
(269, 'Cácota', 1, 54),
(270, 'Cáqueza', 1, 25),
(271, 'Cértegui', 1, 27),
(272, 'Cómbita', 1, 15),
(273, 'Córdoba', 1, 13),
(274, 'Córdoba', 1, 52),
(275, 'Cúcuta', 1, 54),
(276, 'Dabeiba', 1, 5),
(277, 'Dagua', 1, 76),
(278, 'Dibulla', 1, 44),
(279, 'Distracción', 1, 44),
(280, 'Dolores', 1, 73),
(281, 'Don Matías', 1, 5),
(282, 'Dos Quebradas', 1, 66),
(283, 'Duitama', 1, 15),
(284, 'Durania', 1, 54),
(285, 'Ebéjico', 1, 5),
(286, 'El Bagre', 1, 5),
(287, 'El Banco', 1, 47),
(288, 'El Cairo', 1, 76),
(289, 'El Calvario', 1, 50),
(290, 'El Carmen', 1, 54),
(291, 'El Carmen', 1, 68),
(292, 'El Carmen de Atrato', 1, 27),
(293, 'El Carmen de Bolívar', 1, 13),
(294, 'El Castillo', 1, 50),
(295, 'El Cerrito', 1, 76),
(296, 'El Charco', 1, 52),
(297, 'El Cocuy', 1, 15),
(298, 'El Colegio', 1, 25),
(299, 'El Copey', 1, 20),
(300, 'El Doncello', 1, 18),
(301, 'El Dorado', 1, 50),
(302, 'El Dovio', 1, 76),
(303, 'El Espino', 1, 15),
(304, 'El Guacamayo', 1, 68),
(305, 'El Guamo', 1, 13),
(306, 'El Molino', 1, 44),
(307, 'El Paso', 1, 20),
(308, 'El Paujil', 1, 18),
(309, 'El Peñol', 1, 52),
(310, 'El Peñon', 1, 13),
(311, 'El Peñon', 1, 68),
(312, 'El Peñón', 1, 25),
(313, 'El Piñon', 1, 47),
(314, 'El Playón', 1, 68),
(315, 'El Retorno', 1, 95),
(316, 'El Retén', 1, 47),
(317, 'El Roble', 1, 70),
(318, 'El Rosal', 1, 25),
(319, 'El Rosario', 1, 52),
(320, 'El Tablón de Gómez', 1, 52),
(321, 'El Tambo', 1, 19),
(322, 'El Tambo', 1, 52),
(323, 'El Tarra', 1, 54),
(324, 'El Zulia', 1, 54),
(325, 'El Águila', 1, 76),
(326, 'Elías', 1, 41),
(327, 'Encino', 1, 68),
(328, 'Enciso', 1, 68),
(329, 'Entrerríos', 1, 5),
(330, 'Envigado', 1, 5),
(331, 'Espinal', 1, 73),
(332, 'Facatativá', 1, 25),
(333, 'Falan', 1, 73),
(334, 'Filadelfia', 1, 17),
(335, 'Filandia', 1, 63),
(336, 'Firavitoba', 1, 15),
(337, 'Flandes', 1, 73),
(338, 'Florencia', 1, 18),
(339, 'Florencia', 1, 19),
(340, 'Floresta', 1, 15),
(341, 'Florida', 1, 76),
(342, 'Floridablanca', 1, 68),
(343, 'Florián', 1, 68),
(344, 'Fonseca', 1, 44),
(345, 'Fortúl', 1, 81),
(346, 'Fosca', 1, 25),
(347, 'Francisco Pizarro', 1, 52),
(348, 'Fredonia', 1, 5),
(349, 'Fresno', 1, 73),
(350, 'Frontino', 1, 5),
(351, 'Fuente de Oro', 1, 50),
(352, 'Fundación', 1, 47),
(353, 'Funes', 1, 52),
(354, 'Funza', 1, 25),
(355, 'Fusagasugá', 1, 25),
(356, 'Fómeque', 1, 25),
(357, 'Fúquene', 1, 25),
(358, 'Gachalá', 1, 25),
(359, 'Gachancipá', 1, 25),
(360, 'Gachantivá', 1, 15),
(361, 'Gachetá', 1, 25),
(362, 'Galapa', 1, 8),
(363, 'Galeras (Nueva Granada)', 1, 70),
(364, 'Galán', 1, 68),
(365, 'Gama', 1, 25),
(366, 'Gamarra', 1, 20),
(367, 'Garagoa', 1, 15),
(368, 'Garzón', 1, 41),
(369, 'Gigante', 1, 41),
(370, 'Ginebra', 1, 76),
(371, 'Giraldo', 1, 5),
(372, 'Girardot', 1, 25),
(373, 'Girardota', 1, 5),
(374, 'Girón', 1, 68),
(375, 'Gonzalez', 1, 20),
(376, 'Gramalote', 1, 54),
(377, 'Granada', 1, 5),
(378, 'Granada', 1, 25),
(379, 'Granada', 1, 50),
(380, 'Guaca', 1, 68),
(381, 'Guacamayas', 1, 15),
(382, 'Guacarí', 1, 76),
(383, 'Guachavés', 1, 52),
(384, 'Guachené', 1, 19),
(385, 'Guachetá', 1, 25),
(386, 'Guachucal', 1, 52),
(387, 'Guadalupe', 1, 5),
(388, 'Guadalupe', 1, 41),
(389, 'Guadalupe', 1, 68),
(390, 'Guaduas', 1, 25),
(391, 'Guaitarilla', 1, 52),
(392, 'Gualmatán', 1, 52),
(393, 'Guamal', 1, 47),
(394, 'Guamal', 1, 50),
(395, 'Guamo', 1, 73),
(396, 'Guapota', 1, 68),
(397, 'Guapí', 1, 19),
(398, 'Guaranda', 1, 70),
(399, 'Guarne', 1, 5),
(400, 'Guasca', 1, 25),
(401, 'Guatapé', 1, 5),
(402, 'Guataquí', 1, 25),
(403, 'Guatavita', 1, 25),
(404, 'Guateque', 1, 15),
(405, 'Guavatá', 1, 68),
(406, 'Guayabal de Siquima', 1, 25),
(407, 'Guayabetal', 1, 25),
(408, 'Guayatá', 1, 15),
(409, 'Guepsa', 1, 68),
(410, 'Guicán', 1, 15),
(411, 'Gutiérrez', 1, 25),
(412, 'Guática', 1, 66),
(413, 'Gámbita', 1, 68),
(414, 'Gámeza', 1, 15),
(415, 'Génova', 1, 63),
(416, 'Gómez Plata', 1, 5),
(417, 'Hacarí', 1, 54),
(418, 'Hatillo de Loba', 1, 13),
(419, 'Hato', 1, 68),
(420, 'Hato Corozal', 1, 85),
(421, 'Hatonuevo', 1, 44),
(422, 'Heliconia', 1, 5),
(423, 'Herrán', 1, 54),
(424, 'Herveo', 1, 73),
(425, 'Hispania', 1, 5),
(426, 'Hobo', 1, 41),
(427, 'Honda', 1, 73),
(428, 'Ibagué', 1, 73),
(429, 'Icononzo', 1, 73),
(430, 'Iles', 1, 52),
(431, 'Imúes', 1, 52),
(432, 'Inzá', 1, 19),
(433, 'Inírida', 1, 94),
(434, 'Ipiales', 1, 52),
(435, 'Isnos', 1, 41),
(436, 'Istmina', 1, 27),
(437, 'Itagüí', 1, 5),
(438, 'Ituango', 1, 5),
(439, 'Izá', 1, 15),
(440, 'Jambaló', 1, 19),
(441, 'Jamundí', 1, 76),
(442, 'Jardín', 1, 5),
(443, 'Jenesano', 1, 15),
(444, 'Jericó', 1, 5),
(445, 'Jericó', 1, 15),
(446, 'Jerusalén', 1, 25),
(447, 'Jesús María', 1, 68),
(448, 'Jordán', 1, 68),
(449, 'Juan de Acosta', 1, 8),
(450, 'Junín', 1, 25),
(451, 'Juradó', 1, 27),
(452, 'La Apartada y La Frontera', 1, 23),
(453, 'La Argentina', 1, 41),
(454, 'La Belleza', 1, 68),
(455, 'La Calera', 1, 25),
(456, 'La Capilla', 1, 15),
(457, 'La Ceja', 1, 5),
(458, 'La Celia', 1, 66),
(459, 'La Cruz', 1, 52),
(460, 'La Cumbre', 1, 76),
(461, 'La Dorada', 1, 17),
(462, 'La Esperanza', 1, 54),
(463, 'La Estrella', 1, 5),
(464, 'La Florida', 1, 52),
(465, 'La Gloria', 1, 20),
(466, 'La Jagua de Ibirico', 1, 20),
(467, 'La Jagua del Pilar', 1, 44),
(468, 'La Llanada', 1, 52),
(469, 'La Macarena', 1, 50),
(470, 'La Merced', 1, 17),
(471, 'La Mesa', 1, 25),
(472, 'La Montañita', 1, 18),
(473, 'La Palma', 1, 25),
(474, 'La Paz', 1, 68),
(475, 'La Paz (Robles)', 1, 20),
(476, 'La Peña', 1, 25),
(477, 'La Pintada', 1, 5),
(478, 'La Plata', 1, 41),
(479, 'La Playa', 1, 54),
(480, 'La Primavera', 1, 99),
(481, 'La Salina', 1, 85),
(482, 'La Sierra', 1, 19),
(483, 'La Tebaida', 1, 63),
(484, 'La Tola', 1, 52),
(485, 'La Unión', 1, 5),
(486, 'La Unión', 1, 52),
(487, 'La Unión', 1, 70),
(488, 'La Unión', 1, 76),
(489, 'La Uvita', 1, 15),
(490, 'La Vega', 1, 19),
(491, 'La Vega', 1, 25),
(492, 'La Victoria', 1, 15),
(493, 'La Victoria', 1, 17),
(494, 'La Victoria', 1, 76),
(495, 'La Virginia', 1, 66),
(496, 'Labateca', 1, 54),
(497, 'Labranzagrande', 1, 15),
(498, 'Landázuri', 1, 68),
(499, 'Lebrija', 1, 68),
(500, 'Leiva', 1, 52),
(501, 'Lejanías', 1, 50),
(502, 'Lenguazaque', 1, 25),
(503, 'Leticia', 1, 91),
(504, 'Liborina', 1, 5),
(505, 'Linares', 1, 52),
(506, 'Lloró', 1, 27),
(507, 'Lorica', 1, 23),
(508, 'Los Córdobas', 1, 23),
(509, 'Los Palmitos', 1, 70),
(510, 'Los Patios', 1, 54),
(511, 'Los Santos', 1, 68),
(512, 'Lourdes', 1, 54),
(513, 'Luruaco', 1, 8),
(514, 'Lérida', 1, 73),
(515, 'Líbano', 1, 73),
(516, 'López (Micay)', 1, 19),
(517, 'Macanal', 1, 15),
(518, 'Macaravita', 1, 68),
(519, 'Maceo', 1, 5),
(520, 'Machetá', 1, 25),
(521, 'Madrid', 1, 25),
(522, 'Magangué', 1, 13),
(523, 'Magüi (Payán)', 1, 52),
(524, 'Mahates', 1, 13),
(525, 'Maicao', 1, 44),
(526, 'Majagual', 1, 70),
(527, 'Malambo', 1, 8),
(528, 'Mallama (Piedrancha)', 1, 52),
(529, 'Manatí', 1, 8),
(530, 'Manaure', 1, 44),
(531, 'Manaure Balcón del Cesar', 1, 20),
(532, 'Manizales', 1, 17),
(533, 'Manta', 1, 25),
(534, 'Manzanares', 1, 17),
(535, 'Maní', 1, 85),
(536, 'Mapiripan', 1, 50),
(537, 'Margarita', 1, 13),
(538, 'Marinilla', 1, 5),
(539, 'Maripí', 1, 15),
(540, 'Mariquita', 1, 73),
(541, 'Marmato', 1, 17),
(542, 'Marquetalia', 1, 17),
(543, 'Marsella', 1, 66),
(544, 'Marulanda', 1, 17),
(545, 'María la Baja', 1, 13),
(546, 'Matanza', 1, 68),
(547, 'Medellín', 1, 5),
(548, 'Medina', 1, 25),
(549, 'Medio Atrato', 1, 27),
(550, 'Medio Baudó', 1, 27),
(551, 'Medio San Juan (ANDAGOYA)', 1, 27),
(552, 'Melgar', 1, 73),
(553, 'Mercaderes', 1, 19),
(554, 'Mesetas', 1, 50),
(555, 'Milán', 1, 18),
(556, 'Miraflores', 1, 15),
(557, 'Miraflores', 1, 95),
(558, 'Miranda', 1, 19),
(559, 'Mistrató', 1, 66),
(560, 'Mitú', 1, 97),
(561, 'Mocoa', 1, 86),
(562, 'Mogotes', 1, 68),
(563, 'Molagavita', 1, 68),
(564, 'Momil', 1, 23),
(565, 'Mompós', 1, 13),
(566, 'Mongua', 1, 15),
(567, 'Monguí', 1, 15),
(568, 'Moniquirá', 1, 15),
(569, 'Montebello', 1, 5),
(570, 'Montecristo', 1, 13),
(571, 'Montelíbano', 1, 23),
(572, 'Montenegro', 1, 63),
(573, 'Monteria', 1, 23),
(574, 'Monterrey', 1, 85),
(575, 'Morales', 1, 13),
(576, 'Morales', 1, 19),
(577, 'Morelia', 1, 18),
(578, 'Morroa', 1, 70),
(579, 'Mosquera', 1, 25),
(580, 'Mosquera', 1, 52),
(581, 'Motavita', 1, 15),
(582, 'Moñitos', 1, 23),
(583, 'Murillo', 1, 73),
(584, 'Murindó', 1, 5),
(585, 'Mutatá', 1, 5),
(586, 'Mutiscua', 1, 54),
(587, 'Muzo', 1, 15),
(588, 'Málaga', 1, 68),
(589, 'Nariño', 1, 5),
(590, 'Nariño', 1, 25),
(591, 'Nariño', 1, 52),
(592, 'Natagaima', 1, 73),
(593, 'Nechí', 1, 5),
(594, 'Necoclí', 1, 5),
(595, 'Neira', 1, 17),
(596, 'Neiva', 1, 41),
(597, 'Nemocón', 1, 25),
(598, 'Nilo', 1, 25),
(599, 'Nimaima', 1, 25),
(600, 'Nobsa', 1, 15),
(601, 'Nocaima', 1, 25),
(602, 'Norcasia', 1, 17),
(603, 'Norosí', 1, 13),
(604, 'Novita', 1, 27),
(605, 'Nueva Granada', 1, 47),
(606, 'Nuevo Colón', 1, 15),
(607, 'Nunchía', 1, 85),
(608, 'Nuquí', 1, 27),
(609, 'Nátaga', 1, 41),
(610, 'Obando', 1, 76),
(611, 'Ocamonte', 1, 68),
(612, 'Ocaña', 1, 54),
(613, 'Oiba', 1, 68),
(614, 'Oicatá', 1, 15),
(615, 'Olaya', 1, 5),
(616, 'Olaya Herrera', 1, 52),
(617, 'Onzaga', 1, 68),
(618, 'Oporapa', 1, 41),
(619, 'Orito', 1, 86),
(620, 'Orocué', 1, 85),
(621, 'Ortega', 1, 73),
(622, 'Ospina', 1, 52),
(623, 'Otanche', 1, 15),
(624, 'Ovejas', 1, 70),
(625, 'Pachavita', 1, 15),
(626, 'Pacho', 1, 25),
(627, 'Padilla', 1, 19),
(628, 'Paicol', 1, 41),
(629, 'Pailitas', 1, 20),
(630, 'Paime', 1, 25),
(631, 'Paipa', 1, 15),
(632, 'Pajarito', 1, 15),
(633, 'Palermo', 1, 41),
(634, 'Palestina', 1, 17),
(635, 'Palestina', 1, 41),
(636, 'Palmar', 1, 68),
(637, 'Palmar de Varela', 1, 8),
(638, 'Palmas del Socorro', 1, 68),
(639, 'Palmira', 1, 76),
(640, 'Palmito', 1, 70),
(641, 'Palocabildo', 1, 73),
(642, 'Pamplona', 1, 54),
(643, 'Pamplonita', 1, 54),
(644, 'Pandi', 1, 25),
(645, 'Panqueba', 1, 15),
(646, 'Paratebueno', 1, 25),
(647, 'Pasca', 1, 25),
(648, 'Patía (El Bordo)', 1, 19),
(649, 'Pauna', 1, 15),
(650, 'Paya', 1, 15),
(651, 'Paz de Ariporo', 1, 85),
(652, 'Paz de Río', 1, 15),
(653, 'Pedraza', 1, 47),
(654, 'Pelaya', 1, 20),
(655, 'Pensilvania', 1, 17),
(656, 'Peque', 1, 5),
(657, 'Pereira', 1, 66),
(658, 'Pesca', 1, 15),
(659, 'Peñol', 1, 5),
(660, 'Piamonte', 1, 19),
(661, 'Pie de Cuesta', 1, 68),
(662, 'Piedras', 1, 73),
(663, 'Piendamó', 1, 19),
(664, 'Pijao', 1, 63),
(665, 'Pijiño', 1, 47),
(666, 'Pinchote', 1, 68),
(667, 'Pinillos', 1, 13),
(668, 'Piojo', 1, 8),
(669, 'Pisva', 1, 15),
(670, 'Pital', 1, 41),
(671, 'Pitalito', 1, 41),
(672, 'Pivijay', 1, 47),
(673, 'Planadas', 1, 73),
(674, 'Planeta Rica', 1, 23),
(675, 'Plato', 1, 47),
(676, 'Policarpa', 1, 52),
(677, 'Polonuevo', 1, 8),
(678, 'Ponedera', 1, 8),
(679, 'Popayán', 1, 19),
(680, 'Pore', 1, 85),
(681, 'Potosí', 1, 52),
(682, 'Pradera', 1, 76),
(683, 'Prado', 1, 73),
(684, 'Providencia', 1, 52),
(685, 'Providencia', 1, 88),
(686, 'Pueblo Bello', 1, 20),
(687, 'Pueblo Nuevo', 1, 23),
(688, 'Pueblo Rico', 1, 66),
(689, 'Pueblorrico', 1, 5),
(690, 'Puebloviejo', 1, 47),
(691, 'Puente Nacional', 1, 68),
(692, 'Puerres', 1, 52),
(693, 'Puerto Asís', 1, 86),
(694, 'Puerto Berrío', 1, 5),
(695, 'Puerto Boyacá', 1, 15),
(696, 'Puerto Caicedo', 1, 86),
(697, 'Puerto Carreño', 1, 99),
(698, 'Puerto Colombia', 1, 8),
(699, 'Puerto Concordia', 1, 50),
(700, 'Puerto Escondido', 1, 23),
(701, 'Puerto Gaitán', 1, 50),
(702, 'Puerto Guzmán', 1, 86),
(703, 'Puerto Leguízamo', 1, 86),
(704, 'Puerto Libertador', 1, 23),
(705, 'Puerto Lleras', 1, 50),
(706, 'Puerto López', 1, 50),
(707, 'Puerto Nare', 1, 5),
(708, 'Puerto Nariño', 1, 91),
(709, 'Puerto Parra', 1, 68),
(710, 'Puerto Rico', 1, 18),
(711, 'Puerto Rico', 1, 50),
(712, 'Puerto Rondón', 1, 81),
(713, 'Puerto Salgar', 1, 25),
(714, 'Puerto Santander', 1, 54),
(715, 'Puerto Tejada', 1, 19),
(716, 'Puerto Triunfo', 1, 5),
(717, 'Puerto Wilches', 1, 68),
(718, 'Pulí', 1, 25),
(719, 'Pupiales', 1, 52),
(720, 'Puracé (Coconuco)', 1, 19),
(721, 'Purificación', 1, 73),
(722, 'Purísima', 1, 23),
(723, 'Pácora', 1, 17),
(724, 'Páez', 1, 15),
(725, 'Páez (Belalcazar)', 1, 19),
(726, 'Páramo', 1, 68),
(727, 'Quebradanegra', 1, 25),
(728, 'Quetame', 1, 25),
(729, 'Quibdó', 1, 27),
(730, 'Quimbaya', 1, 63),
(731, 'Quinchía', 1, 66),
(732, 'Quipama', 1, 15),
(733, 'Quipile', 1, 25),
(734, 'Ragonvalia', 1, 54),
(735, 'Ramiriquí', 1, 15),
(736, 'Recetor', 1, 85),
(737, 'Regidor', 1, 13),
(738, 'Remedios', 1, 5),
(739, 'Remolino', 1, 47),
(740, 'Repelón', 1, 8),
(741, 'Restrepo', 1, 50),
(742, 'Restrepo', 1, 76),
(743, 'Retiro', 1, 5),
(744, 'Ricaurte', 1, 25),
(745, 'Ricaurte', 1, 52),
(746, 'Rio Negro', 1, 68),
(747, 'Rioblanco', 1, 73),
(748, 'Riofrío', 1, 76),
(749, 'Riohacha', 1, 44),
(750, 'Risaralda', 1, 17),
(751, 'Rivera', 1, 41),
(752, 'Roberto Payán (San José)', 1, 52),
(753, 'Roldanillo', 1, 76),
(754, 'Roncesvalles', 1, 73),
(755, 'Rondón', 1, 15),
(756, 'Rosas', 1, 19),
(757, 'Rovira', 1, 73),
(758, 'Ráquira', 1, 15),
(759, 'Río Iró', 1, 27),
(760, 'Río Quito', 1, 27),
(761, 'Río Sucio', 1, 17),
(762, 'Río Viejo', 1, 13),
(763, 'Río de oro', 1, 20),
(764, 'Ríonegro', 1, 5),
(765, 'Ríosucio', 1, 27),
(766, 'Sabana de Torres', 1, 68),
(767, 'Sabanagrande', 1, 8),
(768, 'Sabanalarga', 1, 5),
(769, 'Sabanalarga', 1, 8),
(770, 'Sabanalarga', 1, 85),
(771, 'Sabanas de San Angel (SAN ANGEL)', 1, 47),
(772, 'Sabaneta', 1, 5),
(773, 'Saboyá', 1, 15),
(774, 'Sahagún', 1, 23),
(775, 'Saladoblanco', 1, 41),
(776, 'Salamina', 1, 17),
(777, 'Salamina', 1, 47),
(778, 'Salazar', 1, 54),
(779, 'Saldaña', 1, 73),
(780, 'Salento', 1, 63),
(781, 'Salgar', 1, 5),
(782, 'Samacá', 1, 15),
(783, 'Samaniego', 1, 52),
(784, 'Samaná', 1, 17),
(785, 'Sampués', 1, 70),
(786, 'San Agustín', 1, 41),
(787, 'San Alberto', 1, 20),
(788, 'San Andrés', 1, 68),
(789, 'San Andrés Sotavento', 1, 23),
(790, 'San Andrés de Cuerquía', 1, 5),
(791, 'San Antero', 1, 23),
(792, 'San Antonio', 1, 73),
(793, 'San Antonio de Tequendama', 1, 25),
(794, 'San Benito', 1, 68),
(795, 'San Benito Abad', 1, 70),
(796, 'San Bernardo', 1, 25),
(797, 'San Bernardo', 1, 52),
(798, 'San Bernardo del Viento', 1, 23),
(799, 'San Calixto', 1, 54),
(800, 'San Carlos', 1, 5),
(801, 'San Carlos', 1, 23),
(802, 'San Carlos de Guaroa', 1, 50),
(803, 'San Cayetano', 1, 25),
(804, 'San Cayetano', 1, 54),
(805, 'San Cristobal', 1, 13),
(806, 'San Diego', 1, 20),
(807, 'San Eduardo', 1, 15),
(808, 'San Estanislao', 1, 13),
(809, 'San Fernando', 1, 13),
(810, 'San Francisco', 1, 5),
(811, 'San Francisco', 1, 25),
(812, 'San Francisco', 1, 86),
(813, 'San Gíl', 1, 68),
(814, 'San Jacinto', 1, 13),
(815, 'San Jacinto del Cauca', 1, 13),
(816, 'San Jerónimo', 1, 5),
(817, 'San Joaquín', 1, 68),
(818, 'San José', 1, 17),
(819, 'San José de Miranda', 1, 68),
(820, 'San José de Montaña', 1, 5),
(821, 'San José de Pare', 1, 15),
(822, 'San José de Uré', 1, 23),
(823, 'San José del Fragua', 1, 18),
(824, 'San José del Guaviare', 1, 95),
(825, 'San José del Palmar', 1, 27),
(826, 'San Juan de Arama', 1, 50),
(827, 'San Juan de Betulia', 1, 70),
(828, 'San Juan de Nepomuceno', 1, 13),
(829, 'San Juan de Pasto', 1, 52),
(830, 'San Juan de Río Seco', 1, 25),
(831, 'San Juan de Urabá', 1, 5),
(832, 'San Juan del Cesar', 1, 44),
(833, 'San Juanito', 1, 50),
(834, 'San Lorenzo', 1, 52),
(835, 'San Luis', 1, 73),
(836, 'San Luís', 1, 5),
(837, 'San Luís de Gaceno', 1, 15),
(838, 'San Luís de Palenque', 1, 85),
(839, 'San Marcos', 1, 70),
(840, 'San Martín', 1, 20),
(841, 'San Martín', 1, 50),
(842, 'San Martín de Loba', 1, 13),
(843, 'San Mateo', 1, 15),
(844, 'San Miguel', 1, 68),
(845, 'San Miguel', 1, 86),
(846, 'San Miguel de Sema', 1, 15),
(847, 'San Onofre', 1, 70),
(848, 'San Pablo', 1, 13),
(849, 'San Pablo', 1, 52),
(850, 'San Pablo de Borbur', 1, 15),
(851, 'San Pedro', 1, 5),
(852, 'San Pedro', 1, 70),
(853, 'San Pedro', 1, 76),
(854, 'San Pedro de Cartago', 1, 52),
(855, 'San Pedro de Urabá', 1, 5),
(856, 'San Pelayo', 1, 23),
(857, 'San Rafael', 1, 5),
(858, 'San Roque', 1, 5),
(859, 'San Sebastián', 1, 19),
(860, 'San Sebastián de Buenavista', 1, 47),
(861, 'San Vicente', 1, 5),
(862, 'San Vicente del Caguán', 1, 18),
(863, 'San Vicente del Chucurí', 1, 68),
(864, 'San Zenón', 1, 47),
(865, 'Sandoná', 1, 52),
(866, 'Santa Ana', 1, 47),
(867, 'Santa Bárbara', 1, 5),
(868, 'Santa Bárbara', 1, 68),
(869, 'Santa Bárbara (Iscuandé)', 1, 52),
(870, 'Santa Bárbara de Pinto', 1, 47),
(871, 'Santa Catalina', 1, 13),
(872, 'Santa Fé de Antioquia', 1, 5),
(873, 'Santa Genoveva de Docorodó', 1, 27),
(874, 'Santa Helena del Opón', 1, 68),
(875, 'Santa Isabel', 1, 73),
(876, 'Santa Lucía', 1, 8),
(877, 'Santa Marta', 1, 47),
(878, 'Santa María', 1, 15),
(879, 'Santa María', 1, 41),
(880, 'Santa Rosa', 1, 13),
(881, 'Santa Rosa', 1, 19),
(882, 'Santa Rosa de Cabal', 1, 66),
(883, 'Santa Rosa de Osos', 1, 5),
(884, 'Santa Rosa de Viterbo', 1, 15),
(885, 'Santa Rosa del Sur', 1, 13),
(886, 'Santa Rosalía', 1, 99),
(887, 'Santa Sofía', 1, 15),
(888, 'Santana', 1, 15),
(889, 'Santander de Quilichao', 1, 19),
(890, 'Santiago', 1, 54),
(891, 'Santiago', 1, 86),
(892, 'Santo Domingo', 1, 5),
(893, 'Santo Tomás', 1, 8),
(894, 'Santuario', 1, 5),
(895, 'Santuario', 1, 66),
(896, 'Sapuyes', 1, 52),
(897, 'Saravena', 1, 81),
(898, 'Sardinata', 1, 54),
(899, 'Sasaima', 1, 25),
(900, 'Sativanorte', 1, 15),
(901, 'Sativasur', 1, 15),
(902, 'Segovia', 1, 5),
(903, 'Sesquilé', 1, 25),
(904, 'Sevilla', 1, 76),
(905, 'Siachoque', 1, 15),
(906, 'Sibaté', 1, 25),
(907, 'Sibundoy', 1, 86),
(908, 'Silos', 1, 54),
(909, 'Silvania', 1, 25),
(910, 'Silvia', 1, 19),
(911, 'Simacota', 1, 68),
(912, 'Simijaca', 1, 25),
(913, 'Simití', 1, 13),
(914, 'Sincelejo', 1, 70),
(915, 'Sincé', 1, 70),
(916, 'Sipí', 1, 27),
(917, 'Sitionuevo', 1, 47),
(918, 'Soacha', 1, 25),
(919, 'Soatá', 1, 15),
(920, 'Socha', 1, 15),
(921, 'Socorro', 1, 68),
(922, 'Socotá', 1, 15),
(923, 'Sogamoso', 1, 15),
(924, 'Solano', 1, 18),
(925, 'Soledad', 1, 8),
(926, 'Solita', 1, 18),
(927, 'Somondoco', 1, 15),
(928, 'Sonsón', 1, 5),
(929, 'Sopetrán', 1, 5),
(930, 'Soplaviento', 1, 13),
(931, 'Sopó', 1, 25),
(932, 'Sora', 1, 15),
(933, 'Soracá', 1, 15),
(934, 'Sotaquirá', 1, 15),
(935, 'Sotara (Paispamba)', 1, 19),
(936, 'Sotomayor (Los Andes)', 1, 52),
(937, 'Suaita', 1, 68),
(938, 'Suan', 1, 8),
(939, 'Suaza', 1, 41),
(940, 'Subachoque', 1, 25),
(941, 'Sucre', 1, 19),
(942, 'Sucre', 1, 68),
(943, 'Sucre', 1, 70),
(944, 'Suesca', 1, 25),
(945, 'Supatá', 1, 25),
(946, 'Supía', 1, 17),
(947, 'Suratá', 1, 68),
(948, 'Susa', 1, 25),
(949, 'Susacón', 1, 15),
(950, 'Sutamarchán', 1, 15),
(951, 'Sutatausa', 1, 25),
(952, 'Sutatenza', 1, 15),
(953, 'Suárez', 1, 19),
(954, 'Suárez', 1, 73),
(955, 'Sácama', 1, 85),
(956, 'Sáchica', 1, 15),
(957, 'Tabio', 1, 25),
(958, 'Tadó', 1, 27),
(959, 'Talaigua Nuevo', 1, 13),
(960, 'Tamalameque', 1, 20),
(961, 'Tame', 1, 81),
(962, 'Taminango', 1, 52),
(963, 'Tangua', 1, 52),
(964, 'Taraira', 1, 97),
(965, 'Tarazá', 1, 5),
(966, 'Tarqui', 1, 41),
(967, 'Tarso', 1, 5),
(968, 'Tasco', 1, 15),
(969, 'Tauramena', 1, 85),
(970, 'Tausa', 1, 25),
(971, 'Tello', 1, 41),
(972, 'Tena', 1, 25),
(973, 'Tenerife', 1, 47),
(974, 'Tenjo', 1, 25),
(975, 'Tenza', 1, 15),
(976, 'Teorama', 1, 54),
(977, 'Teruel', 1, 41),
(978, 'Tesalia', 1, 41),
(979, 'Tibacuy', 1, 25),
(980, 'Tibaná', 1, 15),
(981, 'Tibasosa', 1, 15),
(982, 'Tibirita', 1, 25),
(983, 'Tibú', 1, 54),
(984, 'Tierralta', 1, 23),
(985, 'Timaná', 1, 41),
(986, 'Timbiquí', 1, 19),
(987, 'Timbío', 1, 19),
(988, 'Tinjacá', 1, 15),
(989, 'Tipacoque', 1, 15),
(990, 'Tiquisio (Puerto Rico)', 1, 13),
(991, 'Titiribí', 1, 5),
(992, 'Toca', 1, 15),
(993, 'Tocaima', 1, 25),
(994, 'Tocancipá', 1, 25),
(995, 'Toguí', 1, 15),
(996, 'Toledo', 1, 5),
(997, 'Toledo', 1, 54),
(998, 'Tolú', 1, 70),
(999, 'Tolú Viejo', 1, 70),
(1000, 'Tona', 1, 68),
(1001, 'Topagá', 1, 15),
(1002, 'Topaipí', 1, 25),
(1003, 'Toribío', 1, 19),
(1004, 'Toro', 1, 76),
(1005, 'Tota', 1, 15),
(1006, 'Totoró', 1, 19),
(1007, 'Trinidad', 1, 85),
(1008, 'Trujillo', 1, 76),
(1009, 'Tubará', 1, 8),
(1010, 'Tuchín', 1, 23),
(1011, 'Tulúa', 1, 76),
(1012, 'Tumaco', 1, 52),
(1013, 'Tunja', 1, 15),
(1014, 'Tunungua', 1, 15),
(1015, 'Turbaco', 1, 13),
(1016, 'Turbaná', 1, 13),
(1017, 'Turbo', 1, 5),
(1018, 'Turmequé', 1, 15),
(1019, 'Tuta', 1, 15),
(1020, 'Tutasá', 1, 15),
(1021, 'Támara', 1, 85),
(1022, 'Támesis', 1, 5),
(1023, 'Túquerres', 1, 52),
(1024, 'Ubalá', 1, 25),
(1025, 'Ubaque', 1, 25),
(1026, 'Ubaté', 1, 25),
(1027, 'Ulloa', 1, 76),
(1028, 'Une', 1, 25),
(1029, 'Unguía', 1, 27),
(1030, 'Unión Panamericana (ÁNIMAS)', 1, 27),
(1031, 'Uramita', 1, 5),
(1032, 'Uribe', 1, 50),
(1033, 'Uribia', 1, 44),
(1034, 'Urrao', 1, 5),
(1035, 'Urumita', 1, 44),
(1036, 'Usiacuri', 1, 8),
(1037, 'Valdivia', 1, 5),
(1038, 'Valencia', 1, 23),
(1039, 'Valle de San José', 1, 68),
(1040, 'Valle de San Juan', 1, 73),
(1041, 'Valle del Guamuez', 1, 86),
(1042, 'Valledupar', 1, 20),
(1043, 'Valparaiso', 1, 5),
(1044, 'Valparaiso', 1, 18),
(1045, 'Vegachí', 1, 5),
(1046, 'Venadillo', 1, 73),
(1047, 'Venecia', 1, 5),
(1048, 'Venecia (Ospina Pérez)', 1, 25),
(1049, 'Ventaquemada', 1, 15),
(1050, 'Vergara', 1, 25),
(1051, 'Versalles', 1, 76),
(1052, 'Vetas', 1, 68),
(1053, 'Viani', 1, 25),
(1054, 'Vigía del Fuerte', 1, 5),
(1055, 'Vijes', 1, 76),
(1056, 'Villa Caro', 1, 54),
(1057, 'Villa Rica', 1, 19),
(1058, 'Villa de Leiva', 1, 15),
(1059, 'Villa del Rosario', 1, 54),
(1060, 'Villagarzón', 1, 86),
(1061, 'Villagómez', 1, 25),
(1062, 'Villahermosa', 1, 73),
(1063, 'Villamaría', 1, 17),
(1064, 'Villanueva', 1, 13),
(1065, 'Villanueva', 1, 44),
(1066, 'Villanueva', 1, 68),
(1067, 'Villanueva', 1, 85),
(1068, 'Villapinzón', 1, 25),
(1069, 'Villarrica', 1, 73),
(1070, 'Villavicencio', 1, 50),
(1071, 'Villavieja', 1, 41),
(1072, 'Villeta', 1, 25),
(1073, 'Viotá', 1, 25),
(1074, 'Viracachá', 1, 15),
(1075, 'Vista Hermosa', 1, 50),
(1076, 'Viterbo', 1, 17),
(1077, 'Vélez', 1, 68),
(1078, 'Yacopí', 1, 25),
(1079, 'Yacuanquer', 1, 52),
(1080, 'Yaguará', 1, 41),
(1081, 'Yalí', 1, 5),
(1082, 'Yarumal', 1, 5),
(1083, 'Yolombó', 1, 5),
(1084, 'Yondó (Casabe)', 1, 5),
(1085, 'Yopal', 1, 85),
(1086, 'Yotoco', 1, 76),
(1087, 'Yumbo', 1, 76),
(1088, 'Zambrano', 1, 13),
(1089, 'Zapatoca', 1, 68),
(1090, 'Zapayán (PUNTA DE PIEDRAS)', 1, 47),
(1091, 'Zaragoza', 1, 5),
(1092, 'Zarzal', 1, 76),
(1093, 'Zetaquirá', 1, 15),
(1094, 'Zipacón', 1, 25),
(1095, 'Zipaquirá', 1, 25),
(1096, 'Zona Bananera (PRADO - SEVILLA)', 1, 47),
(1097, 'Ábrego', 1, 54),
(1098, 'Íquira', 1, 41),
(1099, 'Úmbita', 1, 15),
(1100, 'Útica', 1, 25);

-- --------------------------------------------------------

--
-- Estructura de tabla para la tabla `perfiles`
--

CREATE TABLE `perfiles` (
  `id_perfil` int(11) NOT NULL,
  `nombre_perfil` varchar(50) NOT NULL
) ENGINE=InnoDB DEFAULT CHARSET=utf8mb4;

--
-- Volcado de datos para la tabla `perfiles`
--

INSERT INTO `perfiles` (`id_perfil`, `nombre_perfil`) VALUES
(1, 'ADMINISTRADOR'),
(2, 'ESTUDIANTE'),
(3, 'INSTRUCTOR'),
(4, 'ANALISTA');

-- --------------------------------------------------------

--
-- Estructura de tabla para la tabla `permisos`
--

CREATE TABLE `permisos` (
  `id_permiso` int(11) NOT NULL,
  `nombre_permiso` varchar(50) NOT NULL,
  `id_menu` int(11) DEFAULT NULL
) ENGINE=InnoDB DEFAULT CHARSET=utf8mb4;

--
-- Volcado de datos para la tabla `permisos`
--

INSERT INTO `permisos` (`id_permiso`, `nombre_permiso`, `id_menu`) VALUES
(1, 'ver_dashboard', 1),
(2, 'editar_usuarios', 2),
(3, 'Evaluaciones', 3),
(4, 'Evaluaciones pendientes', 4),
(5, 'Listar Examenes', 9),
(6, 'Listar modulo', 10),
(13, 'Cursos', 5),
(14, 'Usuarios', 6),
(15, 'Empresa', 7),
(16, 'Asignar examenes', 8),
(17, 'Listar usuarios', 12),
(18, 'Listar empresa', 14),
(19, 'Listar estudiantes', 13),
(20, 'Estudiantes', 11),
(21, 'Mis Estudiantes', 15),
(22, 'Cargue de Datos', 16),
(23, 'Cargue de Datos Excel', 17),
(24, 'Cargue Respuestas', 18),
(25, 'Criterio de Evaluación', 19),
(26, 'Instructores', 20),
(27, 'Listar Instructores', 21),
(28, 'Reportes', 22),
(29, 'Reportes Excel', 23);

-- --------------------------------------------------------

--
-- Estructura de tabla para la tabla `preguntas`
--

CREATE TABLE `preguntas` (
  `id_pregunta` int(11) NOT NULL,
  `id_modulo` int(11) DEFAULT NULL,
  `id_examen` int(11) DEFAULT NULL,
  `texto_pregunta` text,
  `imagen_url` varchar(255) DEFAULT NULL,
  `id_criterio` int(10) UNSIGNED NOT NULL DEFAULT '1',
  `orden` int(10) UNSIGNED NOT NULL DEFAULT '1'
) ENGINE=InnoDB DEFAULT CHARSET=utf8mb4;

--
-- Volcado de datos para la tabla `preguntas`
--

INSERT INTO `preguntas` (`id_pregunta`, `id_modulo`, `id_examen`, `texto_pregunta`, `imagen_url`, `id_criterio`, `orden`) VALUES
(1, 1, 1, '¿Cuál de los siguientes factores NO es un criterio que establece la presencia de un espacio confinado?', NULL, 1, 1),
(2, 1, 1, '¿Cuáles son los métodos para identificar la presencia de atmósferas tóxicas o explosivas dentro de un espacio confinado?', NULL, 1, 2),
(3, 1, 1, '¿Un espacio confinado con una pequeña abertura y atmosfera toxica, está categorizado como tipo __ y grado __?', NULL, 1, 3),
(4, 1, 1, '¿Qué peligro NO corresponde a una situación inminente que comprometa la vida o la salud de las personas en un espacio  confinado clasificado como grado A?', 'P114.png', 1, 4),
(5, 1, 1, 'En Colombia, ¿Cuáles son reconocidas como medidas preventivas para el trabajo en espacios confinados?', NULL, 1, 5),
(6, 1, 1, '¿Cuál de los siguientes elementos forma parte de las medidas de protección para  trabajos en espacios confinados?', NULL, 2, 6),
(7, 1, 1, '¿Cuál de los siguientes sistemas representa una medida de protección para trabajos en espacios confinados?', NULL, 2, 7),
(8, 1, 1, '¿Cuál de los siguientes elementos es el más adecuado para bloquear una energía peligrosa de una línea presurizada?', NULL, 2, 8),
(9, 1, 1, 'El control de acceso en los espacios confinados pertenece a:', NULL, 2, 9),
(10, 1, 1, '¿Qué elemento de los siguientes es una medida preventiva diseñada para salvaguardar al rescatista durante una operación de rescate?', NULL, 3, 10),
(11, 1, 2, '¿Cuál de los siguientes factores NO es un criterio que establece la presencia de un espacio confinado?', NULL, 1, 1),
(12, 1, 2, '¿Cuáles son los métodos para identificar la presencia de atmósferas tóxicas o explosivas dentro de un espacio confinado?', NULL, 1, 2),
(13, 1, 2, '¿Un espacio confinado con una pequeña abertura y atmosfera toxica, está', NULL, 1, 3),
(14, 1, 2, '¿Qué peligro NO corresponde a una situación inminente que comprometa la vida o la salud de las personas en un espacio  confinado clasificado como grado A?', NULL, 1, 4),
(15, 1, 2, 'En Colombia, ¿Cuáles son reconocidas como medidas preventivas para el trabajo en espacios confinados?', NULL, 1, 5),
(16, 1, 2, '¿Cuál de los siguientes elementos forma parte de las medidas de protección para  trabajos en espacios confinados?', NULL, 2, 6),
(17, 1, 2, '¿Cuál de los siguientes sistemas representa una medida de protección para trabajos en espacios confinados?', NULL, 2, 7),
(18, 1, 2, '¿Cuál de los siguientes elementos es el más adecuado para bloquear una energía peligrosa de una línea presurizada?', NULL, 2, 8),
(19, 1, 2, 'El control de acceso en los espacios confinados pertenece a: ', NULL, 2, 9),
(20, 1, 2, '¿Qué elemento de los siguientes es una medida preventiva diseñada para salvaguardar al rescatista durante una operación de rescate?', NULL, 3, 10),
(21, 2, 4, 'Para Colombia, ¿Cuál es la altura a la cual se considera una actividad como trabajos en altura?', NULL, 1, 1),
(22, 2, 4, '¿Cuáles son los trabajadores que están exentos de cumplir con la normativa colombiana sobre trabajos en altura?', NULL, 1, 2),
(23, 2, 4, '¿Cuál de las siguientes actividades NO está exenta de cumplir con la normativa colombiana sobre trabajos en altura?', NULL, 1, 3),
(24, 2, 4, 'De las siguientes imágenes, ¿Cuál NO representa un sistema de prevención contra caídas? ', NULL, 1, 4),
(25, 2, 4, '¿Para qué sirve una línea de vida fija?', NULL, 2, 5),
(26, 2, 4, 'Qué elemento garantiza el acceso más apropiado para el siguiente escenario: En una instalación industrial, se necesita realizar mantenimiento en una estructura elevada donde el acceso es difícil mediante escaleras debido a la altura y la complejidad del terreno.', NULL, 2, 6),
(27, 2, 4, 'Qué elemento me garantiza el acceso más apropiado para el siguiente escenario: Trabajo en postes de red de telecomunicaciones.', NULL, 2, 7),
(28, 2, 4, 'Las barandas, según las regulaciones colombianas, deben contar con una resistencia mínima de: ', NULL, 2, 8),
(29, 2, 4, '¿Cuál de los siguientes elementos corresponde a medidas preventivas destinadas a evitar la necesidad de realizar maniobras de rescate?', NULL, 3, 9),
(30, 2, 5, 'Para Colombia, ¿Cuál es la altura a la cual se considera una actividad como trabajos en altura?', NULL, 1, 1),
(31, 2, 5, '¿Cuáles son los trabajadores que están exentos de cumplir con la normativa colombiana sobre trabajos en altura?', NULL, 1, 2),
(32, 2, 5, '¿Cuál de las siguientes actividades NO está exenta de cumplir con la normativa colombiana sobre trabajos en altura?', NULL, 1, 3),
(33, 2, 5, 'De las siguientes imágenes, ¿Cuál NO representa un sistema de prevención contra caídas? ', NULL, 1, 4),
(34, 2, 5, '¿Para qué sirve una línea de vida fija?', NULL, 2, 5),
(35, 2, 5, 'Qué elemento garantiza el acceso más apropiado para el siguiente escenario: En una instalación industrial, se necesita realizar mantenimiento en una estructura elevada donde el acceso es difícil mediante escaleras debido a la altura y la complejidad del terreno.', NULL, 2, 6),
(36, 2, 5, 'Qué elemento me garantiza el acceso más apropiado para el siguiente escenario: Trabajo en postes de red de telecomunicaciones.', NULL, 2, 7),
(37, 2, 5, 'Las barandas, según las regulaciones colombianas, deben contar con una resistencia mínima de: ', NULL, 2, 8),
(38, 2, 5, '¿Cuál de los siguientes elementos corresponde a medidas preventivas destinadas a evitar la necesidad de realizar maniobras de rescate?', NULL, 3, 9),
(39, 3, 7, 'Cuáles son los tipos de corriente eléctrica', NULL, 1, 1),
(40, 3, 7, 'Cuál de las siguientes opciones describe correctamente los diferentes niveles de tensión en la electricidad', NULL, 1, 2),
(41, 3, 7, '¿Cuál de los siguientes factores se considera para clasificar áreas como peligrosas o de alto riesgo donde pueden generarse atmósferas potencialmente  explosivas?', NULL, 1, 3),
(42, 3, 7, 'Cuáles son los roles que define el RETIE', NULL, 1, 4),
(43, 3, 7, 'Qué consideraciones se deben tener en cuenta antes de realizar trabajos con peligros eléctricos', NULL, 1, 5),
(44, 3, 7, 'Cuáles son las 5 reglas de ORO', NULL, 2, 6),
(45, 3, 7, 'Qué se entiende por límite de aproximación técnica', NULL, 2, 7),
(46, 3, 7, 'Cuál de las siguientes expresiones es FALSA', NULL, 2, 8),
(47, 3, 7, 'Qué consideraciones se deben tener en cuenta después de realizar trabajos con peligros eléctricos', NULL, 2, 9),
(48, 3, 7, '¿Qué precaución se debe considerar antes de brindar ayuda en un accidente eléctrico?', NULL, 3, 10),
(49, 3, 8, 'Cuáles son los tipos de corriente eléctrica ', NULL, 1, 1),
(50, 3, 8, 'Cuál de las siguientes opciones describe correctamente los diferentes niveles de tensión en la electricidad', NULL, 1, 2),
(51, 3, 8, '¿Cuál de los siguientes factores se considera para clasificar áreas como peligrosas o de alto riesgo donde pueden generarse atmósferas potencialmente explosivas?', NULL, 1, 3),
(52, 3, 8, 'Cuáles son los roles que define el RETIE', NULL, 1, 4),
(53, 3, 8, 'Qué consideraciones se deben tener en cuenta antes de realizar trabajos con peligros eléctricos', NULL, 1, 5),
(54, 3, 8, 'Cuáles son las 5 reglas de ORO', NULL, 2, 6),
(55, 3, 8, 'Qué se entiende por límite de aproximación técnica', NULL, 2, 7),
(56, 3, 8, 'Cuál de las siguientes expresiones es FALSA', NULL, 2, 8),
(57, 3, 8, 'Qué consideraciones se deben tener en cuenta después de realizar trabajos con peligros eléctricos', NULL, 2, 9),
(58, 3, 8, '¿Qué precaución se debe considerar antes de brindar ayuda en un accidente eléctrico?', NULL, 3, 10),
(59, 1, 3, '¿Si no se ha clasificado un espacio confinado, se podría ingresar a realizar la actividad?', NULL, 4, 1),
(60, 1, 3, 'El trabajo a realizar ha sido planeado, se ha identificado todos los peligros y se ha elaborado el permiso el correspondiente, sin embargo, el vigía viene en camino. ¿Usted inicia el trabajo mientras llega el vigía?', NULL, 4, 2),
(61, 1, 3, 'En el espacio confinado se ha identificado una atmósfera con 15%  de oxígeno, ¿usted podrá ejecutar la actividad con un respirador media cara con cartucho?.', NULL, 4, 3),
(62, 1, 3, 'Usted va a ejecutar un trabajo en espacios confinados y debe decir cual es el paso a paso que aplicaría, ¿con cual de los siguientes pasos se alinea?', NULL, 4, 4),
(63, 1, 3, 'Identifica el tipo y grado del espacio confinado', NULL, 5, 5),
(64, 1, 3, ' Identifica los peligros asociados a la tarea y el entorno. ', NULL, 5, 6),
(65, 1, 3, 'Controla los riesgos asociados a los peligros del entorno.', NULL, 5, 7),
(66, 1, 3, 'Aplica procedimientos para selección, manipulación y almacenamiento de equipos para trabajo en espacios confinados.', NULL, 5, 8),
(67, 1, 3, 'Diligencia de forma adecuada el permiso de la organización.', NULL, 5, 9),
(68, 1, 3, 'Aplica procedimiento de comunicación en el espacio confinado', NULL, 5, 10),
(69, 1, 3, 'Se observa que la empresa ejecuta control sobre la vigencia de las certificaciones de los trabajadores (trabajador entrante, vigía, supervisor)', NULL, 6, 11),
(70, 1, 3, 'Se observa que la empresa ejecuta control sobre procedimientos (intervención, energías peligrosas, detección de gases, comunicación, etc.).', NULL, 6, 12),
(71, 1, 3, 'Se observa que la empresa ejecuta control sobre los equipos de protección y control para espacios confinados (verificación anual y estado de los equipos de protección según corresponda).', NULL, 6, 13),
(72, 1, 3, 'Se observa que la empresa cuenta con suficiencia en los equipos de protección y control para los diferentes escenarios de espacios confinados en la organización.', NULL, 6, 14),
(73, 1, 3, 'Se observa que la empresa cuenta con disponibilidad de recursos técnicos y humanos para la actuación y rescate ante una emergencia asociada a trabajo en espacios confinados..', NULL, 6, 15),
(74, 3, 9, 'Para trabajar sin tensión, es necesario aplicar las 5 reglas de oro. La medición de la ausencia de voltaje es necesaria hacerla solo en el punto de bloqueo, y no es necesario realizarla en el punto o tablero de trabajo.', NULL, 4, 1),
(75, 3, 9, 'Si usted está trabajando sin tensión en un tablero o punto, y es necesario realizar algún trabajo con tensión en otro punto o tablero. Usted puede alternar los trabajos siempre y cuando realice el permiso para trabajo con tensión.', NULL, 4, 2),
(76, 3, 9, 'Si usted está trabajando con un ayudante que no tiene CONTE. Este ayudante puede realizar trabajos sin tensión y trabajos con tensión, siempre y cuando usted esté a su lado en todo momento.', NULL, 4, 3),
(77, 3, 9, 'SI usted está trabajando sobre un poste a intemperie en un circuito de baja tensión, podrá continuar su trabajo a pesar de que haya presagios de lluvia o se perciba la presencia de lluvia en lugares cercanos si y solo si, realiza el trabajo sin tensión. ', NULL, 4, 4),
(78, 3, 9, 'Al trabajar dentro de una subestación eléctrica de media a baja tensión.  Usted podrá laborar en el seccionador de media tensión, solo con accionar este, sin necesidad de realizar la desconexión en los cortacircuitos externos ubicados en el poste (cañuelas).', NULL, 4, 5),
(79, 3, 9, 'Al trabajar dentro de una subestación eléctrica de media a baja tensión. Usted podrá trabajar sin casco de protección, si se identifica que no hay peligros de objetos que caigan en la parte superior:', NULL, 4, 6),
(80, 3, 9, 'Si un tablero eléctrico de potencia y control de una máquina tiene un transformador de 440V-110V para el control y este se daña. Se puede instalar una acometida de 110V directa para alimentar el control, sin incumplir requisitos legales ni incrementar el riesgo.', NULL, 4, 7),
(81, 3, 9, 'SI un breaker 100 amps cualesquiera falla. Este puede ser remplazado por un breaker de 125 amps, de forma permanente si no se tiene en el almacén de la misma capacidad.', NULL, 4, 8),
(82, 3, 9, 'Si un breaker trifásico, sufre una falla en una de sus fases. Se puede realizar un puenteo de la fase en cuestión sin incrementar el riesgo para el personal técnico u operativo.', NULL, 4, 9),
(83, 3, 9, 'Al maniobrar la palanca de un seccionador de media tensión, puede hacerlo sin los elementos de protección como botas y guantes dieléctricos, siempre y cuando la puerta del gabinete del seccionador esté cerrada.', NULL, 4, 10),
(84, 3, 9, 'Subestación. Aplica las 5 reglas de oro para poder trabajar en la celda del transformador. CRITERIOS: \nEl técnico debe demostrar que debe:\n• Colocarse todos los elementos de protección: Botas y guantes dieléctricos, mascarilla de protección facial, Casco dieléctrico.\n• Desnergizar el seccionador del transformador, debe \n• Desnergizar todos los breakers de baja tensión incluyendo la confirmación del breaker de transferencia automática lado normal si la hubiere.\n• Condenar el seccionador del transformador\n• Verificar la ausencia de tensión mediante herramienta de baja tensión luminoso y audible, con el uso de una pértiga.\n• Instalar con la pértiga el cortacircuito para la liberación de la energía residual \n• Señalizar', NULL, 5, 11),
(85, 3, 9, 'Subestación. Aplica las 5 reglas de oro para trabajar en la transferencia automática principal. CRITERIOS: \nEl técnico debe demostrar que debe:\n• Colocarse todos los elementos de protección: Botas y guantes dieléctricos, mascarilla de protección facial, Casco dieléctrico.\n• Debe desnergizar el seccionador del transformador y condenar\n• Debe apagar la planta de emergencia y condenar su arranque automático y manual.\n• Debe desnergizar los breakers de baja tensión en el tablero de distribución.\n• Debe medir ausencia de tensión salida de breaker principal normal.\n• Debe medir ausencia de tensión salida de breaker principal emergencia.\n• Debe aplicar la liberación de energía en la platina de cobre que une ambas líneas de suministro de energía.', NULL, 5, 12),
(86, 3, 9, 'Subestación. Aplica las 5 reglas de oro para trabajar en el todo el tablero de distribución de baja tensión.  CRITERIOS: \nEl técnico debe demostrar que debe:\n• Colocarse todos los elementos de protección: Botas y guantes dieléctricos, mascarilla de protección facial, Casco dieléctrico.\n• Debe desnergizar el seccionador del transformador y condenar\n• Debe apagar la planta de emergencia y condenar su arranque automático y manual.\n• Debe desnergizar los breakers de baja tensión en el tablero de distribución.\n• Debe medir ausencia de tensión salida de breaker principal normal.\n• Debe medir ausencia de tensión salida de breaker principal emergencia.\n• Debe aplicar la liberación de energía en la platina de cobre que une ambas líneas de suministro de energía.', NULL, 5, 13),
(87, 3, 9, 'Tablero de potencia en planta. Aplica las 5 reglas de oro para trabajar en el tablero de potencia en planta. CRITIERIOS: \nEl técnico debe demostrar que debe:\n• Colocarse todos los elementos de protección: Botas y guantes dieléctricos,  Casco dieléctrico.\n• Saber identificar el breaker en la subestación que alimenta el tablero, utilizando el diagrama unifilar.\n• Desenergizar el breaker correspondiente, condenar.\n• Medir ausencia de tensión parte debajo del breaker. Debe medir entre fases L1L2, L2L3, L1L3, L1 y tierra, L2 y tierra y L3 y tierra.\n• Debe medir ausencia de tensión en la entrada del tablero que va a intervenir.\n• Cortocircuitar en tablero que va a intervenir.\n• Señalizar el lugar de trabajo.', NULL, 5, 14),
(88, 3, 9, 'Procedimiento de trabajo seguro para el cambio de un motor eléctrico. Aplica las 5 reglas de oro y desmonta de cables eléctricos e instalación de cables eléctricos para nuevo motor de forma segura. CRITERIOS: \nEl técnico debe demostrar que debe:\n• Colocarse todos los elementos de protección: Botas y guantes dieléctricos,  Casco dieléctrico.\n• Saber identificar el breaker en el tablero que alimenta al motor, utilizando el diagrama unifilar.\n• Desenergizar el breaker correspondiente, condenar.\n• Medir ausencia de tensión parte debajo del breaker. Debe medir entre fases L1L2, L2L3, L1L3, L1 y tierra, L2 y tierra y L3 y tierra.\n• Intentar dar arranque al motor mediante su star stop o elemento de maniobra.\n• Debe medir ausencia de tensión en la entrada del motor a intervenir.\n• Cortocircuitar a la salida del breaker del motor  que va a intervenir.\n• Señalizar el lugar de trabajo.\n• Iniciar la desconexión con las líneas de fuerza y finalizar con el conductor a tierra\n• Para instalar al nuevo motor, iniciar con el conductor a tierra y posterior instalar las líneas de fuerza.', NULL, 5, 15),
(89, 3, 9, 'Procedimiento de trabajo seguro para el cambio de un breaker en tablero de distribución de baja tensión en subestación.   CRITERIOS: \nEl técnico debe demostrar que debe:\n• Colocarse todos los elementos de protección: Botas y guantes dieléctricos,  protección facial, Casco dieléctrico.\n• Saber identificar el breaker que va a cambiar utilizando el diagrama unifilar.\n• Desenergizar el breaker correspondiente, condenar.\n• Medir ausencia de tensión parte debajo del breaker. Debe medir entre fases L1L2, L2L3, L1L3, L1 y tierra, L2 y tierra y L3 y tierra.\n• Desnergizar todos los tableros que alimenta el breaker a cambiar.\n• Cortocircuitar a la salida del breaker que va a intervenir.\n• Señalizar el lugar de trabajo.\n• Con el uso de los guantes dieléctricos Iniciar la desconexión de las líneas debajo del breaker.\n• Desmontar el breaker correspondiente (si es posible)\n• Desconectar fase por fase y si es posible ir colocando la fase desconectada en el nuevo breaker\n• Montar el nuevo breaker\n• Instalar las líneas debajo del breaker.', NULL, 5, 16),
(90, 3, 9, 'Control sobre la vigencia de las certificaciones CONTE de los técnicos electricistas.', NULL, 6, 17),
(91, 3, 9, 'Control sobre la tenencia de dispositivos de condenación y etiquetado de todo tipo de breakers a todos los técnicos electricistas.', NULL, 6, 18),
(92, 3, 9, 'Control sobre la tenencia de dispositivos de medición de voltaje a todos los técnicos electricistas, acorde a los niveles de voltaje que maneja la organización.', NULL, 6, 19),
(93, 3, 9, 'Control sobre la verificación semestral en laboratorio de los guantes dieléctricos (acorde niveles de tensión de la organización).', NULL, 6, 20),
(94, 3, 9, ' Implementación de procedimiento de habilitación de técnicos electricistas que trabajan con tensión.', NULL, 6, 21),
(95, 3, 9, 'Capacitación en primeros auxilios y RCP para técnicos electricistas.', NULL, 6, 22),
(96, 3, 9, 'Disponibilidad de recursos técnicos y humanos para la actuación y rescate ante una emergencia asociada a trabajo con exposición de riesgo eléctrico. ', NULL, 6, 23),
(97, 2, 6, ' Al inspeccionar los EPCC, no encuentra evidencia de que el equipo haya sido verificado anualmente por una persona competente, aunque no detecta anomalías visibles en el equipo. ¿Decide utilizar el equipo para la tarea asignada?.', NULL, 4, 1),
(98, 2, 6, 'El trabajo ha sido planificado, todos los peligros han sido identificados y se ha elaborado el permiso correspondiente. Sin embargo, el coordinador de trabajo en alturas no está presente. Usted, ¿decide iniciar el trabajo mientras espera la llegada del coordinador para la firma?.', NULL, 4, 2),
(99, 2, 6, 'Para realizar un trabajo a una altura de aproximadamente 2.5 metros, usted no utiliza equipos de protección contra caídas, lo anterior porque considera que la altura es menor.', NULL, 4, 3),
(100, 2, 6, 'Usted va a ejecutar un trabajo en alturas y debe decir cual es el paso a paso que aplicaría, ¿con cual de los siguientes pasos se alinea?', NULL, 4, 4),
(101, 2, 6, 'Identifica los peligros asociados a la tarea y el entorno.', NULL, 5, 5),
(102, 2, 6, 'Controla los riesgos asociados a los peligros del entorno.', NULL, 5, 6),
(103, 2, 6, 'Selecciona e Inspecciona los EPCC de forma correcta.', NULL, 5, 7),
(104, 2, 6, 'Diligencia de forma adecuada el permiso de la organización.', NULL, 5, 8),
(105, 2, 6, 'Identifica, selecciona y usa*** el punto de anclaje de forma correcta', NULL, 5, 9),
(106, 2, 6, 'Se observa que la empresa ejecuta control sobre la vigencia de las certificaciones de los trabajadores (trabajador autorizado, coordinador de tsa)', NULL, 6, 10),
(107, 2, 6, 'Control sobre los equipos de protección contra caídas (verificación anual y estado de los equipos EPCC.', NULL, 6, 11),
(108, 2, 6, 'Se observa que la empresa tiene suficiencia de los tipos de equipos de protección contra caídas para los diferentes escenarios de trabajo en altura en la organización.', NULL, 6, 12),
(109, 2, 6, 'Se observa que la empresa mantiene control (verificación y listas de chequeo preoperacional) de los equipos para acceso (elevadores, escaleras fijas y portátiles, andamios).', NULL, 6, 13),
(110, 2, 6, 'se observa que la empresa cuenta con disponibilidad de recursos técnicos y humanos para la actuación y rescate ante una emergencia asociada a trabajo en alturas.', NULL, 6, 14);

-- --------------------------------------------------------

--
-- Estructura de tabla para la tabla `respuestas`
--

CREATE TABLE `respuestas` (
  `id_respuesta` int(11) NOT NULL,
  `id_pregunta` int(11) DEFAULT NULL,
  `id_modulo` int(11) DEFAULT NULL,
  `id_examen` int(11) DEFAULT NULL,
  `texto_respuesta` varchar(255) COLLATE utf8mb4_unicode_ci DEFAULT NULL,
  `correcta` int(11) DEFAULT NULL,
  `imagen_url` varchar(255) COLLATE utf8mb4_unicode_ci DEFAULT NULL,
  `orden` int(11) DEFAULT NULL
) ENGINE=InnoDB DEFAULT CHARSET=utf8mb4 COLLATE=utf8mb4_unicode_ci;

--
-- Volcado de datos para la tabla `respuestas`
--

INSERT INTO `respuestas` (`id_respuesta`, `id_pregunta`, `id_modulo`, `id_examen`, `texto_respuesta`, `correcta`, `imagen_url`, `orden`) VALUES
(1, 1, 1, 1, 'Que tengas accesos y salidas restringidas', 0, 'R1111.png', 1),
(2, 1, 1, 1, 'Que sea abierto en su parte superior', 1, 'R1112.png', 2),
(3, 1, 1, 1, 'Que no esté diseñado para la permanencia de una persona', 0, 'R1113.png', 3),
(4, 1, 1, 1, 'Que sea lo suficientemente grande para que un trabajador pueda entrar', 0, 'R1114.png', 4),
(5, 2, 1, 1, 'Utilizando equipos de respiración autónoma.', 0, NULL, 1),
(6, 2, 1, 1, 'Liberando un ave dentro del espacio.', 0, NULL, 2),
(7, 2, 1, 1, 'Realizando mediciones estratificadas.', 1, NULL, 3),
(8, 2, 1, 1, 'Todas las anteriores', 0, NULL, 4),
(9, 3, 1, 1, 'Tipo 1 Grado A', 0, NULL, 1),
(10, 3, 1, 1, 'Tipo 2 Grado A', 1, NULL, 2),
(11, 3, 1, 1, 'Grado 2 Tipo B', 0, NULL, 3),
(12, 3, 1, 1, 'Grado 2 Tipo C', 0, NULL, 4),
(13, 4, 1, 1, 'Falta de oxígeno.', 0, NULL, 1),
(14, 4, 1, 1, 'Presencia de gases tóxicos.', 0, NULL, 2),
(15, 4, 1, 1, 'Riesgo de incendio repentino.', 0, NULL, 3),
(16, 4, 1, 1, 'Peligros potenciales como lesiones y/o enfermedades.', 1, NULL, 4),
(17, 5, 1, 1, 'Medición de atmosferas, bloqueo y etiquetado, certificación de equipos', 0, NULL, 1),
(18, 5, 1, 1, 'Diseños de ingeniería, ventilación, análisis de riesgos.', 0, NULL, 2),
(19, 5, 1, 1, 'Señalización de área, bloqueo y etiquetado, control de acceso.', 1, NULL, 3),
(20, 5, 1, 1, 'Capacitación y entrenamiento, ventilación, monitoreo estratificado.', 0, NULL, 4),
(21, 6, 1, 1, 'Detector de atmósferas.', 0, NULL, 1),
(22, 6, 1, 1, 'Suministro de línea de aire.', 0, NULL, 2),
(23, 6, 1, 1, 'Arnés.', 0, NULL, 3),
(24, 6, 1, 1, 'Todas las opciones anteriores.', 1, NULL, 4),
(25, 7, 1, 1, 'Trípode', 0, NULL, 1),
(26, 7, 1, 1, 'Winche', 0, NULL, 2),
(27, 7, 1, 1, 'Ventilador', 1, NULL, 3),
(28, 7, 1, 1, 'Andamio', 0, NULL, 4),
(29, 8, 1, 1, 'Candado', 0, NULL, 1),
(30, 8, 1, 1, 'Torre de bloqueo', 0, NULL, 2),
(31, 8, 1, 1, 'Bloqueador de válvulas.', 1, NULL, 3),
(32, 8, 1, 1, 'Bloqueador de interruptores', 0, NULL, 4),
(33, 9, 1, 1, 'Medidas preventivas', 1, NULL, 1),
(34, 9, 1, 1, 'Elementos de emergencias', 0, NULL, 2),
(35, 9, 1, 1, 'Señalización y demarcación.', 0, NULL, 3),
(36, 9, 1, 1, 'Elementos de protección personal.', 0, NULL, 4),
(37, 10, 1, 1, 'Uso de equipos de autocontenido para el ingreso.', 0, NULL, 1),
(38, 10, 1, 1, 'Medición de atmosferas y ventilación.', 1, NULL, 2),
(39, 10, 1, 1, 'Extracción del trabajador expuesto.', 0, NULL, 3),
(40, 10, 1, 1, 'Llamado al cuerpo de bomberos.', 0, NULL, 4),
(41, 11, 1, 2, 'Que tengas accesos y salidas restringidas', 0, NULL, 1),
(42, 11, 1, 2, 'Que sea abierto en su parte superior', 1, NULL, 2),
(43, 11, 1, 2, 'Que no esté diseñado para la permanencia de una persona', 0, NULL, 3),
(44, 11, 1, 2, 'Que sea lo suficientemente grande para que un trabajador pueda entrar', 0, NULL, 4),
(45, 12, 1, 2, 'Utilizando equipos de respiración autónoma.', 0, NULL, 1),
(46, 12, 1, 2, 'Liberando un ave dentro del espacio.', 0, NULL, 2),
(47, 12, 1, 2, 'Realizando mediciones estratificadas.', 1, NULL, 3),
(48, 12, 1, 2, 'Todas las anteriores', 0, NULL, 4),
(49, 13, 1, 2, 'Tipo 1 Grado A', 0, NULL, 1),
(50, 13, 1, 2, 'Tipo 2 Grado A', 1, NULL, 2),
(51, 13, 1, 2, 'Grado 2 Tipo B', 0, NULL, 3),
(52, 13, 1, 2, 'Grado 2 Tipo C', 0, NULL, 4),
(53, 14, 1, 2, 'Falta de oxígeno.', 0, NULL, 1),
(54, 14, 1, 2, 'Presencia de gases tóxicos.', 0, NULL, 2),
(55, 14, 1, 2, 'Riesgo de incendio repentino.', 0, NULL, 3),
(56, 14, 1, 2, 'Peligros potenciales como lesiones y/o enfermedades.', 1, NULL, 4),
(57, 15, 1, 2, 'Medición de atmosferas, bloqueo y etiquetado, certificación de equipos', 0, NULL, 1),
(58, 15, 1, 2, 'Diseños de ingeniería, ventilación, análisis de riesgos.', 0, NULL, 2),
(59, 15, 1, 2, 'Señalización de área, bloqueo y etiquetado, control de acceso.', 1, NULL, 3),
(60, 15, 1, 2, 'Capacitación y entrenamiento, ventilación, monitoreo estratificado.', 0, NULL, 4),
(61, 16, 1, 2, 'Detector de atmósferas.', 0, NULL, 1),
(62, 16, 1, 2, 'Suministro de línea de aire.', 0, NULL, 2),
(63, 16, 1, 2, 'Arnés.', 0, NULL, 3),
(64, 16, 1, 2, 'Todas las opciones anteriores.', 1, NULL, 4),
(65, 17, 1, 2, 'Trípode', 0, NULL, 1),
(66, 17, 1, 2, 'Winche', 0, NULL, 2),
(67, 17, 1, 2, 'Ventilador', 1, NULL, 3),
(68, 17, 1, 2, 'Andamio', 0, NULL, 4),
(69, 18, 1, 2, 'Candado', 0, NULL, 1),
(70, 18, 1, 2, 'Torre de bloqueo', 0, NULL, 2),
(71, 18, 1, 2, 'Bloqueador de válvulas.', 1, NULL, 3),
(72, 18, 1, 2, 'Bloqueador de interruptores', 0, NULL, 4),
(73, 19, 1, 2, 'Medidas preventivas', 1, NULL, 1),
(74, 19, 1, 2, 'Elementos de emergencias', 0, NULL, 2),
(75, 19, 1, 2, 'Señalización y demarcación.', 0, NULL, 3),
(76, 19, 1, 2, 'Elementos de protección personal.', 0, NULL, 4),
(77, 20, 1, 2, 'Uso de equipos de autocontenido para el ingreso.', 0, NULL, 1),
(78, 20, 1, 2, 'Medición de atmosferas y ventilación.', 1, NULL, 2),
(79, 20, 1, 2, 'Extracción del trabajador expuesto.', 0, NULL, 3),
(80, 20, 1, 2, 'Llamado al cuerpo de bomberos.', 0, NULL, 4),
(81, 21, 2, 4, '1,20 mt.', 0, NULL, 1),
(82, 21, 2, 4, '1,50 mt.', 0, NULL, 2),
(83, 21, 2, 4, '2,00 mt.', 1, NULL, 3),
(84, 21, 2, 4, '1,80 mt.', 0, NULL, 4),
(85, 22, 2, 4, 'militares y policiales en acciones propias del servicio.', 1, NULL, 1),
(86, 22, 2, 4, 'Practicantes que realizan trabajos en altura', 0, NULL, 2),
(87, 22, 2, 4, 'Trabajadores extranjeros', 0, NULL, 3),
(88, 22, 2, 4, 'Gerentes y representantes legales', 0, NULL, 4),
(89, 23, 2, 4, 'Actividades deportivas, de alta montaña o andinismo.', 0, NULL, 1),
(90, 23, 2, 4, 'Desarrollo de actos lúdicos o artísticas.', 0, NULL, 2),
(91, 23, 2, 4, 'Actividades realizadas sobre animales.', 0, NULL, 3),
(92, 23, 2, 4, 'Actividades sobre mezanines sin barandajes', 1, NULL, 4),
(93, 24, 2, 4, 'Arnés', 1, NULL, 1),
(94, 24, 2, 4, 'Certificado de competencia', 0, NULL, 2),
(95, 24, 2, 4, 'Señalización', 0, NULL, 3),
(96, 24, 2, 4, 'Baranda', 0, NULL, 4),
(97, 25, 2, 4, 'Servir de punto de anclaje portátil', 0, NULL, 1),
(98, 25, 2, 4, 'Proteger al trabajador en un recorrido vertical u horizontal', 0, NULL, 2),
(99, 25, 2, 4, 'Estar disponible para una conexión permanente o temporal', 1, NULL, 3),
(100, 25, 2, 4, 'Recibir a un trabajador cuando este cae.', 0, NULL, 4),
(101, 26, 2, 4, 'Andamio colgante', 0, NULL, 1),
(102, 26, 2, 4, 'Escalera de plataforma', 0, NULL, 2),
(103, 26, 2, 4, 'Andamios multidireccionales', 0, NULL, 3),
(104, 26, 2, 4, 'Manlift', 1, NULL, 4),
(105, 27, 2, 4, 'Andamio colgante', 0, NULL, 1),
(106, 27, 2, 4, 'Escalera telescópica', 1, NULL, 2),
(107, 27, 2, 4, 'Pretales', 0, NULL, 3),
(108, 27, 2, 4, 'Escalera tipo gato', 0, NULL, 4),
(109, 28, 2, 4, '200 kg', 0, NULL, 1),
(110, 28, 2, 4, '200 lb', 1, NULL, 2),
(111, 28, 2, 4, '100 kg', 0, NULL, 3),
(112, 28, 2, 4, '100 lb', 0, NULL, 4),
(113, 29, 2, 4, 'Informar de las condiciones de salud.', 0, NULL, 1),
(114, 29, 2, 4, 'Reportar el deterioro de los EPCC.', 0, NULL, 2),
(115, 29, 2, 4, 'Capacitación y entrenamiento del personal.', 0, NULL, 3),
(116, 29, 2, 5, 'Todas las anteriores.', 1, NULL, 4),
(117, 30, 2, 5, '1,20 mt.', 0, NULL, 1),
(118, 30, 2, 5, '1,50 mt.', 0, NULL, 2),
(119, 30, 2, 5, '2,00 mt.', 1, NULL, 3),
(120, 30, 2, 5, '1,80 mt.', 0, NULL, 4),
(121, 31, 2, 5, 'militares y policiales en acciones propias del servicio.', 1, NULL, 1),
(122, 31, 2, 5, 'Practicantes que realizan trabajos en altura', 0, NULL, 2),
(123, 31, 2, 5, 'Trabajadores extranjeros', 0, NULL, 3),
(124, 31, 2, 5, 'Gerentes y representantes legales', 0, NULL, 4),
(125, 32, 2, 5, 'Actividades deportivas, de alta montaña o andinismo.', 0, NULL, 1),
(126, 32, 2, 5, 'Desarrollo de actos lúdicos o artísticas.', 0, NULL, 2),
(127, 32, 2, 5, 'Actividades realizadas sobre animales.', 0, NULL, 3),
(128, 32, 2, 5, 'Actividades sobre mezanines sin barandajes', 1, NULL, 4),
(129, 33, 2, 5, 'Arnés', 1, NULL, 1),
(130, 33, 2, 5, 'Certificado de competencia', 0, NULL, 2),
(131, 33, 2, 5, 'Señalización', 0, NULL, 3),
(132, 33, 2, 5, 'Baranda', 0, NULL, 4),
(133, 34, 2, 5, 'Servir de punto de anclaje portátil', 0, NULL, 1),
(134, 34, 2, 5, 'Proteger al trabajador en un recorrido vertical u horizontal', 0, NULL, 2),
(135, 34, 2, 5, 'Estar disponible para una conexión permanente o temporal', 1, NULL, 3),
(136, 34, 2, 5, 'Recibir a un trabajador cuando este cae.', 0, NULL, 4),
(137, 35, 2, 5, 'Andamio colgante', 0, NULL, 1),
(138, 35, 2, 5, 'Escalera de plataforma', 0, NULL, 2),
(139, 35, 2, 5, 'Andamios multidireccionales', 0, NULL, 3),
(140, 35, 2, 5, 'Manlift', 1, NULL, 4),
(141, 36, 2, 5, 'Andamio colgante', 0, NULL, 1),
(142, 36, 2, 5, 'Escalera telescópica', 1, NULL, 2),
(143, 36, 2, 5, 'Pretales', 0, NULL, 3),
(144, 36, 2, 5, 'Escalera tipo gato', 0, NULL, 4),
(145, 37, 2, 5, '200 kg', 0, NULL, 1),
(146, 37, 2, 5, '200 lb', 1, NULL, 2),
(147, 37, 2, 5, '100 kg', 0, NULL, 3),
(148, 37, 2, 5, '100 lb', 0, NULL, 4),
(149, 38, 2, 5, 'Informar de las condiciones de salud.', 0, NULL, 1),
(150, 38, 2, 5, 'Reportar el deterioro de los EPCC.', 0, NULL, 2),
(151, 38, 2, 5, 'Capacitación y entrenamiento del personal.', 0, NULL, 3),
(152, 38, 2, 5, 'Todas las anteriores.', 1, NULL, 4),
(153, 39, 3, 7, 'Corriente continua y corriente alterna', 1, NULL, 1),
(154, 39, 3, 7, 'Corriente eléctrica y corriente magnética', 0, NULL, 2),
(155, 39, 3, 7, 'Corriente constante y corriente intermitente', 0, NULL, 3),
(156, 39, 3, 7, 'Corriente positiva y corriente negativa', 0, NULL, 4),
(157, 40, 3, 7, 'Ultra alta tensión (UAT), super alta tensión (SAT), hiper alta tensión (HAT),tensión común (TC)', 0, NULL, 1),
(158, 40, 3, 7, 'Tensión moderada (TM), tensión común (TC), media tensión (MT), tensión baja(TB)', 0, NULL, 2),
(159, 40, 3, 7, 'Extra alta tensión (EAT), alta tensión (AT), media tensión (MT), baja tensión (BT), muy baja tensión (MBT)', 1, NULL, 3),
(160, 40, 3, 7, 'Ultra baja tensión (UBT), micro tensión (MT), nano tensión (NT)', 0, NULL, 4),
(161, 41, 3, 7, 'Color de las superficies en el área.', 0, NULL, 1),
(162, 41, 3, 7, 'Temperatura ambiente y presión atmosférica', 1, NULL, 2),
(163, 41, 3, 7, 'Tipo de iluminación utilizada en el área.', 0, NULL, 3),
(164, 41, 3, 7, 'Nivel de ruido en el entorno.', 0, NULL, 4),
(165, 42, 3, 7, 'Electricista, ingeniero eléctrico, persona competente.', 0, NULL, 1),
(166, 42, 3, 7, 'Persona calificada, electricista, trabajador con tensión.', 0, NULL, 2),
(167, 42, 3, 7, 'Personal no electricista, persona calificada, persona competente.', 1, NULL, 3),
(168, 42, 3, 7, 'Técnico en electricidad, persona calificada, personal no electricista.', 0, NULL, 4),
(169, 43, 3, 7, 'Proceder directamente con la tarea, realizar ATS, seleccionar EPP', 0, NULL, 1),
(170, 43, 3, 7, 'Diligenciar permiso de trabajo, identificar riesgos, realizar procedimiento en redes', 0, NULL, 2),
(171, 43, 3, 7, 'Ignorar advertencias, no identificar fuentes de energía, contar con KIT de bloqueo', 0, NULL, 3),
(172, 43, 3, 7, 'Planificación de la actividad, análisis de riesgo, selección de EPP, selección de herramientas, aplicar 5 reglas de oro.', 1, NULL, 4),
(173, 44, 3, 7, 'Desenergizar, bloqueo y etiquetado, verificar ausencia de tensión, puesta a tierra, delimitar la zona de trabajo.', 1, NULL, 1),
(174, 44, 3, 7, 'Asegurar el área, utilizar herramientas aisladas, puesta a tierra, ignorar los equipos de protección, comunicarse con colegas.', 0, NULL, 2),
(175, 44, 3, 7, 'Inspeccionar el área, usar equipo de protección personal, verificar tensiones, procedimientos de bloqueo, contar con un plan de emergencia.', 0, NULL, 3),
(176, 44, 3, 7, 'Utilizar herramientas, trabajar con supervisión, recibir formación adecuada, usar señalización de advertencia, seguir procedimientos de rescate.', 0, NULL, 4),
(177, 45, 3, 7, 'Distancia reducida con precauciones adicionales para trabajar', 0, NULL, 1),
(178, 45, 3, 7, 'Distancia mínima para evitar contacto accidental con componentes eléctricos', 1, NULL, 2),
(179, 45, 3, 7, 'Distancia segura para prevenir lesiones por arco eléctrico', 0, NULL, 3),
(180, 45, 3, 7, 'Zona donde personal no calificado puede ingresar bajo supervisión de un trabajador calificado', 0, NULL, 4),
(181, 46, 3, 7, 'Coordinar trabajos eléctricos con la persona encargada del control de la energización.', 0, NULL, 1),
(182, 46, 3, 7, 'Es opcional el uso de EPP para la medición y diagnóstico de circuitos eléctricos.', 1, NULL, 2),
(183, 46, 3, 7, 'Cada empresa debe tener procedimientos específicos para trabajos eléctricos,siguiendo los estándares RETIE.', 0, NULL, 3),
(184, 46, 3, 7, 'Se pueden realizar trabajos con tensión, priorizando siempre la seguridad de los trabajadores.', 0, NULL, 4),
(185, 47, 3, 7, 'Retiro de los trabajadores no esenciales, retiro de puestas a tierra y en cortocircuito, levantamiento de bloqueo.', 0, NULL, 1),
(186, 47, 3, 7, 'Conexión de puesta a tierra, luego el neutro y finalmente las fases', 0, NULL, 2),
(187, 47, 3, 7, 'Retiro de señalización, orden y aseo, limpieza y mantenimiento de EPP', 0, NULL, 3),
(188, 47, 3, 7, 'Todas las anteriores', 1, NULL, 4),
(189, 48, 3, 7, 'Desconectar la fuente de electricidad', 0, NULL, 1),
(190, 48, 3, 7, 'Seguir el plan de emergencias de su empresa', 0, NULL, 2),
(191, 48, 3, 7, 'Evaluar la escena para verificar que no haya peligro eléctrico continuo', 1, NULL, 3),
(192, 48, 3, 7, 'Esperar a la Brigada', 0, NULL, 4),
(193, 49, 3, 8, 'Corriente continua y corriente alterna', 1, NULL, 1),
(194, 49, 3, 8, 'Corriente eléctrica y corriente magnética', 0, NULL, 2),
(195, 49, 3, 8, 'Corriente constante y corriente intermitente', 0, NULL, 3),
(196, 49, 3, 8, 'Corriente positiva y corriente negativa', 0, NULL, 4),
(197, 50, 3, 8, 'Ultra alta tensión (UAT), super alta tensión (SAT), hiper alta tensión (HAT),tensión común (TC)', 0, NULL, 1),
(198, 50, 3, 8, 'Tensión moderada (TM), tensión común (TC), media tensión (MT), tensión baja(TB)', 0, NULL, 2),
(199, 50, 3, 8, 'Extra alta tensión (EAT), alta tensión (AT), media tensión (MT), baja tensión (BT), muy baja tensión (MBT)', 1, NULL, 3),
(200, 50, 3, 8, 'Ultra baja tensión (UBT), micro tensión (MT), nano tensión (NT)', 0, NULL, 4),
(201, 51, 3, 8, 'Color de las superficies en el área.', 0, NULL, 1),
(202, 51, 3, 8, 'Temperatura ambiente y presión atmosférica', 1, NULL, 2),
(203, 51, 3, 8, 'Tipo de iluminación utilizada en el área.', 0, NULL, 3),
(204, 51, 3, 8, 'Nivel de ruido en el entorno.', 0, NULL, 4),
(205, 52, 3, 8, 'Electricista, ingeniero eléctrico, persona competente.', 0, NULL, 1),
(206, 52, 3, 8, 'Persona calificada, electricista, trabajador con tensión.', 0, NULL, 2),
(207, 52, 3, 8, 'Personal no electricista, persona calificada, persona competente.', 1, NULL, 3),
(208, 52, 3, 8, 'Técnico en electricidad, persona calificada, personal no electricista.', 0, NULL, 4),
(209, 53, 3, 8, 'Proceder directamente con la tarea, realizar ATS, seleccionar EPP', 0, NULL, 1),
(210, 53, 3, 8, 'Diligenciar permiso de trabajo, identificar riesgos, realizar procedimiento en redes', 0, NULL, 2),
(211, 53, 3, 8, 'Ignorar advertencias, no identificar fuentes de energía, contar con KIT de bloqueo', 0, NULL, 3),
(212, 53, 3, 8, 'Planificación de la actividad, análisis de riesgo, selección de EPP, selección de herramientas, aplicar 5 reglas de oro.', 1, NULL, 4),
(213, 54, 3, 8, 'Desenergizar, bloqueo y etiquetado, verificar ausencia de tensión, puesta a tierra, delimitar la zona de trabajo.', 1, NULL, 1),
(214, 54, 3, 8, 'Asegurar el área, utilizar herramientas aisladas, puesta a tierra, ignorar los equipos de protección, comunicarse con colegas.', 0, NULL, 2),
(215, 54, 3, 8, 'Inspeccionar el área, usar equipo de protección personal, verificar tensiones, procedimientos de bloqueo, contar con un plan de emergencia.', 0, NULL, 3),
(216, 54, 3, 8, 'Utilizar herramientas, trabajar con supervisión, recibir formación adecuada, usar señalización de advertencia, seguir procedimientos de rescate.', 0, NULL, 4),
(217, 55, 3, 8, 'Distancia reducida con precauciones adicionales para trabajar', 0, NULL, 1),
(218, 55, 3, 8, 'Distancia mínima para evitar contacto accidental con componentes eléctricos', 1, NULL, 2),
(219, 55, 3, 8, 'Distancia segura para prevenir lesiones por arco eléctrico', 0, NULL, 3),
(220, 55, 3, 8, 'Zona donde personal no calificado puede ingresar bajo supervisión de un trabajador calificado', 0, NULL, 4),
(221, 56, 3, 8, 'Coordinar trabajos eléctricos con la persona encargada del control de la energización.', 0, NULL, 1),
(222, 56, 3, 8, 'Es opcional el uso de EPP para la medición y diagnóstico de circuitos eléctricos.', 1, NULL, 2),
(223, 56, 3, 8, 'Cada empresa debe tener procedimientos específicos para trabajos eléctricos, siguiendo los estándares RETIE.', 0, NULL, 3),
(224, 56, 3, 8, 'Se pueden realizar trabajos con tensión, priorizando siempre la seguridad de los trabajadores.', 0, NULL, 4),
(225, 57, 3, 8, 'Retiro de los trabajadores no esenciales, retiro de puestas a tierra y en cortocircuito, levantamiento de bloqueo.', 0, NULL, 1),
(226, 57, 3, 8, 'Conexión de puesta a tierra, luego el neutro y finalmente las fases', 0, NULL, 2),
(227, 57, 3, 8, 'Retiro de señalización, orden y aseo, limpieza y mantenimiento de EPP', 0, NULL, 3),
(228, 57, 3, 8, 'Todas las anteriores', 1, NULL, 4),
(229, 58, 3, 8, 'Desconectar la fuente de electricidad', 0, NULL, 1),
(230, 58, 3, 8, 'Seguir el plan de emergencias de su empresa', 0, NULL, 2),
(231, 58, 3, 8, 'Evaluar la escena para verificar que no haya peligro eléctrico continuo', 1, NULL, 3),
(232, 58, 3, 8, 'Esperar a la Brigada', 0, NULL, 4),
(233, 59, 1, 3, 'SI', 0, NULL, 1),
(234, 59, 1, 3, 'NO', 1, NULL, 2),
(235, 60, 1, 3, 'SI', 0, NULL, 1),
(236, 60, 1, 3, 'NO', 1, NULL, 2),
(237, 61, 1, 3, 'SI', 0, NULL, 1),
(238, 61, 1, 3, 'NO', 1, NULL, 2),
(239, 62, 1, 3, 'Identificación peligros-elaboración de permisos-ejecución tarea', 0, NULL, 1),
(240, 62, 1, 3, 'Planeación tarea – identificación peligros - verificación equipos - elaboración permisos - uso de elementos y equipos de protección - señalización - ejecución tarea', 1, NULL, 2),
(241, 63, 1, 3, 'SI', 1, NULL, 1),
(242, 63, 1, 3, 'NO', 0, NULL, 2),
(243, 64, 1, 3, 'SI', 1, NULL, 1),
(244, 64, 1, 3, 'NO', 0, NULL, 2),
(245, 65, 1, 3, 'SI', 1, NULL, 1),
(246, 65, 1, 3, 'NO', 0, NULL, 2),
(247, 66, 1, 3, 'SI', 1, NULL, 1),
(248, 66, 1, 3, 'NO', 0, NULL, 2),
(249, 67, 1, 3, 'SI', 1, NULL, 1),
(250, 67, 1, 3, 'NO', 0, NULL, 2),
(251, 68, 1, 3, 'SI', 1, NULL, 1),
(252, 68, 1, 3, 'NO', 0, NULL, 2),
(253, 69, 1, 3, 'SI', 1, NULL, 1),
(254, 69, 1, 3, 'NO', 0, NULL, 2),
(255, 70, 1, 3, 'SI', 1, NULL, 1),
(256, 70, 1, 3, 'NO', 0, NULL, 2),
(257, 71, 1, 3, 'SI', 1, NULL, 1),
(258, 71, 1, 3, 'NO', 0, NULL, 2),
(259, 72, 1, 3, 'SI', 1, NULL, 1),
(260, 72, 1, 3, 'NO', 0, NULL, 2),
(261, 73, 1, 3, 'SI', 1, NULL, 1),
(262, 73, 1, 3, 'NO', 0, NULL, 2),
(263, 74, 3, 9, 'SI', 1, NULL, 1),
(264, 74, 3, 9, 'NO', 0, NULL, 2),
(265, 75, 3, 9, 'SI', 1, NULL, 1),
(266, 75, 3, 9, 'NO', 0, NULL, 2),
(267, 76, 3, 9, 'SI', 1, NULL, 1),
(268, 76, 3, 9, 'NO', 0, NULL, 2),
(269, 77, 3, 9, 'SI', 1, NULL, 1),
(270, 77, 3, 9, 'NO', 0, NULL, 2),
(271, 78, 3, 9, 'SI', 1, NULL, 1),
(272, 78, 3, 9, 'NO', 0, NULL, 2),
(273, 79, 3, 9, 'SI', 1, NULL, 1),
(274, 79, 3, 9, 'NO', 0, NULL, 2),
(275, 80, 3, 9, 'SI', 1, NULL, 1),
(276, 80, 3, 9, 'NO', 0, NULL, 2),
(277, 81, 3, 9, 'SI', 1, NULL, 1),
(278, 81, 3, 9, 'NO', 0, NULL, 2),
(279, 82, 3, 9, 'SI', 1, NULL, 1),
(280, 82, 3, 9, 'NO', 0, NULL, 2),
(281, 83, 3, 9, 'SI', 1, NULL, 1),
(282, 83, 3, 9, 'NO', 0, NULL, 2),
(283, 84, 3, 9, 'SI', 1, NULL, 1),
(284, 84, 3, 9, 'NO', 0, NULL, 2),
(285, 85, 3, 9, 'SI', 1, NULL, 1),
(286, 85, 3, 9, 'NO', 0, NULL, 2),
(287, 86, 3, 9, 'SI', 1, NULL, 1),
(288, 86, 3, 9, 'NO', 0, NULL, 2),
(289, 87, 3, 9, 'SI', 1, NULL, 1),
(290, 87, 3, 9, 'NO', 0, NULL, 2),
(291, 88, 3, 9, 'SI', 1, NULL, 1),
(292, 88, 3, 9, 'NO', 0, NULL, 2),
(293, 89, 3, 9, 'SI', 1, NULL, 1),
(294, 89, 3, 9, 'NO', 0, NULL, 2),
(295, 90, 3, 9, 'SI', 1, NULL, 1),
(296, 90, 3, 9, 'NO', 0, NULL, 2),
(297, 91, 3, 9, 'SI', 1, NULL, 1),
(298, 91, 3, 9, 'NO', 0, NULL, 2),
(299, 92, 3, 9, 'SI', 1, NULL, 1),
(300, 92, 3, 9, 'NO', 0, NULL, 2),
(301, 93, 3, 9, 'SI', 1, NULL, 1),
(302, 93, 3, 9, 'NO', 0, NULL, 2),
(303, 94, 3, 9, 'SI', 1, NULL, 1),
(304, 94, 3, 9, 'NO', 0, NULL, 2),
(305, 95, 3, 9, 'SI', 1, NULL, 1),
(306, 95, 3, 9, 'NO', 0, NULL, 2),
(307, 96, 3, 9, 'SI', 1, NULL, 1),
(308, 96, 3, 9, 'NO', 0, NULL, 2),
(309, 97, 2, 6, 'SI', 1, NULL, 1),
(310, 97, 2, 6, 'NO', 0, NULL, 2),
(311, 98, 2, 6, 'SI', 1, NULL, 1),
(312, 98, 2, 6, 'NO', 0, NULL, 2),
(313, 99, 2, 6, 'SI', 1, NULL, 1),
(314, 99, 2, 6, 'NO', 0, NULL, 2),
(315, 100, 2, 6, 'Identificación peligros-elaboración de permisos-ejecución tarea', 0, NULL, 1),
(316, 100, 2, 6, 'Planeación tarea – Identificación peligros-Verificación equipos-elaboración permisos-colocarse los EPCC-Señalización-Ejecución tarea', 1, NULL, 2),
(317, 101, 2, 6, 'SI', 1, NULL, 1),
(318, 101, 2, 6, 'NO', 0, NULL, 2),
(319, 102, 2, 6, 'SI', 1, NULL, 1),
(320, 102, 2, 6, 'NO', 0, NULL, 2),
(321, 103, 2, 6, 'SI', 1, NULL, 1),
(322, 103, 2, 6, 'NO', 0, NULL, 2),
(323, 104, 2, 6, 'SI', 1, NULL, 1),
(324, 104, 2, 6, 'NO', 0, NULL, 2),
(325, 105, 2, 6, 'SI', 1, NULL, 1),
(326, 105, 2, 6, 'NO', 0, NULL, 2),
(327, 106, 2, 6, 'SI', 1, NULL, 1),
(328, 106, 2, 6, 'NO', 0, NULL, 2),
(329, 107, 2, 6, 'SI', 1, NULL, 1),
(330, 107, 2, 6, 'NO', 0, NULL, 2),
(331, 108, 2, 6, 'SI', 1, NULL, 1),
(332, 108, 2, 6, 'NO', 0, NULL, 2),
(333, 109, 2, 6, 'SI', 1, NULL, 1),
(334, 109, 2, 6, 'NO', 0, NULL, 2),
(335, 110, 2, 6, 'SI', 1, NULL, 1),
(336, 110, 2, 6, 'NO', 0, NULL, 2);

-- --------------------------------------------------------

--
-- Estructura de tabla para la tabla `respuestas_estudiantes`
--

CREATE TABLE `respuestas_estudiantes` (
  `id_respuesta_estudiante` int(11) NOT NULL,
  `id_estudiante` int(11) DEFAULT NULL,
  `id_moludo` int(11) DEFAULT NULL,
  `id_examen` int(11) DEFAULT NULL,
  `respuestas_correctas` int(11) DEFAULT NULL,
  `respuestas_incorrectas` int(11) DEFAULT NULL,
  `total_preguntas` int(11) DEFAULT NULL,
  `porcentaje` float DEFAULT NULL,
  `fecha_realizacion` timestamp NULL DEFAULT NULL
) ENGINE=InnoDB DEFAULT CHARSET=utf8mb4;

-- --------------------------------------------------------

--
-- Estructura de tabla para la tabla `respuestas_evaluador`
--

CREATE TABLE `respuestas_evaluador` (
  `id_respuestas` int(11) NOT NULL,
  `id_examen` int(11) DEFAULT NULL,
  `id_estudiante` int(11) NOT NULL,
  `total_preguntas` int(11) DEFAULT NULL,
  `porcentaje` double DEFAULT NULL,
  `fecha_realizado` timestamp NULL DEFAULT NULL
) ENGINE=InnoDB DEFAULT CHARSET=utf8 COLLATE=utf8_unicode_ci;

-- --------------------------------------------------------

--
-- Estructura de tabla para la tabla `respuestas_instructor`
--

CREATE TABLE `respuestas_instructor` (
  `id_respuestas` int(11) NOT NULL,
  `id_modulo` int(11) DEFAULT NULL,
  `id_examen` int(11) DEFAULT NULL,
  `id_estudiante` int(11) NOT NULL,
  `total_preguntas` int(11) DEFAULT NULL,
  `porcentaje` double DEFAULT NULL,
  `porcentaje_empresa` int(11) NOT NULL,
  `fecha_realizado` timestamp NULL DEFAULT NULL,
  `id_instructor` int(11) DEFAULT NULL
) ENGINE=InnoDB DEFAULT CHARSET=utf8mb4 COLLATE=utf8mb4_unicode_ci;

-- --------------------------------------------------------

--
-- Estructura de tabla para la tabla `resp_estudiante_detalle`
--

CREATE TABLE `resp_estudiante_detalle` (
  `id` int(11) NOT NULL,
  `id_modulo` int(11) DEFAULT NULL,
  `id_examen` int(11) DEFAULT NULL,
  `id_pregunta` int(11) DEFAULT NULL,
  `id_respuesta` int(11) DEFAULT NULL,
  `correcta` int(11) DEFAULT NULL,
  `id_estudiante` int(11) DEFAULT NULL
) ENGINE=InnoDB DEFAULT CHARSET=utf8mb4 COLLATE=utf8mb4_unicode_ci;

-- --------------------------------------------------------

--
-- Estructura de tabla para la tabla `salones`
--

CREATE TABLE `salones` (
  `id` int(11) NOT NULL,
  `descripcion` varchar(255) COLLATE utf8mb4_unicode_ci NOT NULL,
  `capacidad` int(11) DEFAULT '20',
  `regional` int(10) UNSIGNED NOT NULL,
  `ciudad` int(10) UNSIGNED NOT NULL
) ENGINE=InnoDB DEFAULT CHARSET=utf8mb4 COLLATE=utf8mb4_unicode_ci;

--
-- Volcado de datos para la tabla `salones`
--

INSERT INTO `salones` (`id`, `descripcion`, `capacidad`, `regional`, `ciudad`) VALUES
(1, 'Salón 01', 20, 5, 1),
(2, 'Salón 01', 20, 50, 2),
(3, 'Salón 01', 20, 27, 3),
(4, 'Salón 01', 20, 41, 4),
(5, 'Salón 01', 20, 13, 5),
(6, 'Salón 01', 20, 41, 6),
(7, 'Salón 01', 20, 25, 7),
(8, 'Salón 01', 20, 20, 8),
(9, 'Salón 01', 20, 68, 9),
(10, 'Salón 01', 20, 17, 10),
(11, 'Salón 01', 20, 85, 11),
(12, 'Salón 01', 20, 20, 12),
(13, 'Salón 01', 20, 41, 13),
(14, 'Salón 01', 20, 18, 14),
(15, 'Salón 01', 20, 44, 15),
(16, 'Salón 01', 20, 68, 16),
(17, 'Salón 01', 20, 25, 17),
(18, 'Salón 01', 20, 52, 18),
(19, 'Salón 01', 20, 76, 19),
(20, 'Salón 01', 20, 5, 20),
(21, 'Salón 01', 20, 47, 21),
(22, 'Salón 01', 20, 41, 22),
(23, 'Salón 01', 20, 19, 23),
(24, 'Salón 01', 20, 15, 24),
(25, 'Salón 01', 20, 73, 25),
(26, 'Salón 01', 20, 41, 26),
(27, 'Salón 01', 20, 27, 27),
(28, 'Salón 01', 20, 13, 28),
(29, 'Salón 01', 20, 73, 29),
(30, 'Salón 01', 20, 5, 30),
(31, 'Salón 01', 20, 5, 31),
(32, 'Salón 01', 20, 73, 32),
(33, 'Salón 01', 20, 25, 33),
(34, 'Salón 01', 20, 52, 34),
(35, 'Salón 01', 20, 76, 35),
(36, 'Salón 01', 20, 5, 36),
(37, 'Salón 01', 20, 5, 37),
(38, 'Salón 01', 20, 5, 38),
(39, 'Salón 01', 20, 25, 39),
(40, 'Salón 01', 20, 5, 40),
(41, 'Salón 01', 20, 17, 41),
(42, 'Salón 01', 20, 76, 42),
(43, 'Salón 01', 20, 73, 43),
(44, 'Salón 01', 20, 5, 44),
(45, 'Salón 01', 20, 5, 45),
(46, 'Salón 01', 20, 25, 46),
(47, 'Salón 01', 20, 66, 47),
(48, 'Salón 01', 20, 15, 48),
(49, 'Salón 01', 20, 47, 49),
(50, 'Salón 01', 20, 17, 50),
(51, 'Salón 01', 20, 68, 51),
(52, 'Salón 01', 20, 81, 52),
(53, 'Salón 01', 20, 81, 53),
(54, 'Salón 01', 20, 25, 54),
(55, 'Salón 01', 20, 52, 55),
(56, 'Salón 01', 20, 54, 56),
(57, 'Salón 01', 20, 5, 57),
(58, 'Salón 01', 20, 15, 58),
(59, 'Salón 01', 20, 13, 59),
(60, 'Salón 01', 20, 5, 60),
(61, 'Salón 01', 20, 19, 61),
(62, 'Salón 01', 20, 76, 62),
(63, 'Salón 01', 20, 47, 63),
(64, 'Salón 01', 20, 13, 64),
(65, 'Salón 01', 20, 5, 65),
(66, 'Salón 01', 20, 63, 66),
(67, 'Salón 01', 20, 73, 67),
(68, 'Salón 01', 20, 13, 68),
(69, 'Salón 01', 20, 20, 69),
(70, 'Salón 01', 20, 73, 70),
(71, 'Salón 01', 20, 27, 71),
(72, 'Salón 01', 20, 23, 72),
(73, 'Salón 01', 20, 27, 73),
(74, 'Salón 01', 20, 27, 74),
(75, 'Salón 01', 20, 27, 75),
(76, 'Salón 01', 20, 19, 76),
(77, 'Salón 01', 20, 66, 77),
(78, 'Salón 01', 20, 8, 78),
(79, 'Salón 01', 20, 41, 79),
(80, 'Salón 01', 20, 52, 80),
(81, 'Salón 01', 20, 5, 81),
(82, 'Salón 01', 20, 68, 82),
(83, 'Salón 01', 20, 68, 83),
(84, 'Salón 01', 20, 50, 84),
(85, 'Salón 01', 20, 68, 85),
(86, 'Salón 01', 20, 44, 86),
(87, 'Salón 01', 20, 13, 87),
(88, 'Salón 01', 20, 8, 88),
(89, 'Salón 01', 20, 20, 89),
(90, 'Salón 01', 20, 17, 90),
(91, 'Salón 01', 20, 5, 91),
(92, 'Salón 01', 20, 5, 92),
(93, 'Salón 01', 20, 25, 93),
(94, 'Salón 01', 20, 15, 94),
(95, 'Salón 01', 20, 52, 95),
(96, 'Salón 01', 20, 27, 96),
(97, 'Salón 01', 20, 66, 97),
(98, 'Salón 01', 20, 18, 98),
(99, 'Salón 01', 20, 15, 99),
(100, 'Salón 01', 20, 5, 100),
(101, 'Salón 01', 20, 15, 101),
(102, 'Salón 01', 20, 5, 102),
(103, 'Salón 01', 20, 68, 103),
(104, 'Salón 01', 20, 25, 104),
(105, 'Salón 01', 20, 15, 105),
(106, 'Salón 01', 20, 54, 106),
(107, 'Salón 01', 20, 11, 107),
(108, 'Salón 01', 20, 25, 108),
(109, 'Salón 01', 20, 27, 109),
(110, 'Salón 01', 20, 5, 110),
(111, 'Salón 01', 20, 19, 111),
(112, 'Salón 01', 20, 68, 112),
(113, 'Salón 01', 20, 76, 113),
(114, 'Salón 01', 20, 20, 114),
(115, 'Salón 01', 20, 15, 115),
(116, 'Salón 01', 20, 5, 116),
(117, 'Salón 01', 20, 15, 117),
(118, 'Salón 01', 20, 68, 118),
(119, 'Salón 01', 20, 54, 119),
(120, 'Salón 01', 20, 76, 120),
(121, 'Salón 01', 20, 15, 121),
(122, 'Salón 01', 20, 23, 122),
(123, 'Salón 01', 20, 63, 123),
(124, 'Salón 01', 20, 70, 124),
(125, 'Salón 01', 20, 19, 125),
(126, 'Salón 01', 20, 52, 126),
(127, 'Salón 01', 20, 76, 127),
(128, 'Salón 01', 20, 76, 128),
(129, 'Salón 01', 20, 5, 129),
(130, 'Salón 01', 20, 15, 130),
(131, 'Salón 01', 20, 25, 131),
(132, 'Salón 01', 20, 68, 132),
(133, 'Salón 01', 20, 50, 133),
(134, 'Salón 01', 20, 25, 134),
(135, 'Salón 01', 20, 5, 135),
(136, 'Salón 01', 20, 76, 136),
(137, 'Salón 01', 20, 70, 137),
(138, 'Salón 01', 20, 73, 138),
(139, 'Salón 01', 20, 19, 139),
(140, 'Salón 01', 20, 25, 140),
(141, 'Salón 01', 20, 13, 141),
(142, 'Salón 01', 20, 95, 142),
(143, 'Salón 01', 20, 63, 143),
(144, 'Salón 01', 20, 5, 144),
(145, 'Salón 01', 20, 15, 145),
(146, 'Salón 01', 20, 19, 146),
(147, 'Salón 01', 20, 68, 147),
(148, 'Salón 01', 20, 76, 148),
(149, 'Salón 01', 20, 19, 149),
(150, 'Salón 01', 20, 76, 150),
(151, 'Salón 01', 20, 5, 151),
(152, 'Salón 01', 20, 8, 152),
(153, 'Salón 01', 20, 41, 153),
(154, 'Salón 01', 20, 15, 154),
(155, 'Salón 01', 20, 23, 155),
(156, 'Salón 01', 20, 8, 156),
(157, 'Salón 01', 20, 76, 157),
(158, 'Salón 01', 20, 13, 158),
(159, 'Salón 01', 20, 27, 159),
(160, 'Salón 01', 20, 25, 160),
(161, 'Salón 01', 20, 68, 161),
(162, 'Salón 01', 20, 5, 162),
(163, 'Salón 01', 20, 5, 163),
(164, 'Salón 01', 20, 68, 164),
(165, 'Salón 01', 20, 5, 165),
(166, 'Salón 01', 20, 73, 166),
(167, 'Salón 01', 20, 25, 167),
(168, 'Salón 01', 20, 5, 168),
(169, 'Salón 01', 20, 27, 169),
(170, 'Salón 01', 20, 5, 170),
(171, 'Salón 01', 20, 13, 171),
(172, 'Salón 01', 20, 18, 172),
(173, 'Salón 01', 20, 76, 173),
(174, 'Salón 01', 20, 97, 174),
(175, 'Salón 01', 20, 73, 175),
(176, 'Salón 01', 20, 50, 176),
(177, 'Salón 01', 20, 5, 177),
(178, 'Salón 01', 20, 5, 178),
(179, 'Salón 01', 20, 68, 179),
(180, 'Salón 01', 20, 23, 180),
(181, 'Salón 01', 20, 15, 181),
(182, 'Salón 01', 20, 68, 182),
(183, 'Salón 01', 20, 47, 183),
(184, 'Salón 01', 20, 52, 184),
(185, 'Salón 01', 20, 25, 185),
(186, 'Salón 01', 20, 70, 186),
(187, 'Salón 01', 20, 73, 187),
(188, 'Salón 01', 20, 68, 188),
(189, 'Salón 01', 20, 68, 189),
(190, 'Salón 01', 20, 5, 190),
(191, 'Salón 01', 20, 68, 191),
(192, 'Salón 01', 20, 20, 192),
(193, 'Salón 01', 20, 23, 193),
(194, 'Salón 01', 20, 15, 194),
(195, 'Salón 01', 20, 17, 195),
(196, 'Salón 01', 20, 54, 196),
(197, 'Salón 01', 20, 23, 197),
(198, 'Salón 01', 20, 25, 198),
(199, 'Salón 01', 20, 68, 199),
(200, 'Salón 01', 20, 15, 200),
(201, 'Salón 01', 20, 20, 201),
(202, 'Salón 01', 20, 15, 202),
(203, 'Salón 01', 20, 15, 203),
(204, 'Salón 01', 20, 54, 204),
(205, 'Salón 01', 20, 15, 205),
(206, 'Salón 01', 20, 15, 206),
(207, 'Salón 01', 20, 47, 207),
(208, 'Salón 01', 20, 25, 208),
(209, 'Salón 01', 20, 25, 209),
(210, 'Salón 01', 20, 85, 210),
(211, 'Salón 01', 20, 25, 211),
(212, 'Salón 01', 20, 15, 212),
(213, 'Salón 01', 20, 15, 213),
(214, 'Salón 01', 20, 13, 214),
(215, 'Salón 01', 20, 68, 215),
(216, 'Salón 01', 20, 63, 216),
(217, 'Salón 01', 20, 5, 217),
(218, 'Salón 01', 20, 15, 218),
(219, 'Salón 01', 20, 47, 219),
(220, 'Salón 01', 20, 23, 220),
(221, 'Salón 01', 20, 13, 221),
(222, 'Salón 01', 20, 5, 222),
(223, 'Salón 01', 20, 73, 223),
(224, 'Salón 01', 20, 25, 224),
(225, 'Salón 01', 20, 41, 225),
(226, 'Salón 01', 20, 70, 226),
(227, 'Salón 01', 20, 86, 227),
(228, 'Salón 01', 20, 52, 228),
(229, 'Salón 01', 20, 5, 229),
(230, 'Salón 01', 20, 68, 230),
(231, 'Salón 01', 20, 5, 231),
(232, 'Salón 01', 20, 47, 232),
(233, 'Salón 01', 20, 27, 233),
(234, 'Salón 01', 20, 68, 234),
(235, 'Salón 01', 20, 52, 235),
(236, 'Salón 01', 20, 52, 236),
(237, 'Salón 01', 20, 68, 237),
(238, 'Salón 01', 20, 54, 238),
(239, 'Salón 01', 20, 5, 239),
(240, 'Salón 01', 20, 15, 240),
(241, 'Salón 01', 20, 63, 241),
(242, 'Salón 01', 20, 19, 242),
(243, 'Salón 01', 20, 68, 243),
(244, 'Salón 01', 20, 70, 244),
(245, 'Salón 01', 20, 15, 245),
(246, 'Salón 01', 20, 25, 246),
(247, 'Salón 01', 20, 23, 247),
(248, 'Salón 01', 20, 15, 248),
(249, 'Salón 01', 20, 70, 249),
(250, 'Salón 01', 20, 73, 250),
(251, 'Salón 01', 20, 81, 251),
(252, 'Salón 01', 20, 52, 252),
(253, 'Salón 01', 20, 50, 253),
(254, 'Salón 01', 20, 15, 254),
(255, 'Salón 01', 20, 15, 255),
(256, 'Salón 01', 20, 25, 256),
(257, 'Salón 01', 20, 54, 257),
(258, 'Salón 01', 20, 15, 258),
(259, 'Salón 01', 20, 50, 259),
(260, 'Salón 01', 20, 99, 260),
(261, 'Salón 01', 20, 52, 261),
(262, 'Salón 01', 20, 52, 262),
(263, 'Salón 01', 20, 73, 263),
(264, 'Salón 01', 20, 18, 264),
(265, 'Salón 01', 20, 68, 265),
(266, 'Salón 01', 20, 20, 266),
(267, 'Salón 01', 20, 5, 267),
(268, 'Salón 01', 20, 54, 268),
(269, 'Salón 01', 20, 54, 269),
(270, 'Salón 01', 20, 25, 270),
(271, 'Salón 01', 20, 27, 271),
(272, 'Salón 01', 20, 15, 272),
(273, 'Salón 01', 20, 13, 273),
(274, 'Salón 01', 20, 52, 274),
(275, 'Salón 01', 20, 54, 275),
(276, 'Salón 01', 20, 5, 276),
(277, 'Salón 01', 20, 76, 277),
(278, 'Salón 01', 20, 44, 278),
(279, 'Salón 01', 20, 44, 279),
(280, 'Salón 01', 20, 73, 280),
(281, 'Salón 01', 20, 5, 281),
(282, 'Salón 01', 20, 66, 282),
(283, 'Salón 01', 20, 15, 283),
(284, 'Salón 01', 20, 54, 284),
(285, 'Salón 01', 20, 5, 285),
(286, 'Salón 01', 20, 5, 286),
(287, 'Salón 01', 20, 47, 287),
(288, 'Salón 01', 20, 76, 288),
(289, 'Salón 01', 20, 50, 289),
(290, 'Salón 01', 20, 54, 290),
(291, 'Salón 01', 20, 68, 291),
(292, 'Salón 01', 20, 27, 292),
(293, 'Salón 01', 20, 13, 293),
(294, 'Salón 01', 20, 50, 294),
(295, 'Salón 01', 20, 76, 295),
(296, 'Salón 01', 20, 52, 296),
(297, 'Salón 01', 20, 15, 297),
(298, 'Salón 01', 20, 25, 298),
(299, 'Salón 01', 20, 20, 299),
(300, 'Salón 01', 20, 18, 300),
(301, 'Salón 01', 20, 50, 301),
(302, 'Salón 01', 20, 76, 302),
(303, 'Salón 01', 20, 15, 303),
(304, 'Salón 01', 20, 68, 304),
(305, 'Salón 01', 20, 13, 305),
(306, 'Salón 01', 20, 44, 306),
(307, 'Salón 01', 20, 20, 307),
(308, 'Salón 01', 20, 18, 308),
(309, 'Salón 01', 20, 52, 309),
(310, 'Salón 01', 20, 13, 310),
(311, 'Salón 01', 20, 68, 311),
(312, 'Salón 01', 20, 25, 312),
(313, 'Salón 01', 20, 47, 313),
(314, 'Salón 01', 20, 68, 314),
(315, 'Salón 01', 20, 95, 315),
(316, 'Salón 01', 20, 47, 316),
(317, 'Salón 01', 20, 70, 317),
(318, 'Salón 01', 20, 25, 318),
(319, 'Salón 01', 20, 52, 319),
(320, 'Salón 01', 20, 52, 320),
(321, 'Salón 01', 20, 19, 321),
(322, 'Salón 01', 20, 52, 322),
(323, 'Salón 01', 20, 54, 323),
(324, 'Salón 01', 20, 54, 324),
(325, 'Salón 01', 20, 76, 325),
(326, 'Salón 01', 20, 41, 326),
(327, 'Salón 01', 20, 68, 327),
(328, 'Salón 01', 20, 68, 328),
(329, 'Salón 01', 20, 5, 329),
(330, 'Salón 01', 20, 5, 330),
(331, 'Salón 01', 20, 73, 331),
(332, 'Salón 01', 20, 25, 332),
(333, 'Salón 01', 20, 73, 333),
(334, 'Salón 01', 20, 17, 334),
(335, 'Salón 01', 20, 63, 335),
(336, 'Salón 01', 20, 15, 336),
(337, 'Salón 01', 20, 73, 337),
(338, 'Salón 01', 20, 18, 338),
(339, 'Salón 01', 20, 19, 339),
(340, 'Salón 01', 20, 15, 340),
(341, 'Salón 01', 20, 76, 341),
(342, 'Salón 01', 20, 68, 342),
(343, 'Salón 01', 20, 68, 343),
(344, 'Salón 01', 20, 44, 344),
(345, 'Salón 01', 20, 81, 345),
(346, 'Salón 01', 20, 25, 346),
(347, 'Salón 01', 20, 52, 347),
(348, 'Salón 01', 20, 5, 348),
(349, 'Salón 01', 20, 73, 349),
(350, 'Salón 01', 20, 5, 350),
(351, 'Salón 01', 20, 50, 351),
(352, 'Salón 01', 20, 47, 352),
(353, 'Salón 01', 20, 52, 353),
(354, 'Salón 01', 20, 25, 354),
(355, 'Salón 01', 20, 25, 355),
(356, 'Salón 01', 20, 25, 356),
(357, 'Salón 01', 20, 25, 357),
(358, 'Salón 01', 20, 25, 358),
(359, 'Salón 01', 20, 25, 359),
(360, 'Salón 01', 20, 15, 360),
(361, 'Salón 01', 20, 25, 361),
(362, 'Salón 01', 20, 8, 362),
(363, 'Salón 01', 20, 70, 363),
(364, 'Salón 01', 20, 68, 364),
(365, 'Salón 01', 20, 25, 365),
(366, 'Salón 01', 20, 20, 366),
(367, 'Salón 01', 20, 15, 367),
(368, 'Salón 01', 20, 41, 368),
(369, 'Salón 01', 20, 41, 369),
(370, 'Salón 01', 20, 76, 370),
(371, 'Salón 01', 20, 5, 371),
(372, 'Salón 01', 20, 25, 372),
(373, 'Salón 01', 20, 5, 373),
(374, 'Salón 01', 20, 68, 374),
(375, 'Salón 01', 20, 20, 375),
(376, 'Salón 01', 20, 54, 376),
(377, 'Salón 01', 20, 5, 377),
(378, 'Salón 01', 20, 25, 378),
(379, 'Salón 01', 20, 50, 379),
(380, 'Salón 01', 20, 68, 380),
(381, 'Salón 01', 20, 15, 381),
(382, 'Salón 01', 20, 76, 382),
(383, 'Salón 01', 20, 52, 383),
(384, 'Salón 01', 20, 19, 384),
(385, 'Salón 01', 20, 25, 385),
(386, 'Salón 01', 20, 52, 386),
(387, 'Salón 01', 20, 5, 387),
(388, 'Salón 01', 20, 41, 388),
(389, 'Salón 01', 20, 68, 389),
(390, 'Salón 01', 20, 25, 390),
(391, 'Salón 01', 20, 52, 391),
(392, 'Salón 01', 20, 52, 392),
(393, 'Salón 01', 20, 47, 393),
(394, 'Salón 01', 20, 50, 394),
(395, 'Salón 01', 20, 73, 395),
(396, 'Salón 01', 20, 68, 396),
(397, 'Salón 01', 20, 19, 397),
(398, 'Salón 01', 20, 70, 398),
(399, 'Salón 01', 20, 5, 399),
(400, 'Salón 01', 20, 25, 400),
(401, 'Salón 01', 20, 5, 401),
(402, 'Salón 01', 20, 25, 402),
(403, 'Salón 01', 20, 25, 403),
(404, 'Salón 01', 20, 15, 404),
(405, 'Salón 01', 20, 68, 405),
(406, 'Salón 01', 20, 25, 406),
(407, 'Salón 01', 20, 25, 407),
(408, 'Salón 01', 20, 15, 408),
(409, 'Salón 01', 20, 68, 409),
(410, 'Salón 01', 20, 15, 410),
(411, 'Salón 01', 20, 25, 411),
(412, 'Salón 01', 20, 66, 412),
(413, 'Salón 01', 20, 68, 413),
(414, 'Salón 01', 20, 15, 414),
(415, 'Salón 01', 20, 63, 415),
(416, 'Salón 01', 20, 5, 416),
(417, 'Salón 01', 20, 54, 417),
(418, 'Salón 01', 20, 13, 418),
(419, 'Salón 01', 20, 68, 419),
(420, 'Salón 01', 20, 85, 420),
(421, 'Salón 01', 20, 44, 421),
(422, 'Salón 01', 20, 5, 422),
(423, 'Salón 01', 20, 54, 423),
(424, 'Salón 01', 20, 73, 424),
(425, 'Salón 01', 20, 5, 425),
(426, 'Salón 01', 20, 41, 426),
(427, 'Salón 01', 20, 73, 427),
(428, 'Salón 01', 20, 73, 428),
(429, 'Salón 01', 20, 73, 429),
(430, 'Salón 01', 20, 52, 430),
(431, 'Salón 01', 20, 52, 431),
(432, 'Salón 01', 20, 19, 432),
(433, 'Salón 01', 20, 94, 433),
(434, 'Salón 01', 20, 52, 434),
(435, 'Salón 01', 20, 41, 435),
(436, 'Salón 01', 20, 27, 436),
(437, 'Salón 01', 20, 5, 437),
(438, 'Salón 01', 20, 5, 438),
(439, 'Salón 01', 20, 15, 439),
(440, 'Salón 01', 20, 19, 440),
(441, 'Salón 01', 20, 76, 441),
(442, 'Salón 01', 20, 5, 442),
(443, 'Salón 01', 20, 15, 443),
(444, 'Salón 01', 20, 5, 444),
(445, 'Salón 01', 20, 15, 445),
(446, 'Salón 01', 20, 25, 446),
(447, 'Salón 01', 20, 68, 447),
(448, 'Salón 01', 20, 68, 448),
(449, 'Salón 01', 20, 8, 449),
(450, 'Salón 01', 20, 25, 450),
(451, 'Salón 01', 20, 27, 451),
(452, 'Salón 01', 20, 23, 452),
(453, 'Salón 01', 20, 41, 453),
(454, 'Salón 01', 20, 68, 454),
(455, 'Salón 01', 20, 25, 455),
(456, 'Salón 01', 20, 15, 456),
(457, 'Salón 01', 20, 5, 457),
(458, 'Salón 01', 20, 66, 458),
(459, 'Salón 01', 20, 52, 459),
(460, 'Salón 01', 20, 76, 460),
(461, 'Salón 01', 20, 17, 461),
(462, 'Salón 01', 20, 54, 462),
(463, 'Salón 01', 20, 5, 463),
(464, 'Salón 01', 20, 52, 464),
(465, 'Salón 01', 20, 20, 465),
(466, 'Salón 01', 20, 20, 466),
(467, 'Salón 01', 20, 44, 467),
(468, 'Salón 01', 20, 52, 468),
(469, 'Salón 01', 20, 50, 469),
(470, 'Salón 01', 20, 17, 470),
(471, 'Salón 01', 20, 25, 471),
(472, 'Salón 01', 20, 18, 472),
(473, 'Salón 01', 20, 25, 473),
(474, 'Salón 01', 20, 68, 474),
(475, 'Salón 01', 20, 20, 475),
(476, 'Salón 01', 20, 25, 476),
(477, 'Salón 01', 20, 5, 477),
(478, 'Salón 01', 20, 41, 478),
(479, 'Salón 01', 20, 54, 479),
(480, 'Salón 01', 20, 99, 480),
(481, 'Salón 01', 20, 85, 481),
(482, 'Salón 01', 20, 19, 482),
(483, 'Salón 01', 20, 63, 483),
(484, 'Salón 01', 20, 52, 484),
(485, 'Salón 01', 20, 5, 485),
(486, 'Salón 01', 20, 52, 486),
(487, 'Salón 01', 20, 70, 487),
(488, 'Salón 01', 20, 76, 488),
(489, 'Salón 01', 20, 15, 489),
(490, 'Salón 01', 20, 19, 490),
(491, 'Salón 01', 20, 25, 491),
(492, 'Salón 01', 20, 15, 492),
(493, 'Salón 01', 20, 17, 493),
(494, 'Salón 01', 20, 76, 494),
(495, 'Salón 01', 20, 66, 495),
(496, 'Salón 01', 20, 54, 496),
(497, 'Salón 01', 20, 15, 497),
(498, 'Salón 01', 20, 68, 498),
(499, 'Salón 01', 20, 68, 499),
(500, 'Salón 01', 20, 52, 500),
(501, 'Salón 01', 20, 50, 501),
(502, 'Salón 01', 20, 25, 502),
(503, 'Salón 01', 20, 91, 503),
(504, 'Salón 01', 20, 5, 504),
(505, 'Salón 01', 20, 52, 505),
(506, 'Salón 01', 20, 27, 506),
(507, 'Salón 01', 20, 23, 507),
(508, 'Salón 01', 20, 23, 508),
(509, 'Salón 01', 20, 70, 509),
(510, 'Salón 01', 20, 54, 510),
(511, 'Salón 01', 20, 68, 511),
(512, 'Salón 01', 20, 54, 512),
(513, 'Salón 01', 20, 8, 513),
(514, 'Salón 01', 20, 73, 514),
(515, 'Salón 01', 20, 73, 515),
(516, 'Salón 01', 20, 19, 516),
(517, 'Salón 01', 20, 15, 517),
(518, 'Salón 01', 20, 68, 518),
(519, 'Salón 01', 20, 5, 519),
(520, 'Salón 01', 20, 25, 520),
(521, 'Salón 01', 20, 25, 521),
(522, 'Salón 01', 20, 13, 522),
(523, 'Salón 01', 20, 52, 523),
(524, 'Salón 01', 20, 13, 524),
(525, 'Salón 01', 20, 44, 525),
(526, 'Salón 01', 20, 70, 526),
(527, 'Salón 01', 20, 8, 527),
(528, 'Salón 01', 20, 52, 528),
(529, 'Salón 01', 20, 8, 529),
(530, 'Salón 01', 20, 44, 530),
(531, 'Salón 01', 20, 20, 531),
(532, 'Salón 01', 20, 17, 532),
(533, 'Salón 01', 20, 25, 533),
(534, 'Salón 01', 20, 17, 534),
(535, 'Salón 01', 20, 85, 535),
(536, 'Salón 01', 20, 50, 536),
(537, 'Salón 01', 20, 13, 537),
(538, 'Salón 01', 20, 5, 538),
(539, 'Salón 01', 20, 15, 539),
(540, 'Salón 01', 20, 73, 540),
(541, 'Salón 01', 20, 17, 541),
(542, 'Salón 01', 20, 17, 542),
(543, 'Salón 01', 20, 66, 543),
(544, 'Salón 01', 20, 17, 544),
(545, 'Salón 01', 20, 13, 545),
(546, 'Salón 01', 20, 68, 546),
(547, 'Salón 01', 20, 5, 547),
(548, 'Salón 01', 20, 25, 548),
(549, 'Salón 01', 20, 27, 549),
(550, 'Salón 01', 20, 27, 550),
(551, 'Salón 01', 20, 27, 551),
(552, 'Salón 01', 20, 73, 552),
(553, 'Salón 01', 20, 19, 553),
(554, 'Salón 01', 20, 50, 554),
(555, 'Salón 01', 20, 18, 555),
(556, 'Salón 01', 20, 15, 556),
(557, 'Salón 01', 20, 95, 557),
(558, 'Salón 01', 20, 19, 558),
(559, 'Salón 01', 20, 66, 559),
(560, 'Salón 01', 20, 97, 560),
(561, 'Salón 01', 20, 86, 561),
(562, 'Salón 01', 20, 68, 562),
(563, 'Salón 01', 20, 68, 563),
(564, 'Salón 01', 20, 23, 564),
(565, 'Salón 01', 20, 13, 565),
(566, 'Salón 01', 20, 15, 566),
(567, 'Salón 01', 20, 15, 567),
(568, 'Salón 01', 20, 15, 568),
(569, 'Salón 01', 20, 5, 569),
(570, 'Salón 01', 20, 13, 570),
(571, 'Salón 01', 20, 23, 571),
(572, 'Salón 01', 20, 63, 572),
(573, 'Salón 01', 20, 23, 573),
(574, 'Salón 01', 20, 85, 574),
(575, 'Salón 01', 20, 13, 575),
(576, 'Salón 01', 20, 19, 576),
(577, 'Salón 01', 20, 18, 577),
(578, 'Salón 01', 20, 70, 578),
(579, 'Salón 01', 20, 25, 579),
(580, 'Salón 01', 20, 52, 580),
(581, 'Salón 01', 20, 15, 581),
(582, 'Salón 01', 20, 23, 582),
(583, 'Salón 01', 20, 73, 583),
(584, 'Salón 01', 20, 5, 584),
(585, 'Salón 01', 20, 5, 585),
(586, 'Salón 01', 20, 54, 586),
(587, 'Salón 01', 20, 15, 587),
(588, 'Salón 01', 20, 68, 588),
(589, 'Salón 01', 20, 5, 589),
(590, 'Salón 01', 20, 25, 590),
(591, 'Salón 01', 20, 52, 591),
(592, 'Salón 01', 20, 73, 592),
(593, 'Salón 01', 20, 5, 593),
(594, 'Salón 01', 20, 5, 594),
(595, 'Salón 01', 20, 17, 595),
(596, 'Salón 01', 20, 41, 596),
(597, 'Salón 01', 20, 25, 597),
(598, 'Salón 01', 20, 25, 598),
(599, 'Salón 01', 20, 25, 599),
(600, 'Salón 01', 20, 15, 600),
(601, 'Salón 01', 20, 25, 601),
(602, 'Salón 01', 20, 17, 602),
(603, 'Salón 01', 20, 13, 603),
(604, 'Salón 01', 20, 27, 604),
(605, 'Salón 01', 20, 47, 605),
(606, 'Salón 01', 20, 15, 606),
(607, 'Salón 01', 20, 85, 607),
(608, 'Salón 01', 20, 27, 608),
(609, 'Salón 01', 20, 41, 609),
(610, 'Salón 01', 20, 76, 610),
(611, 'Salón 01', 20, 68, 611),
(612, 'Salón 01', 20, 54, 612),
(613, 'Salón 01', 20, 68, 613),
(614, 'Salón 01', 20, 15, 614),
(615, 'Salón 01', 20, 5, 615),
(616, 'Salón 01', 20, 52, 616),
(617, 'Salón 01', 20, 68, 617),
(618, 'Salón 01', 20, 41, 618),
(619, 'Salón 01', 20, 86, 619),
(620, 'Salón 01', 20, 85, 620),
(621, 'Salón 01', 20, 73, 621),
(622, 'Salón 01', 20, 52, 622),
(623, 'Salón 01', 20, 15, 623),
(624, 'Salón 01', 20, 70, 624),
(625, 'Salón 01', 20, 15, 625),
(626, 'Salón 01', 20, 25, 626),
(627, 'Salón 01', 20, 19, 627),
(628, 'Salón 01', 20, 41, 628),
(629, 'Salón 01', 20, 20, 629),
(630, 'Salón 01', 20, 25, 630),
(631, 'Salón 01', 20, 15, 631),
(632, 'Salón 01', 20, 15, 632),
(633, 'Salón 01', 20, 41, 633),
(634, 'Salón 01', 20, 17, 634),
(635, 'Salón 01', 20, 41, 635),
(636, 'Salón 01', 20, 68, 636),
(637, 'Salón 01', 20, 8, 637),
(638, 'Salón 01', 20, 68, 638),
(639, 'Salón 01', 20, 76, 639),
(640, 'Salón 01', 20, 70, 640),
(641, 'Salón 01', 20, 73, 641),
(642, 'Salón 01', 20, 54, 642),
(643, 'Salón 01', 20, 54, 643),
(644, 'Salón 01', 20, 25, 644),
(645, 'Salón 01', 20, 15, 645),
(646, 'Salón 01', 20, 25, 646),
(647, 'Salón 01', 20, 25, 647),
(648, 'Salón 01', 20, 19, 648),
(649, 'Salón 01', 20, 15, 649),
(650, 'Salón 01', 20, 15, 650),
(651, 'Salón 01', 20, 85, 651),
(652, 'Salón 01', 20, 15, 652),
(653, 'Salón 01', 20, 47, 653),
(654, 'Salón 01', 20, 20, 654),
(655, 'Salón 01', 20, 17, 655),
(656, 'Salón 01', 20, 5, 656),
(657, 'Salón 01', 20, 66, 657),
(658, 'Salón 01', 20, 15, 658),
(659, 'Salón 01', 20, 5, 659),
(660, 'Salón 01', 20, 19, 660),
(661, 'Salón 01', 20, 68, 661),
(662, 'Salón 01', 20, 73, 662),
(663, 'Salón 01', 20, 19, 663),
(664, 'Salón 01', 20, 63, 664),
(665, 'Salón 01', 20, 47, 665),
(666, 'Salón 01', 20, 68, 666),
(667, 'Salón 01', 20, 13, 667),
(668, 'Salón 01', 20, 8, 668),
(669, 'Salón 01', 20, 15, 669),
(670, 'Salón 01', 20, 41, 670),
(671, 'Salón 01', 20, 41, 671),
(672, 'Salón 01', 20, 47, 672),
(673, 'Salón 01', 20, 73, 673),
(674, 'Salón 01', 20, 23, 674),
(675, 'Salón 01', 20, 47, 675),
(676, 'Salón 01', 20, 52, 676),
(677, 'Salón 01', 20, 8, 677),
(678, 'Salón 01', 20, 8, 678),
(679, 'Salón 01', 20, 19, 679),
(680, 'Salón 01', 20, 85, 680),
(681, 'Salón 01', 20, 52, 681),
(682, 'Salón 01', 20, 76, 682),
(683, 'Salón 01', 20, 73, 683),
(684, 'Salón 01', 20, 52, 684),
(685, 'Salón 01', 20, 88, 685),
(686, 'Salón 01', 20, 20, 686),
(687, 'Salón 01', 20, 23, 687),
(688, 'Salón 01', 20, 66, 688),
(689, 'Salón 01', 20, 5, 689),
(690, 'Salón 01', 20, 47, 690),
(691, 'Salón 01', 20, 68, 691),
(692, 'Salón 01', 20, 52, 692),
(693, 'Salón 01', 20, 86, 693),
(694, 'Salón 01', 20, 5, 694),
(695, 'Salón 01', 20, 15, 695),
(696, 'Salón 01', 20, 86, 696),
(697, 'Salón 01', 20, 99, 697),
(698, 'Salón 01', 20, 8, 698),
(699, 'Salón 01', 20, 50, 699),
(700, 'Salón 01', 20, 23, 700),
(701, 'Salón 01', 20, 50, 701),
(702, 'Salón 01', 20, 86, 702),
(703, 'Salón 01', 20, 86, 703),
(704, 'Salón 01', 20, 23, 704),
(705, 'Salón 01', 20, 50, 705),
(706, 'Salón 01', 20, 50, 706),
(707, 'Salón 01', 20, 5, 707),
(708, 'Salón 01', 20, 91, 708),
(709, 'Salón 01', 20, 68, 709),
(710, 'Salón 01', 20, 18, 710),
(711, 'Salón 01', 20, 50, 711),
(712, 'Salón 01', 20, 81, 712),
(713, 'Salón 01', 20, 25, 713),
(714, 'Salón 01', 20, 54, 714),
(715, 'Salón 01', 20, 19, 715),
(716, 'Salón 01', 20, 5, 716),
(717, 'Salón 01', 20, 68, 717),
(718, 'Salón 01', 20, 25, 718),
(719, 'Salón 01', 20, 52, 719),
(720, 'Salón 01', 20, 19, 720),
(721, 'Salón 01', 20, 73, 721),
(722, 'Salón 01', 20, 23, 722),
(723, 'Salón 01', 20, 17, 723),
(724, 'Salón 01', 20, 15, 724),
(725, 'Salón 01', 20, 19, 725),
(726, 'Salón 01', 20, 68, 726),
(727, 'Salón 01', 20, 25, 727),
(728, 'Salón 01', 20, 25, 728),
(729, 'Salón 01', 20, 27, 729),
(730, 'Salón 01', 20, 63, 730),
(731, 'Salón 01', 20, 66, 731),
(732, 'Salón 01', 20, 15, 732),
(733, 'Salón 01', 20, 25, 733),
(734, 'Salón 01', 20, 54, 734),
(735, 'Salón 01', 20, 15, 735),
(736, 'Salón 01', 20, 85, 736),
(737, 'Salón 01', 20, 13, 737),
(738, 'Salón 01', 20, 5, 738),
(739, 'Salón 01', 20, 47, 739),
(740, 'Salón 01', 20, 8, 740),
(741, 'Salón 01', 20, 50, 741),
(742, 'Salón 01', 20, 76, 742),
(743, 'Salón 01', 20, 5, 743),
(744, 'Salón 01', 20, 25, 744),
(745, 'Salón 01', 20, 52, 745),
(746, 'Salón 01', 20, 68, 746),
(747, 'Salón 01', 20, 73, 747),
(748, 'Salón 01', 20, 76, 748),
(749, 'Salón 01', 20, 44, 749),
(750, 'Salón 01', 20, 17, 750),
(751, 'Salón 01', 20, 41, 751),
(752, 'Salón 01', 20, 52, 752),
(753, 'Salón 01', 20, 76, 753),
(754, 'Salón 01', 20, 73, 754),
(755, 'Salón 01', 20, 15, 755),
(756, 'Salón 01', 20, 19, 756),
(757, 'Salón 01', 20, 73, 757),
(758, 'Salón 01', 20, 15, 758),
(759, 'Salón 01', 20, 27, 759),
(760, 'Salón 01', 20, 27, 760),
(761, 'Salón 01', 20, 17, 761),
(762, 'Salón 01', 20, 13, 762),
(763, 'Salón 01', 20, 20, 763),
(764, 'Salón 01', 20, 5, 764),
(765, 'Salón 01', 20, 27, 765),
(766, 'Salón 01', 20, 68, 766),
(767, 'Salón 01', 20, 8, 767),
(768, 'Salón 01', 20, 5, 768),
(769, 'Salón 01', 20, 8, 769),
(770, 'Salón 01', 20, 85, 770),
(771, 'Salón 01', 20, 47, 771),
(772, 'Salón 01', 20, 5, 772),
(773, 'Salón 01', 20, 15, 773),
(774, 'Salón 01', 20, 23, 774),
(775, 'Salón 01', 20, 41, 775),
(776, 'Salón 01', 20, 17, 776),
(777, 'Salón 01', 20, 47, 777),
(778, 'Salón 01', 20, 54, 778),
(779, 'Salón 01', 20, 73, 779),
(780, 'Salón 01', 20, 63, 780),
(781, 'Salón 01', 20, 5, 781),
(782, 'Salón 01', 20, 15, 782),
(783, 'Salón 01', 20, 52, 783),
(784, 'Salón 01', 20, 17, 784),
(785, 'Salón 01', 20, 70, 785),
(786, 'Salón 01', 20, 41, 786),
(787, 'Salón 01', 20, 20, 787),
(788, 'Salón 01', 20, 68, 788),
(789, 'Salón 01', 20, 23, 789),
(790, 'Salón 01', 20, 5, 790),
(791, 'Salón 01', 20, 23, 791),
(792, 'Salón 01', 20, 73, 792),
(793, 'Salón 01', 20, 25, 793),
(794, 'Salón 01', 20, 68, 794),
(795, 'Salón 01', 20, 70, 795),
(796, 'Salón 01', 20, 25, 796),
(797, 'Salón 01', 20, 52, 797),
(798, 'Salón 01', 20, 23, 798),
(799, 'Salón 01', 20, 54, 799),
(800, 'Salón 01', 20, 5, 800),
(801, 'Salón 01', 20, 23, 801),
(802, 'Salón 01', 20, 50, 802),
(803, 'Salón 01', 20, 25, 803),
(804, 'Salón 01', 20, 54, 804),
(805, 'Salón 01', 20, 13, 805),
(806, 'Salón 01', 20, 20, 806),
(807, 'Salón 01', 20, 15, 807),
(808, 'Salón 01', 20, 13, 808),
(809, 'Salón 01', 20, 13, 809),
(810, 'Salón 01', 20, 5, 810),
(811, 'Salón 01', 20, 25, 811),
(812, 'Salón 01', 20, 86, 812),
(813, 'Salón 01', 20, 68, 813),
(814, 'Salón 01', 20, 13, 814),
(815, 'Salón 01', 20, 13, 815),
(816, 'Salón 01', 20, 5, 816),
(817, 'Salón 01', 20, 68, 817),
(818, 'Salón 01', 20, 17, 818),
(819, 'Salón 01', 20, 68, 819),
(820, 'Salón 01', 20, 5, 820),
(821, 'Salón 01', 20, 15, 821),
(822, 'Salón 01', 20, 23, 822),
(823, 'Salón 01', 20, 18, 823),
(824, 'Salón 01', 20, 95, 824),
(825, 'Salón 01', 20, 27, 825),
(826, 'Salón 01', 20, 50, 826),
(827, 'Salón 01', 20, 70, 827),
(828, 'Salón 01', 20, 13, 828),
(829, 'Salón 01', 20, 52, 829),
(830, 'Salón 01', 20, 25, 830),
(831, 'Salón 01', 20, 5, 831),
(832, 'Salón 01', 20, 44, 832),
(833, 'Salón 01', 20, 50, 833),
(834, 'Salón 01', 20, 52, 834),
(835, 'Salón 01', 20, 73, 835),
(836, 'Salón 01', 20, 5, 836),
(837, 'Salón 01', 20, 15, 837),
(838, 'Salón 01', 20, 85, 838),
(839, 'Salón 01', 20, 70, 839),
(840, 'Salón 01', 20, 20, 840),
(841, 'Salón 01', 20, 50, 841),
(842, 'Salón 01', 20, 13, 842),
(843, 'Salón 01', 20, 15, 843),
(844, 'Salón 01', 20, 68, 844),
(845, 'Salón 01', 20, 86, 845),
(846, 'Salón 01', 20, 15, 846),
(847, 'Salón 01', 20, 70, 847),
(848, 'Salón 01', 20, 13, 848),
(849, 'Salón 01', 20, 52, 849),
(850, 'Salón 01', 20, 15, 850),
(851, 'Salón 01', 20, 5, 851),
(852, 'Salón 01', 20, 70, 852),
(853, 'Salón 01', 20, 76, 853),
(854, 'Salón 01', 20, 52, 854),
(855, 'Salón 01', 20, 5, 855),
(856, 'Salón 01', 20, 23, 856),
(857, 'Salón 01', 20, 5, 857),
(858, 'Salón 01', 20, 5, 858),
(859, 'Salón 01', 20, 19, 859),
(860, 'Salón 01', 20, 47, 860),
(861, 'Salón 01', 20, 5, 861),
(862, 'Salón 01', 20, 18, 862),
(863, 'Salón 01', 20, 68, 863),
(864, 'Salón 01', 20, 47, 864),
(865, 'Salón 01', 20, 52, 865),
(866, 'Salón 01', 20, 47, 866),
(867, 'Salón 01', 20, 5, 867),
(868, 'Salón 01', 20, 68, 868),
(869, 'Salón 01', 20, 52, 869),
(870, 'Salón 01', 20, 47, 870),
(871, 'Salón 01', 20, 13, 871),
(872, 'Salón 01', 20, 5, 872),
(873, 'Salón 01', 20, 27, 873),
(874, 'Salón 01', 20, 68, 874),
(875, 'Salón 01', 20, 73, 875),
(876, 'Salón 01', 20, 8, 876),
(877, 'Salón 01', 20, 47, 877),
(878, 'Salón 01', 20, 15, 878),
(879, 'Salón 01', 20, 41, 879),
(880, 'Salón 01', 20, 13, 880),
(881, 'Salón 01', 20, 19, 881),
(882, 'Salón 01', 20, 66, 882),
(883, 'Salón 01', 20, 5, 883),
(884, 'Salón 01', 20, 15, 884),
(885, 'Salón 01', 20, 13, 885),
(886, 'Salón 01', 20, 99, 886),
(887, 'Salón 01', 20, 15, 887),
(888, 'Salón 01', 20, 15, 888),
(889, 'Salón 01', 20, 19, 889),
(890, 'Salón 01', 20, 54, 890),
(891, 'Salón 01', 20, 86, 891),
(892, 'Salón 01', 20, 5, 892),
(893, 'Salón 01', 20, 8, 893),
(894, 'Salón 01', 20, 5, 894),
(895, 'Salón 01', 20, 66, 895),
(896, 'Salón 01', 20, 52, 896),
(897, 'Salón 01', 20, 81, 897),
(898, 'Salón 01', 20, 54, 898),
(899, 'Salón 01', 20, 25, 899),
(900, 'Salón 01', 20, 15, 900),
(901, 'Salón 01', 20, 15, 901),
(902, 'Salón 01', 20, 5, 902),
(903, 'Salón 01', 20, 25, 903),
(904, 'Salón 01', 20, 76, 904),
(905, 'Salón 01', 20, 15, 905),
(906, 'Salón 01', 20, 25, 906),
(907, 'Salón 01', 20, 86, 907),
(908, 'Salón 01', 20, 54, 908),
(909, 'Salón 01', 20, 25, 909),
(910, 'Salón 01', 20, 19, 910),
(911, 'Salón 01', 20, 68, 911),
(912, 'Salón 01', 20, 25, 912),
(913, 'Salón 01', 20, 13, 913),
(914, 'Salón 01', 20, 70, 914),
(915, 'Salón 01', 20, 70, 915),
(916, 'Salón 01', 20, 27, 916),
(917, 'Salón 01', 20, 47, 917),
(918, 'Salón 01', 20, 25, 918),
(919, 'Salón 01', 20, 15, 919),
(920, 'Salón 01', 20, 15, 920),
(921, 'Salón 01', 20, 68, 921),
(922, 'Salón 01', 20, 15, 922),
(923, 'Salón 01', 20, 15, 923),
(924, 'Salón 01', 20, 18, 924),
(925, 'Salón 01', 20, 8, 925),
(926, 'Salón 01', 20, 18, 926),
(927, 'Salón 01', 20, 15, 927),
(928, 'Salón 01', 20, 5, 928),
(929, 'Salón 01', 20, 5, 929),
(930, 'Salón 01', 20, 13, 930),
(931, 'Salón 01', 20, 25, 931),
(932, 'Salón 01', 20, 15, 932),
(933, 'Salón 01', 20, 15, 933),
(934, 'Salón 01', 20, 15, 934),
(935, 'Salón 01', 20, 19, 935),
(936, 'Salón 01', 20, 52, 936),
(937, 'Salón 01', 20, 68, 937),
(938, 'Salón 01', 20, 8, 938),
(939, 'Salón 01', 20, 41, 939),
(940, 'Salón 01', 20, 25, 940),
(941, 'Salón 01', 20, 19, 941),
(942, 'Salón 01', 20, 68, 942),
(943, 'Salón 01', 20, 70, 943),
(944, 'Salón 01', 20, 25, 944),
(945, 'Salón 01', 20, 25, 945),
(946, 'Salón 01', 20, 17, 946),
(947, 'Salón 01', 20, 68, 947),
(948, 'Salón 01', 20, 25, 948),
(949, 'Salón 01', 20, 15, 949),
(950, 'Salón 01', 20, 15, 950),
(951, 'Salón 01', 20, 25, 951),
(952, 'Salón 01', 20, 15, 952),
(953, 'Salón 01', 20, 19, 953),
(954, 'Salón 01', 20, 73, 954),
(955, 'Salón 01', 20, 85, 955),
(956, 'Salón 01', 20, 15, 956),
(957, 'Salón 01', 20, 25, 957),
(958, 'Salón 01', 20, 27, 958),
(959, 'Salón 01', 20, 13, 959),
(960, 'Salón 01', 20, 20, 960),
(961, 'Salón 01', 20, 81, 961),
(962, 'Salón 01', 20, 52, 962),
(963, 'Salón 01', 20, 52, 963),
(964, 'Salón 01', 20, 97, 964),
(965, 'Salón 01', 20, 5, 965),
(966, 'Salón 01', 20, 41, 966),
(967, 'Salón 01', 20, 5, 967),
(968, 'Salón 01', 20, 15, 968),
(969, 'Salón 01', 20, 85, 969),
(970, 'Salón 01', 20, 25, 970),
(971, 'Salón 01', 20, 41, 971),
(972, 'Salón 01', 20, 25, 972),
(973, 'Salón 01', 20, 47, 973),
(974, 'Salón 01', 20, 25, 974),
(975, 'Salón 01', 20, 15, 975),
(976, 'Salón 01', 20, 54, 976),
(977, 'Salón 01', 20, 41, 977),
(978, 'Salón 01', 20, 41, 978),
(979, 'Salón 01', 20, 25, 979),
(980, 'Salón 01', 20, 15, 980),
(981, 'Salón 01', 20, 15, 981),
(982, 'Salón 01', 20, 25, 982),
(983, 'Salón 01', 20, 54, 983),
(984, 'Salón 01', 20, 23, 984),
(985, 'Salón 01', 20, 41, 985),
(986, 'Salón 01', 20, 19, 986),
(987, 'Salón 01', 20, 19, 987),
(988, 'Salón 01', 20, 15, 988),
(989, 'Salón 01', 20, 15, 989),
(990, 'Salón 01', 20, 13, 990),
(991, 'Salón 01', 20, 5, 991),
(992, 'Salón 01', 20, 15, 992),
(993, 'Salón 01', 20, 25, 993),
(994, 'Salón 01', 20, 25, 994),
(995, 'Salón 01', 20, 15, 995),
(996, 'Salón 01', 20, 5, 996),
(997, 'Salón 01', 20, 54, 997),
(998, 'Salón 01', 20, 70, 998),
(999, 'Salón 01', 20, 70, 999),
(1000, 'Salón 01', 20, 68, 1000),
(1001, 'Salón 01', 20, 15, 1001),
(1002, 'Salón 01', 20, 25, 1002),
(1003, 'Salón 01', 20, 19, 1003),
(1004, 'Salón 01', 20, 76, 1004),
(1005, 'Salón 01', 20, 15, 1005),
(1006, 'Salón 01', 20, 19, 1006),
(1007, 'Salón 01', 20, 85, 1007),
(1008, 'Salón 01', 20, 76, 1008),
(1009, 'Salón 01', 20, 8, 1009),
(1010, 'Salón 01', 20, 23, 1010),
(1011, 'Salón 01', 20, 76, 1011),
(1012, 'Salón 01', 20, 52, 1012),
(1013, 'Salón 01', 20, 15, 1013),
(1014, 'Salón 01', 20, 15, 1014),
(1015, 'Salón 01', 20, 13, 1015),
(1016, 'Salón 01', 20, 13, 1016),
(1017, 'Salón 01', 20, 5, 1017),
(1018, 'Salón 01', 20, 15, 1018),
(1019, 'Salón 01', 20, 15, 1019),
(1020, 'Salón 01', 20, 15, 1020),
(1021, 'Salón 01', 20, 85, 1021),
(1022, 'Salón 01', 20, 5, 1022),
(1023, 'Salón 01', 20, 52, 1023),
(1024, 'Salón 01', 20, 25, 1024),
(1025, 'Salón 01', 20, 25, 1025),
(1026, 'Salón 01', 20, 25, 1026),
(1027, 'Salón 01', 20, 76, 1027),
(1028, 'Salón 01', 20, 25, 1028),
(1029, 'Salón 01', 20, 27, 1029),
(1030, 'Salón 01', 20, 27, 1030),
(1031, 'Salón 01', 20, 5, 1031),
(1032, 'Salón 01', 20, 50, 1032),
(1033, 'Salón 01', 20, 44, 1033),
(1034, 'Salón 01', 20, 5, 1034),
(1035, 'Salón 01', 20, 44, 1035),
(1036, 'Salón 01', 20, 8, 1036),
(1037, 'Salón 01', 20, 5, 1037),
(1038, 'Salón 01', 20, 23, 1038),
(1039, 'Salón 01', 20, 68, 1039),
(1040, 'Salón 01', 20, 73, 1040),
(1041, 'Salón 01', 20, 86, 1041),
(1042, 'Salón 01', 20, 20, 1042),
(1043, 'Salón 01', 20, 5, 1043),
(1044, 'Salón 01', 20, 18, 1044),
(1045, 'Salón 01', 20, 5, 1045),
(1046, 'Salón 01', 20, 73, 1046),
(1047, 'Salón 01', 20, 5, 1047),
(1048, 'Salón 01', 20, 25, 1048),
(1049, 'Salón 01', 20, 15, 1049),
(1050, 'Salón 01', 20, 25, 1050),
(1051, 'Salón 01', 20, 76, 1051),
(1052, 'Salón 01', 20, 68, 1052),
(1053, 'Salón 01', 20, 25, 1053),
(1054, 'Salón 01', 20, 5, 1054),
(1055, 'Salón 01', 20, 76, 1055),
(1056, 'Salón 01', 20, 54, 1056),
(1057, 'Salón 01', 20, 19, 1057),
(1058, 'Salón 01', 20, 15, 1058),
(1059, 'Salón 01', 20, 54, 1059),
(1060, 'Salón 01', 20, 86, 1060),
(1061, 'Salón 01', 20, 25, 1061),
(1062, 'Salón 01', 20, 73, 1062),
(1063, 'Salón 01', 20, 17, 1063),
(1064, 'Salón 01', 20, 13, 1064),
(1065, 'Salón 01', 20, 44, 1065),
(1066, 'Salón 01', 20, 68, 1066),
(1067, 'Salón 01', 20, 85, 1067),
(1068, 'Salón 01', 20, 25, 1068),
(1069, 'Salón 01', 20, 73, 1069),
(1070, 'Salón 01', 20, 50, 1070),
(1071, 'Salón 01', 20, 41, 1071),
(1072, 'Salón 01', 20, 25, 1072),
(1073, 'Salón 01', 20, 25, 1073),
(1074, 'Salón 01', 20, 15, 1074),
(1075, 'Salón 01', 20, 50, 1075),
(1076, 'Salón 01', 20, 17, 1076),
(1077, 'Salón 01', 20, 68, 1077),
(1078, 'Salón 01', 20, 25, 1078),
(1079, 'Salón 01', 20, 52, 1079),
(1080, 'Salón 01', 20, 41, 1080),
(1081, 'Salón 01', 20, 5, 1081),
(1082, 'Salón 01', 20, 5, 1082),
(1083, 'Salón 01', 20, 5, 1083),
(1084, 'Salón 01', 20, 5, 1084),
(1085, 'Salón 01', 20, 85, 1085),
(1086, 'Salón 01', 20, 76, 1086),
(1087, 'Salón 01', 20, 76, 1087),
(1088, 'Salón 01', 20, 13, 1088),
(1089, 'Salón 01', 20, 68, 1089),
(1090, 'Salón 01', 20, 47, 1090),
(1091, 'Salón 01', 20, 5, 1091),
(1092, 'Salón 01', 20, 76, 1092),
(1093, 'Salón 01', 20, 15, 1093),
(1094, 'Salón 01', 20, 25, 1094),
(1095, 'Salón 01', 20, 25, 1095),
(1096, 'Salón 01', 20, 47, 1096),
(1097, 'Salón 01', 20, 54, 1097),
(1098, 'Salón 01', 20, 41, 1098),
(1099, 'Salón 01', 20, 15, 1099),
(1100, 'Salón 01', 20, 25, 1100),
(1101, 'Salón 02', 20, 5, 1),
(1102, 'Salón 02', 20, 50, 2),
(1103, 'Salón 02', 20, 27, 3),
(1104, 'Salón 02', 20, 41, 4),
(1105, 'Salón 02', 20, 13, 5),
(1106, 'Salón 02', 20, 41, 6),
(1107, 'Salón 02', 20, 25, 7),
(1108, 'Salón 02', 20, 20, 8),
(1109, 'Salón 02', 20, 68, 9),
(1110, 'Salón 02', 20, 17, 10),
(1111, 'Salón 02', 20, 85, 11),
(1112, 'Salón 02', 20, 20, 12),
(1113, 'Salón 02', 20, 41, 13),
(1114, 'Salón 02', 20, 18, 14),
(1115, 'Salón 02', 20, 44, 15),
(1116, 'Salón 02', 20, 68, 16),
(1117, 'Salón 02', 20, 25, 17),
(1118, 'Salón 02', 20, 52, 18),
(1119, 'Salón 02', 20, 76, 19),
(1120, 'Salón 02', 20, 5, 20),
(1121, 'Salón 02', 20, 47, 21),
(1122, 'Salón 02', 20, 41, 22),
(1123, 'Salón 02', 20, 19, 23),
(1124, 'Salón 02', 20, 15, 24),
(1125, 'Salón 02', 20, 73, 25),
(1126, 'Salón 02', 20, 41, 26),
(1127, 'Salón 02', 20, 27, 27),
(1128, 'Salón 02', 20, 13, 28),
(1129, 'Salón 02', 20, 73, 29),
(1130, 'Salón 02', 20, 5, 30),
(1131, 'Salón 02', 20, 5, 31),
(1132, 'Salón 02', 20, 73, 32),
(1133, 'Salón 02', 20, 25, 33),
(1134, 'Salón 02', 20, 52, 34),
(1135, 'Salón 02', 20, 76, 35),
(1136, 'Salón 02', 20, 5, 36),
(1137, 'Salón 02', 20, 5, 37),
(1138, 'Salón 02', 20, 5, 38),
(1139, 'Salón 02', 20, 25, 39),
(1140, 'Salón 02', 20, 5, 40),
(1141, 'Salón 02', 20, 17, 41),
(1142, 'Salón 02', 20, 76, 42),
(1143, 'Salón 02', 20, 73, 43),
(1144, 'Salón 02', 20, 5, 44),
(1145, 'Salón 02', 20, 5, 45),
(1146, 'Salón 02', 20, 25, 46),
(1147, 'Salón 02', 20, 66, 47),
(1148, 'Salón 02', 20, 15, 48),
(1149, 'Salón 02', 20, 47, 49),
(1150, 'Salón 02', 20, 17, 50),
(1151, 'Salón 02', 20, 68, 51),
(1152, 'Salón 02', 20, 81, 52),
(1153, 'Salón 02', 20, 81, 53),
(1154, 'Salón 02', 20, 25, 54),
(1155, 'Salón 02', 20, 52, 55),
(1156, 'Salón 02', 20, 54, 56),
(1157, 'Salón 02', 20, 5, 57),
(1158, 'Salón 02', 20, 15, 58),
(1159, 'Salón 02', 20, 13, 59),
(1160, 'Salón 02', 20, 5, 60),
(1161, 'Salón 02', 20, 19, 61),
(1162, 'Salón 02', 20, 76, 62),
(1163, 'Salón 02', 20, 47, 63),
(1164, 'Salón 02', 20, 13, 64),
(1165, 'Salón 02', 20, 5, 65),
(1166, 'Salón 02', 20, 63, 66),
(1167, 'Salón 02', 20, 73, 67),
(1168, 'Salón 02', 20, 13, 68),
(1169, 'Salón 02', 20, 20, 69),
(1170, 'Salón 02', 20, 73, 70),
(1171, 'Salón 02', 20, 27, 71),
(1172, 'Salón 02', 20, 23, 72),
(1173, 'Salón 02', 20, 27, 73),
(1174, 'Salón 02', 20, 27, 74),
(1175, 'Salón 02', 20, 27, 75),
(1176, 'Salón 02', 20, 19, 76),
(1177, 'Salón 02', 20, 66, 77),
(1178, 'Salón 02', 20, 8, 78),
(1179, 'Salón 02', 20, 41, 79),
(1180, 'Salón 02', 20, 52, 80),
(1181, 'Salón 02', 20, 5, 81),
(1182, 'Salón 02', 20, 68, 82),
(1183, 'Salón 02', 20, 68, 83),
(1184, 'Salón 02', 20, 50, 84),
(1185, 'Salón 02', 20, 68, 85),
(1186, 'Salón 02', 20, 44, 86),
(1187, 'Salón 02', 20, 13, 87),
(1188, 'Salón 02', 20, 8, 88),
(1189, 'Salón 02', 20, 20, 89),
(1190, 'Salón 02', 20, 17, 90),
(1191, 'Salón 02', 20, 5, 91),
(1192, 'Salón 02', 20, 5, 92),
(1193, 'Salón 02', 20, 25, 93),
(1194, 'Salón 02', 20, 15, 94),
(1195, 'Salón 02', 20, 52, 95),
(1196, 'Salón 02', 20, 27, 96),
(1197, 'Salón 02', 20, 66, 97),
(1198, 'Salón 02', 20, 18, 98),
(1199, 'Salón 02', 20, 15, 99),
(1200, 'Salón 02', 20, 5, 100),
(1201, 'Salón 02', 20, 15, 101),
(1202, 'Salón 02', 20, 5, 102),
(1203, 'Salón 02', 20, 68, 103),
(1204, 'Salón 02', 20, 25, 104),
(1205, 'Salón 02', 20, 15, 105),
(1206, 'Salón 02', 20, 54, 106),
(1207, 'Salón 02', 20, 11, 107),
(1208, 'Salón 02', 20, 25, 108),
(1209, 'Salón 02', 20, 27, 109),
(1210, 'Salón 02', 20, 5, 110),
(1211, 'Salón 02', 20, 19, 111),
(1212, 'Salón 02', 20, 68, 112),
(1213, 'Salón 02', 20, 76, 113),
(1214, 'Salón 02', 20, 20, 114),
(1215, 'Salón 02', 20, 15, 115),
(1216, 'Salón 02', 20, 5, 116),
(1217, 'Salón 02', 20, 15, 117),
(1218, 'Salón 02', 20, 68, 118),
(1219, 'Salón 02', 20, 54, 119),
(1220, 'Salón 02', 20, 76, 120),
(1221, 'Salón 02', 20, 15, 121),
(1222, 'Salón 02', 20, 23, 122),
(1223, 'Salón 02', 20, 63, 123),
(1224, 'Salón 02', 20, 70, 124),
(1225, 'Salón 02', 20, 19, 125),
(1226, 'Salón 02', 20, 52, 126),
(1227, 'Salón 02', 20, 76, 127),
(1228, 'Salón 02', 20, 76, 128),
(1229, 'Salón 02', 20, 5, 129),
(1230, 'Salón 02', 20, 15, 130),
(1231, 'Salón 02', 20, 25, 131),
(1232, 'Salón 02', 20, 68, 132),
(1233, 'Salón 02', 20, 50, 133),
(1234, 'Salón 02', 20, 25, 134),
(1235, 'Salón 02', 20, 5, 135),
(1236, 'Salón 02', 20, 76, 136),
(1237, 'Salón 02', 20, 70, 137),
(1238, 'Salón 02', 20, 73, 138),
(1239, 'Salón 02', 20, 19, 139),
(1240, 'Salón 02', 20, 25, 140),
(1241, 'Salón 02', 20, 13, 141),
(1242, 'Salón 02', 20, 95, 142),
(1243, 'Salón 02', 20, 63, 143),
(1244, 'Salón 02', 20, 5, 144),
(1245, 'Salón 02', 20, 15, 145),
(1246, 'Salón 02', 20, 19, 146),
(1247, 'Salón 02', 20, 68, 147),
(1248, 'Salón 02', 20, 76, 148),
(1249, 'Salón 02', 20, 19, 149),
(1250, 'Salón 02', 20, 76, 150),
(1251, 'Salón 02', 20, 5, 151),
(1252, 'Salón 02', 20, 8, 152),
(1253, 'Salón 02', 20, 41, 153),
(1254, 'Salón 02', 20, 15, 154),
(1255, 'Salón 02', 20, 23, 155),
(1256, 'Salón 02', 20, 8, 156),
(1257, 'Salón 02', 20, 76, 157),
(1258, 'Salón 02', 20, 13, 158),
(1259, 'Salón 02', 20, 27, 159),
(1260, 'Salón 02', 20, 25, 160),
(1261, 'Salón 02', 20, 68, 161),
(1262, 'Salón 02', 20, 5, 162),
(1263, 'Salón 02', 20, 5, 163),
(1264, 'Salón 02', 20, 68, 164),
(1265, 'Salón 02', 20, 5, 165),
(1266, 'Salón 02', 20, 73, 166),
(1267, 'Salón 02', 20, 25, 167),
(1268, 'Salón 02', 20, 5, 168),
(1269, 'Salón 02', 20, 27, 169),
(1270, 'Salón 02', 20, 5, 170),
(1271, 'Salón 02', 20, 13, 171),
(1272, 'Salón 02', 20, 18, 172),
(1273, 'Salón 02', 20, 76, 173),
(1274, 'Salón 02', 20, 97, 174),
(1275, 'Salón 02', 20, 73, 175),
(1276, 'Salón 02', 20, 50, 176),
(1277, 'Salón 02', 20, 5, 177),
(1278, 'Salón 02', 20, 5, 178),
(1279, 'Salón 02', 20, 68, 179),
(1280, 'Salón 02', 20, 23, 180),
(1281, 'Salón 02', 20, 15, 181),
(1282, 'Salón 02', 20, 68, 182),
(1283, 'Salón 02', 20, 47, 183),
(1284, 'Salón 02', 20, 52, 184),
(1285, 'Salón 02', 20, 25, 185),
(1286, 'Salón 02', 20, 70, 186),
(1287, 'Salón 02', 20, 73, 187),
(1288, 'Salón 02', 20, 68, 188),
(1289, 'Salón 02', 20, 68, 189),
(1290, 'Salón 02', 20, 5, 190),
(1291, 'Salón 02', 20, 68, 191),
(1292, 'Salón 02', 20, 20, 192),
(1293, 'Salón 02', 20, 23, 193),
(1294, 'Salón 02', 20, 15, 194),
(1295, 'Salón 02', 20, 17, 195),
(1296, 'Salón 02', 20, 54, 196),
(1297, 'Salón 02', 20, 23, 197),
(1298, 'Salón 02', 20, 25, 198),
(1299, 'Salón 02', 20, 68, 199),
(1300, 'Salón 02', 20, 15, 200),
(1301, 'Salón 02', 20, 20, 201),
(1302, 'Salón 02', 20, 15, 202),
(1303, 'Salón 02', 20, 15, 203),
(1304, 'Salón 02', 20, 54, 204),
(1305, 'Salón 02', 20, 15, 205),
(1306, 'Salón 02', 20, 15, 206),
(1307, 'Salón 02', 20, 47, 207),
(1308, 'Salón 02', 20, 25, 208),
(1309, 'Salón 02', 20, 25, 209),
(1310, 'Salón 02', 20, 85, 210),
(1311, 'Salón 02', 20, 25, 211),
(1312, 'Salón 02', 20, 15, 212),
(1313, 'Salón 02', 20, 15, 213),
(1314, 'Salón 02', 20, 13, 214),
(1315, 'Salón 02', 20, 68, 215),
(1316, 'Salón 02', 20, 63, 216),
(1317, 'Salón 02', 20, 5, 217),
(1318, 'Salón 02', 20, 15, 218),
(1319, 'Salón 02', 20, 47, 219),
(1320, 'Salón 02', 20, 23, 220),
(1321, 'Salón 02', 20, 13, 221),
(1322, 'Salón 02', 20, 5, 222),
(1323, 'Salón 02', 20, 73, 223),
(1324, 'Salón 02', 20, 25, 224),
(1325, 'Salón 02', 20, 41, 225),
(1326, 'Salón 02', 20, 70, 226),
(1327, 'Salón 02', 20, 86, 227),
(1328, 'Salón 02', 20, 52, 228),
(1329, 'Salón 02', 20, 5, 229),
(1330, 'Salón 02', 20, 68, 230),
(1331, 'Salón 02', 20, 5, 231),
(1332, 'Salón 02', 20, 47, 232),
(1333, 'Salón 02', 20, 27, 233),
(1334, 'Salón 02', 20, 68, 234),
(1335, 'Salón 02', 20, 52, 235),
(1336, 'Salón 02', 20, 52, 236),
(1337, 'Salón 02', 20, 68, 237),
(1338, 'Salón 02', 20, 54, 238),
(1339, 'Salón 02', 20, 5, 239),
(1340, 'Salón 02', 20, 15, 240),
(1341, 'Salón 02', 20, 63, 241),
(1342, 'Salón 02', 20, 19, 242),
(1343, 'Salón 02', 20, 68, 243),
(1344, 'Salón 02', 20, 70, 244),
(1345, 'Salón 02', 20, 15, 245),
(1346, 'Salón 02', 20, 25, 246),
(1347, 'Salón 02', 20, 23, 247),
(1348, 'Salón 02', 20, 15, 248),
(1349, 'Salón 02', 20, 70, 249),
(1350, 'Salón 02', 20, 73, 250),
(1351, 'Salón 02', 20, 81, 251),
(1352, 'Salón 02', 20, 52, 252),
(1353, 'Salón 02', 20, 50, 253),
(1354, 'Salón 02', 20, 15, 254),
(1355, 'Salón 02', 20, 15, 255),
(1356, 'Salón 02', 20, 25, 256),
(1357, 'Salón 02', 20, 54, 257),
(1358, 'Salón 02', 20, 15, 258),
(1359, 'Salón 02', 20, 50, 259),
(1360, 'Salón 02', 20, 99, 260),
(1361, 'Salón 02', 20, 52, 261),
(1362, 'Salón 02', 20, 52, 262),
(1363, 'Salón 02', 20, 73, 263),
(1364, 'Salón 02', 20, 18, 264),
(1365, 'Salón 02', 20, 68, 265),
(1366, 'Salón 02', 20, 20, 266),
(1367, 'Salón 02', 20, 5, 267),
(1368, 'Salón 02', 20, 54, 268),
(1369, 'Salón 02', 20, 54, 269),
(1370, 'Salón 02', 20, 25, 270),
(1371, 'Salón 02', 20, 27, 271),
(1372, 'Salón 02', 20, 15, 272),
(1373, 'Salón 02', 20, 13, 273),
(1374, 'Salón 02', 20, 52, 274),
(1375, 'Salón 02', 20, 54, 275),
(1376, 'Salón 02', 20, 5, 276),
(1377, 'Salón 02', 20, 76, 277),
(1378, 'Salón 02', 20, 44, 278),
(1379, 'Salón 02', 20, 44, 279),
(1380, 'Salón 02', 20, 73, 280),
(1381, 'Salón 02', 20, 5, 281),
(1382, 'Salón 02', 20, 66, 282),
(1383, 'Salón 02', 20, 15, 283),
(1384, 'Salón 02', 20, 54, 284),
(1385, 'Salón 02', 20, 5, 285),
(1386, 'Salón 02', 20, 5, 286),
(1387, 'Salón 02', 20, 47, 287),
(1388, 'Salón 02', 20, 76, 288),
(1389, 'Salón 02', 20, 50, 289),
(1390, 'Salón 02', 20, 54, 290),
(1391, 'Salón 02', 20, 68, 291),
(1392, 'Salón 02', 20, 27, 292),
(1393, 'Salón 02', 20, 13, 293),
(1394, 'Salón 02', 20, 50, 294),
(1395, 'Salón 02', 20, 76, 295),
(1396, 'Salón 02', 20, 52, 296),
(1397, 'Salón 02', 20, 15, 297),
(1398, 'Salón 02', 20, 25, 298),
(1399, 'Salón 02', 20, 20, 299),
(1400, 'Salón 02', 20, 18, 300),
(1401, 'Salón 02', 20, 50, 301),
(1402, 'Salón 02', 20, 76, 302),
(1403, 'Salón 02', 20, 15, 303),
(1404, 'Salón 02', 20, 68, 304),
(1405, 'Salón 02', 20, 13, 305),
(1406, 'Salón 02', 20, 44, 306),
(1407, 'Salón 02', 20, 20, 307),
(1408, 'Salón 02', 20, 18, 308),
(1409, 'Salón 02', 20, 52, 309),
(1410, 'Salón 02', 20, 13, 310),
(1411, 'Salón 02', 20, 68, 311),
(1412, 'Salón 02', 20, 25, 312),
(1413, 'Salón 02', 20, 47, 313),
(1414, 'Salón 02', 20, 68, 314),
(1415, 'Salón 02', 20, 95, 315),
(1416, 'Salón 02', 20, 47, 316),
(1417, 'Salón 02', 20, 70, 317),
(1418, 'Salón 02', 20, 25, 318),
(1419, 'Salón 02', 20, 52, 319),
(1420, 'Salón 02', 20, 52, 320),
(1421, 'Salón 02', 20, 19, 321),
(1422, 'Salón 02', 20, 52, 322),
(1423, 'Salón 02', 20, 54, 323),
(1424, 'Salón 02', 20, 54, 324),
(1425, 'Salón 02', 20, 76, 325),
(1426, 'Salón 02', 20, 41, 326),
(1427, 'Salón 02', 20, 68, 327),
(1428, 'Salón 02', 20, 68, 328),
(1429, 'Salón 02', 20, 5, 329),
(1430, 'Salón 02', 20, 5, 330),
(1431, 'Salón 02', 20, 73, 331),
(1432, 'Salón 02', 20, 25, 332),
(1433, 'Salón 02', 20, 73, 333),
(1434, 'Salón 02', 20, 17, 334),
(1435, 'Salón 02', 20, 63, 335),
(1436, 'Salón 02', 20, 15, 336),
(1437, 'Salón 02', 20, 73, 337),
(1438, 'Salón 02', 20, 18, 338),
(1439, 'Salón 02', 20, 19, 339),
(1440, 'Salón 02', 20, 15, 340),
(1441, 'Salón 02', 20, 76, 341),
(1442, 'Salón 02', 20, 68, 342),
(1443, 'Salón 02', 20, 68, 343),
(1444, 'Salón 02', 20, 44, 344),
(1445, 'Salón 02', 20, 81, 345),
(1446, 'Salón 02', 20, 25, 346),
(1447, 'Salón 02', 20, 52, 347),
(1448, 'Salón 02', 20, 5, 348),
(1449, 'Salón 02', 20, 73, 349),
(1450, 'Salón 02', 20, 5, 350),
(1451, 'Salón 02', 20, 50, 351),
(1452, 'Salón 02', 20, 47, 352),
(1453, 'Salón 02', 20, 52, 353),
(1454, 'Salón 02', 20, 25, 354),
(1455, 'Salón 02', 20, 25, 355),
(1456, 'Salón 02', 20, 25, 356),
(1457, 'Salón 02', 20, 25, 357),
(1458, 'Salón 02', 20, 25, 358),
(1459, 'Salón 02', 20, 25, 359),
(1460, 'Salón 02', 20, 15, 360),
(1461, 'Salón 02', 20, 25, 361),
(1462, 'Salón 02', 20, 8, 362),
(1463, 'Salón 02', 20, 70, 363),
(1464, 'Salón 02', 20, 68, 364),
(1465, 'Salón 02', 20, 25, 365),
(1466, 'Salón 02', 20, 20, 366),
(1467, 'Salón 02', 20, 15, 367),
(1468, 'Salón 02', 20, 41, 368),
(1469, 'Salón 02', 20, 41, 369),
(1470, 'Salón 02', 20, 76, 370),
(1471, 'Salón 02', 20, 5, 371),
(1472, 'Salón 02', 20, 25, 372),
(1473, 'Salón 02', 20, 5, 373),
(1474, 'Salón 02', 20, 68, 374),
(1475, 'Salón 02', 20, 20, 375),
(1476, 'Salón 02', 20, 54, 376),
(1477, 'Salón 02', 20, 5, 377),
(1478, 'Salón 02', 20, 25, 378),
(1479, 'Salón 02', 20, 50, 379),
(1480, 'Salón 02', 20, 68, 380),
(1481, 'Salón 02', 20, 15, 381),
(1482, 'Salón 02', 20, 76, 382),
(1483, 'Salón 02', 20, 52, 383),
(1484, 'Salón 02', 20, 19, 384),
(1485, 'Salón 02', 20, 25, 385),
(1486, 'Salón 02', 20, 52, 386),
(1487, 'Salón 02', 20, 5, 387),
(1488, 'Salón 02', 20, 41, 388),
(1489, 'Salón 02', 20, 68, 389),
(1490, 'Salón 02', 20, 25, 390),
(1491, 'Salón 02', 20, 52, 391),
(1492, 'Salón 02', 20, 52, 392),
(1493, 'Salón 02', 20, 47, 393),
(1494, 'Salón 02', 20, 50, 394),
(1495, 'Salón 02', 20, 73, 395),
(1496, 'Salón 02', 20, 68, 396),
(1497, 'Salón 02', 20, 19, 397),
(1498, 'Salón 02', 20, 70, 398),
(1499, 'Salón 02', 20, 5, 399),
(1500, 'Salón 02', 20, 25, 400),
(1501, 'Salón 02', 20, 5, 401),
(1502, 'Salón 02', 20, 25, 402),
(1503, 'Salón 02', 20, 25, 403),
(1504, 'Salón 02', 20, 15, 404),
(1505, 'Salón 02', 20, 68, 405),
(1506, 'Salón 02', 20, 25, 406),
(1507, 'Salón 02', 20, 25, 407),
(1508, 'Salón 02', 20, 15, 408),
(1509, 'Salón 02', 20, 68, 409),
(1510, 'Salón 02', 20, 15, 410),
(1511, 'Salón 02', 20, 25, 411),
(1512, 'Salón 02', 20, 66, 412),
(1513, 'Salón 02', 20, 68, 413),
(1514, 'Salón 02', 20, 15, 414),
(1515, 'Salón 02', 20, 63, 415),
(1516, 'Salón 02', 20, 5, 416),
(1517, 'Salón 02', 20, 54, 417),
(1518, 'Salón 02', 20, 13, 418),
(1519, 'Salón 02', 20, 68, 419),
(1520, 'Salón 02', 20, 85, 420),
(1521, 'Salón 02', 20, 44, 421),
(1522, 'Salón 02', 20, 5, 422),
(1523, 'Salón 02', 20, 54, 423),
(1524, 'Salón 02', 20, 73, 424),
(1525, 'Salón 02', 20, 5, 425),
(1526, 'Salón 02', 20, 41, 426),
(1527, 'Salón 02', 20, 73, 427),
(1528, 'Salón 02', 20, 73, 428),
(1529, 'Salón 02', 20, 73, 429),
(1530, 'Salón 02', 20, 52, 430),
(1531, 'Salón 02', 20, 52, 431),
(1532, 'Salón 02', 20, 19, 432),
(1533, 'Salón 02', 20, 94, 433),
(1534, 'Salón 02', 20, 52, 434),
(1535, 'Salón 02', 20, 41, 435),
(1536, 'Salón 02', 20, 27, 436),
(1537, 'Salón 02', 20, 5, 437),
(1538, 'Salón 02', 20, 5, 438),
(1539, 'Salón 02', 20, 15, 439),
(1540, 'Salón 02', 20, 19, 440),
(1541, 'Salón 02', 20, 76, 441),
(1542, 'Salón 02', 20, 5, 442),
(1543, 'Salón 02', 20, 15, 443),
(1544, 'Salón 02', 20, 5, 444),
(1545, 'Salón 02', 20, 15, 445),
(1546, 'Salón 02', 20, 25, 446),
(1547, 'Salón 02', 20, 68, 447),
(1548, 'Salón 02', 20, 68, 448),
(1549, 'Salón 02', 20, 8, 449),
(1550, 'Salón 02', 20, 25, 450),
(1551, 'Salón 02', 20, 27, 451),
(1552, 'Salón 02', 20, 23, 452),
(1553, 'Salón 02', 20, 41, 453),
(1554, 'Salón 02', 20, 68, 454),
(1555, 'Salón 02', 20, 25, 455),
(1556, 'Salón 02', 20, 15, 456),
(1557, 'Salón 02', 20, 5, 457),
(1558, 'Salón 02', 20, 66, 458),
(1559, 'Salón 02', 20, 52, 459),
(1560, 'Salón 02', 20, 76, 460),
(1561, 'Salón 02', 20, 17, 461),
(1562, 'Salón 02', 20, 54, 462),
(1563, 'Salón 02', 20, 5, 463),
(1564, 'Salón 02', 20, 52, 464),
(1565, 'Salón 02', 20, 20, 465),
(1566, 'Salón 02', 20, 20, 466),
(1567, 'Salón 02', 20, 44, 467),
(1568, 'Salón 02', 20, 52, 468),
(1569, 'Salón 02', 20, 50, 469),
(1570, 'Salón 02', 20, 17, 470),
(1571, 'Salón 02', 20, 25, 471),
(1572, 'Salón 02', 20, 18, 472),
(1573, 'Salón 02', 20, 25, 473),
(1574, 'Salón 02', 20, 68, 474),
(1575, 'Salón 02', 20, 20, 475),
(1576, 'Salón 02', 20, 25, 476),
(1577, 'Salón 02', 20, 5, 477),
(1578, 'Salón 02', 20, 41, 478),
(1579, 'Salón 02', 20, 54, 479),
(1580, 'Salón 02', 20, 99, 480),
(1581, 'Salón 02', 20, 85, 481),
(1582, 'Salón 02', 20, 19, 482),
(1583, 'Salón 02', 20, 63, 483),
(1584, 'Salón 02', 20, 52, 484),
(1585, 'Salón 02', 20, 5, 485),
(1586, 'Salón 02', 20, 52, 486),
(1587, 'Salón 02', 20, 70, 487),
(1588, 'Salón 02', 20, 76, 488),
(1589, 'Salón 02', 20, 15, 489),
(1590, 'Salón 02', 20, 19, 490),
(1591, 'Salón 02', 20, 25, 491),
(1592, 'Salón 02', 20, 15, 492),
(1593, 'Salón 02', 20, 17, 493),
(1594, 'Salón 02', 20, 76, 494),
(1595, 'Salón 02', 20, 66, 495),
(1596, 'Salón 02', 20, 54, 496),
(1597, 'Salón 02', 20, 15, 497),
(1598, 'Salón 02', 20, 68, 498),
(1599, 'Salón 02', 20, 68, 499),
(1600, 'Salón 02', 20, 52, 500),
(1601, 'Salón 02', 20, 50, 501),
(1602, 'Salón 02', 20, 25, 502),
(1603, 'Salón 02', 20, 91, 503),
(1604, 'Salón 02', 20, 5, 504),
(1605, 'Salón 02', 20, 52, 505),
(1606, 'Salón 02', 20, 27, 506),
(1607, 'Salón 02', 20, 23, 507),
(1608, 'Salón 02', 20, 23, 508),
(1609, 'Salón 02', 20, 70, 509),
(1610, 'Salón 02', 20, 54, 510),
(1611, 'Salón 02', 20, 68, 511),
(1612, 'Salón 02', 20, 54, 512),
(1613, 'Salón 02', 20, 8, 513),
(1614, 'Salón 02', 20, 73, 514),
(1615, 'Salón 02', 20, 73, 515),
(1616, 'Salón 02', 20, 19, 516),
(1617, 'Salón 02', 20, 15, 517),
(1618, 'Salón 02', 20, 68, 518),
(1619, 'Salón 02', 20, 5, 519),
(1620, 'Salón 02', 20, 25, 520),
(1621, 'Salón 02', 20, 25, 521),
(1622, 'Salón 02', 20, 13, 522),
(1623, 'Salón 02', 20, 52, 523),
(1624, 'Salón 02', 20, 13, 524),
(1625, 'Salón 02', 20, 44, 525),
(1626, 'Salón 02', 20, 70, 526),
(1627, 'Salón 02', 20, 8, 527),
(1628, 'Salón 02', 20, 52, 528),
(1629, 'Salón 02', 20, 8, 529),
(1630, 'Salón 02', 20, 44, 530),
(1631, 'Salón 02', 20, 20, 531),
(1632, 'Salón 02', 20, 17, 532),
(1633, 'Salón 02', 20, 25, 533),
(1634, 'Salón 02', 20, 17, 534),
(1635, 'Salón 02', 20, 85, 535),
(1636, 'Salón 02', 20, 50, 536),
(1637, 'Salón 02', 20, 13, 537),
(1638, 'Salón 02', 20, 5, 538),
(1639, 'Salón 02', 20, 15, 539),
(1640, 'Salón 02', 20, 73, 540),
(1641, 'Salón 02', 20, 17, 541),
(1642, 'Salón 02', 20, 17, 542),
(1643, 'Salón 02', 20, 66, 543),
(1644, 'Salón 02', 20, 17, 544),
(1645, 'Salón 02', 20, 13, 545),
(1646, 'Salón 02', 20, 68, 546),
(1647, 'Salón 02', 20, 5, 547),
(1648, 'Salón 02', 20, 25, 548),
(1649, 'Salón 02', 20, 27, 549),
(1650, 'Salón 02', 20, 27, 550),
(1651, 'Salón 02', 20, 27, 551),
(1652, 'Salón 02', 20, 73, 552),
(1653, 'Salón 02', 20, 19, 553),
(1654, 'Salón 02', 20, 50, 554),
(1655, 'Salón 02', 20, 18, 555),
(1656, 'Salón 02', 20, 15, 556);
INSERT INTO `salones` (`id`, `descripcion`, `capacidad`, `regional`, `ciudad`) VALUES
(1657, 'Salón 02', 20, 95, 557),
(1658, 'Salón 02', 20, 19, 558),
(1659, 'Salón 02', 20, 66, 559),
(1660, 'Salón 02', 20, 97, 560),
(1661, 'Salón 02', 20, 86, 561),
(1662, 'Salón 02', 20, 68, 562),
(1663, 'Salón 02', 20, 68, 563),
(1664, 'Salón 02', 20, 23, 564),
(1665, 'Salón 02', 20, 13, 565),
(1666, 'Salón 02', 20, 15, 566),
(1667, 'Salón 02', 20, 15, 567),
(1668, 'Salón 02', 20, 15, 568),
(1669, 'Salón 02', 20, 5, 569),
(1670, 'Salón 02', 20, 13, 570),
(1671, 'Salón 02', 20, 23, 571),
(1672, 'Salón 02', 20, 63, 572),
(1673, 'Salón 02', 20, 23, 573),
(1674, 'Salón 02', 20, 85, 574),
(1675, 'Salón 02', 20, 13, 575),
(1676, 'Salón 02', 20, 19, 576),
(1677, 'Salón 02', 20, 18, 577),
(1678, 'Salón 02', 20, 70, 578),
(1679, 'Salón 02', 20, 25, 579),
(1680, 'Salón 02', 20, 52, 580),
(1681, 'Salón 02', 20, 15, 581),
(1682, 'Salón 02', 20, 23, 582),
(1683, 'Salón 02', 20, 73, 583),
(1684, 'Salón 02', 20, 5, 584),
(1685, 'Salón 02', 20, 5, 585),
(1686, 'Salón 02', 20, 54, 586),
(1687, 'Salón 02', 20, 15, 587),
(1688, 'Salón 02', 20, 68, 588),
(1689, 'Salón 02', 20, 5, 589),
(1690, 'Salón 02', 20, 25, 590),
(1691, 'Salón 02', 20, 52, 591),
(1692, 'Salón 02', 20, 73, 592),
(1693, 'Salón 02', 20, 5, 593),
(1694, 'Salón 02', 20, 5, 594),
(1695, 'Salón 02', 20, 17, 595),
(1696, 'Salón 02', 20, 41, 596),
(1697, 'Salón 02', 20, 25, 597),
(1698, 'Salón 02', 20, 25, 598),
(1699, 'Salón 02', 20, 25, 599),
(1700, 'Salón 02', 20, 15, 600),
(1701, 'Salón 02', 20, 25, 601),
(1702, 'Salón 02', 20, 17, 602),
(1703, 'Salón 02', 20, 13, 603),
(1704, 'Salón 02', 20, 27, 604),
(1705, 'Salón 02', 20, 47, 605),
(1706, 'Salón 02', 20, 15, 606),
(1707, 'Salón 02', 20, 85, 607),
(1708, 'Salón 02', 20, 27, 608),
(1709, 'Salón 02', 20, 41, 609),
(1710, 'Salón 02', 20, 76, 610),
(1711, 'Salón 02', 20, 68, 611),
(1712, 'Salón 02', 20, 54, 612),
(1713, 'Salón 02', 20, 68, 613),
(1714, 'Salón 02', 20, 15, 614),
(1715, 'Salón 02', 20, 5, 615),
(1716, 'Salón 02', 20, 52, 616),
(1717, 'Salón 02', 20, 68, 617),
(1718, 'Salón 02', 20, 41, 618),
(1719, 'Salón 02', 20, 86, 619),
(1720, 'Salón 02', 20, 85, 620),
(1721, 'Salón 02', 20, 73, 621),
(1722, 'Salón 02', 20, 52, 622),
(1723, 'Salón 02', 20, 15, 623),
(1724, 'Salón 02', 20, 70, 624),
(1725, 'Salón 02', 20, 15, 625),
(1726, 'Salón 02', 20, 25, 626),
(1727, 'Salón 02', 20, 19, 627),
(1728, 'Salón 02', 20, 41, 628),
(1729, 'Salón 02', 20, 20, 629),
(1730, 'Salón 02', 20, 25, 630),
(1731, 'Salón 02', 20, 15, 631),
(1732, 'Salón 02', 20, 15, 632),
(1733, 'Salón 02', 20, 41, 633),
(1734, 'Salón 02', 20, 17, 634),
(1735, 'Salón 02', 20, 41, 635),
(1736, 'Salón 02', 20, 68, 636),
(1737, 'Salón 02', 20, 8, 637),
(1738, 'Salón 02', 20, 68, 638),
(1739, 'Salón 02', 20, 76, 639),
(1740, 'Salón 02', 20, 70, 640),
(1741, 'Salón 02', 20, 73, 641),
(1742, 'Salón 02', 20, 54, 642),
(1743, 'Salón 02', 20, 54, 643),
(1744, 'Salón 02', 20, 25, 644),
(1745, 'Salón 02', 20, 15, 645),
(1746, 'Salón 02', 20, 25, 646),
(1747, 'Salón 02', 20, 25, 647),
(1748, 'Salón 02', 20, 19, 648),
(1749, 'Salón 02', 20, 15, 649),
(1750, 'Salón 02', 20, 15, 650),
(1751, 'Salón 02', 20, 85, 651),
(1752, 'Salón 02', 20, 15, 652),
(1753, 'Salón 02', 20, 47, 653),
(1754, 'Salón 02', 20, 20, 654),
(1755, 'Salón 02', 20, 17, 655),
(1756, 'Salón 02', 20, 5, 656),
(1757, 'Salón 02', 20, 66, 657),
(1758, 'Salón 02', 20, 15, 658),
(1759, 'Salón 02', 20, 5, 659),
(1760, 'Salón 02', 20, 19, 660),
(1761, 'Salón 02', 20, 68, 661),
(1762, 'Salón 02', 20, 73, 662),
(1763, 'Salón 02', 20, 19, 663),
(1764, 'Salón 02', 20, 63, 664),
(1765, 'Salón 02', 20, 47, 665),
(1766, 'Salón 02', 20, 68, 666),
(1767, 'Salón 02', 20, 13, 667),
(1768, 'Salón 02', 20, 8, 668),
(1769, 'Salón 02', 20, 15, 669),
(1770, 'Salón 02', 20, 41, 670),
(1771, 'Salón 02', 20, 41, 671),
(1772, 'Salón 02', 20, 47, 672),
(1773, 'Salón 02', 20, 73, 673),
(1774, 'Salón 02', 20, 23, 674),
(1775, 'Salón 02', 20, 47, 675),
(1776, 'Salón 02', 20, 52, 676),
(1777, 'Salón 02', 20, 8, 677),
(1778, 'Salón 02', 20, 8, 678),
(1779, 'Salón 02', 20, 19, 679),
(1780, 'Salón 02', 20, 85, 680),
(1781, 'Salón 02', 20, 52, 681),
(1782, 'Salón 02', 20, 76, 682),
(1783, 'Salón 02', 20, 73, 683),
(1784, 'Salón 02', 20, 52, 684),
(1785, 'Salón 02', 20, 88, 685),
(1786, 'Salón 02', 20, 20, 686),
(1787, 'Salón 02', 20, 23, 687),
(1788, 'Salón 02', 20, 66, 688),
(1789, 'Salón 02', 20, 5, 689),
(1790, 'Salón 02', 20, 47, 690),
(1791, 'Salón 02', 20, 68, 691),
(1792, 'Salón 02', 20, 52, 692),
(1793, 'Salón 02', 20, 86, 693),
(1794, 'Salón 02', 20, 5, 694),
(1795, 'Salón 02', 20, 15, 695),
(1796, 'Salón 02', 20, 86, 696),
(1797, 'Salón 02', 20, 99, 697),
(1798, 'Salón 02', 20, 8, 698),
(1799, 'Salón 02', 20, 50, 699),
(1800, 'Salón 02', 20, 23, 700),
(1801, 'Salón 02', 20, 50, 701),
(1802, 'Salón 02', 20, 86, 702),
(1803, 'Salón 02', 20, 86, 703),
(1804, 'Salón 02', 20, 23, 704),
(1805, 'Salón 02', 20, 50, 705),
(1806, 'Salón 02', 20, 50, 706),
(1807, 'Salón 02', 20, 5, 707),
(1808, 'Salón 02', 20, 91, 708),
(1809, 'Salón 02', 20, 68, 709),
(1810, 'Salón 02', 20, 18, 710),
(1811, 'Salón 02', 20, 50, 711),
(1812, 'Salón 02', 20, 81, 712),
(1813, 'Salón 02', 20, 25, 713),
(1814, 'Salón 02', 20, 54, 714),
(1815, 'Salón 02', 20, 19, 715),
(1816, 'Salón 02', 20, 5, 716),
(1817, 'Salón 02', 20, 68, 717),
(1818, 'Salón 02', 20, 25, 718),
(1819, 'Salón 02', 20, 52, 719),
(1820, 'Salón 02', 20, 19, 720),
(1821, 'Salón 02', 20, 73, 721),
(1822, 'Salón 02', 20, 23, 722),
(1823, 'Salón 02', 20, 17, 723),
(1824, 'Salón 02', 20, 15, 724),
(1825, 'Salón 02', 20, 19, 725),
(1826, 'Salón 02', 20, 68, 726),
(1827, 'Salón 02', 20, 25, 727),
(1828, 'Salón 02', 20, 25, 728),
(1829, 'Salón 02', 20, 27, 729),
(1830, 'Salón 02', 20, 63, 730),
(1831, 'Salón 02', 20, 66, 731),
(1832, 'Salón 02', 20, 15, 732),
(1833, 'Salón 02', 20, 25, 733),
(1834, 'Salón 02', 20, 54, 734),
(1835, 'Salón 02', 20, 15, 735),
(1836, 'Salón 02', 20, 85, 736),
(1837, 'Salón 02', 20, 13, 737),
(1838, 'Salón 02', 20, 5, 738),
(1839, 'Salón 02', 20, 47, 739),
(1840, 'Salón 02', 20, 8, 740),
(1841, 'Salón 02', 20, 50, 741),
(1842, 'Salón 02', 20, 76, 742),
(1843, 'Salón 02', 20, 5, 743),
(1844, 'Salón 02', 20, 25, 744),
(1845, 'Salón 02', 20, 52, 745),
(1846, 'Salón 02', 20, 68, 746),
(1847, 'Salón 02', 20, 73, 747),
(1848, 'Salón 02', 20, 76, 748),
(1849, 'Salón 02', 20, 44, 749),
(1850, 'Salón 02', 20, 17, 750),
(1851, 'Salón 02', 20, 41, 751),
(1852, 'Salón 02', 20, 52, 752),
(1853, 'Salón 02', 20, 76, 753),
(1854, 'Salón 02', 20, 73, 754),
(1855, 'Salón 02', 20, 15, 755),
(1856, 'Salón 02', 20, 19, 756),
(1857, 'Salón 02', 20, 73, 757),
(1858, 'Salón 02', 20, 15, 758),
(1859, 'Salón 02', 20, 27, 759),
(1860, 'Salón 02', 20, 27, 760),
(1861, 'Salón 02', 20, 17, 761),
(1862, 'Salón 02', 20, 13, 762),
(1863, 'Salón 02', 20, 20, 763),
(1864, 'Salón 02', 20, 5, 764),
(1865, 'Salón 02', 20, 27, 765),
(1866, 'Salón 02', 20, 68, 766),
(1867, 'Salón 02', 20, 8, 767),
(1868, 'Salón 02', 20, 5, 768),
(1869, 'Salón 02', 20, 8, 769),
(1870, 'Salón 02', 20, 85, 770),
(1871, 'Salón 02', 20, 47, 771),
(1872, 'Salón 02', 20, 5, 772),
(1873, 'Salón 02', 20, 15, 773),
(1874, 'Salón 02', 20, 23, 774),
(1875, 'Salón 02', 20, 41, 775),
(1876, 'Salón 02', 20, 17, 776),
(1877, 'Salón 02', 20, 47, 777),
(1878, 'Salón 02', 20, 54, 778),
(1879, 'Salón 02', 20, 73, 779),
(1880, 'Salón 02', 20, 63, 780),
(1881, 'Salón 02', 20, 5, 781),
(1882, 'Salón 02', 20, 15, 782),
(1883, 'Salón 02', 20, 52, 783),
(1884, 'Salón 02', 20, 17, 784),
(1885, 'Salón 02', 20, 70, 785),
(1886, 'Salón 02', 20, 41, 786),
(1887, 'Salón 02', 20, 20, 787),
(1888, 'Salón 02', 20, 68, 788),
(1889, 'Salón 02', 20, 23, 789),
(1890, 'Salón 02', 20, 5, 790),
(1891, 'Salón 02', 20, 23, 791),
(1892, 'Salón 02', 20, 73, 792),
(1893, 'Salón 02', 20, 25, 793),
(1894, 'Salón 02', 20, 68, 794),
(1895, 'Salón 02', 20, 70, 795),
(1896, 'Salón 02', 20, 25, 796),
(1897, 'Salón 02', 20, 52, 797),
(1898, 'Salón 02', 20, 23, 798),
(1899, 'Salón 02', 20, 54, 799),
(1900, 'Salón 02', 20, 5, 800),
(1901, 'Salón 02', 20, 23, 801),
(1902, 'Salón 02', 20, 50, 802),
(1903, 'Salón 02', 20, 25, 803),
(1904, 'Salón 02', 20, 54, 804),
(1905, 'Salón 02', 20, 13, 805),
(1906, 'Salón 02', 20, 20, 806),
(1907, 'Salón 02', 20, 15, 807),
(1908, 'Salón 02', 20, 13, 808),
(1909, 'Salón 02', 20, 13, 809),
(1910, 'Salón 02', 20, 5, 810),
(1911, 'Salón 02', 20, 25, 811),
(1912, 'Salón 02', 20, 86, 812),
(1913, 'Salón 02', 20, 68, 813),
(1914, 'Salón 02', 20, 13, 814),
(1915, 'Salón 02', 20, 13, 815),
(1916, 'Salón 02', 20, 5, 816),
(1917, 'Salón 02', 20, 68, 817),
(1918, 'Salón 02', 20, 17, 818),
(1919, 'Salón 02', 20, 68, 819),
(1920, 'Salón 02', 20, 5, 820),
(1921, 'Salón 02', 20, 15, 821),
(1922, 'Salón 02', 20, 23, 822),
(1923, 'Salón 02', 20, 18, 823),
(1924, 'Salón 02', 20, 95, 824),
(1925, 'Salón 02', 20, 27, 825),
(1926, 'Salón 02', 20, 50, 826),
(1927, 'Salón 02', 20, 70, 827),
(1928, 'Salón 02', 20, 13, 828),
(1929, 'Salón 02', 20, 52, 829),
(1930, 'Salón 02', 20, 25, 830),
(1931, 'Salón 02', 20, 5, 831),
(1932, 'Salón 02', 20, 44, 832),
(1933, 'Salón 02', 20, 50, 833),
(1934, 'Salón 02', 20, 52, 834),
(1935, 'Salón 02', 20, 73, 835),
(1936, 'Salón 02', 20, 5, 836),
(1937, 'Salón 02', 20, 15, 837),
(1938, 'Salón 02', 20, 85, 838),
(1939, 'Salón 02', 20, 70, 839),
(1940, 'Salón 02', 20, 20, 840),
(1941, 'Salón 02', 20, 50, 841),
(1942, 'Salón 02', 20, 13, 842),
(1943, 'Salón 02', 20, 15, 843),
(1944, 'Salón 02', 20, 68, 844),
(1945, 'Salón 02', 20, 86, 845),
(1946, 'Salón 02', 20, 15, 846),
(1947, 'Salón 02', 20, 70, 847),
(1948, 'Salón 02', 20, 13, 848),
(1949, 'Salón 02', 20, 52, 849),
(1950, 'Salón 02', 20, 15, 850),
(1951, 'Salón 02', 20, 5, 851),
(1952, 'Salón 02', 20, 70, 852),
(1953, 'Salón 02', 20, 76, 853),
(1954, 'Salón 02', 20, 52, 854),
(1955, 'Salón 02', 20, 5, 855),
(1956, 'Salón 02', 20, 23, 856),
(1957, 'Salón 02', 20, 5, 857),
(1958, 'Salón 02', 20, 5, 858),
(1959, 'Salón 02', 20, 19, 859),
(1960, 'Salón 02', 20, 47, 860),
(1961, 'Salón 02', 20, 5, 861),
(1962, 'Salón 02', 20, 18, 862),
(1963, 'Salón 02', 20, 68, 863),
(1964, 'Salón 02', 20, 47, 864),
(1965, 'Salón 02', 20, 52, 865),
(1966, 'Salón 02', 20, 47, 866),
(1967, 'Salón 02', 20, 5, 867),
(1968, 'Salón 02', 20, 68, 868),
(1969, 'Salón 02', 20, 52, 869),
(1970, 'Salón 02', 20, 47, 870),
(1971, 'Salón 02', 20, 13, 871),
(1972, 'Salón 02', 20, 5, 872),
(1973, 'Salón 02', 20, 27, 873),
(1974, 'Salón 02', 20, 68, 874),
(1975, 'Salón 02', 20, 73, 875),
(1976, 'Salón 02', 20, 8, 876),
(1977, 'Salón 02', 20, 47, 877),
(1978, 'Salón 02', 20, 15, 878),
(1979, 'Salón 02', 20, 41, 879),
(1980, 'Salón 02', 20, 13, 880),
(1981, 'Salón 02', 20, 19, 881),
(1982, 'Salón 02', 20, 66, 882),
(1983, 'Salón 02', 20, 5, 883),
(1984, 'Salón 02', 20, 15, 884),
(1985, 'Salón 02', 20, 13, 885),
(1986, 'Salón 02', 20, 99, 886),
(1987, 'Salón 02', 20, 15, 887),
(1988, 'Salón 02', 20, 15, 888),
(1989, 'Salón 02', 20, 19, 889),
(1990, 'Salón 02', 20, 54, 890),
(1991, 'Salón 02', 20, 86, 891),
(1992, 'Salón 02', 20, 5, 892),
(1993, 'Salón 02', 20, 8, 893),
(1994, 'Salón 02', 20, 5, 894),
(1995, 'Salón 02', 20, 66, 895),
(1996, 'Salón 02', 20, 52, 896),
(1997, 'Salón 02', 20, 81, 897),
(1998, 'Salón 02', 20, 54, 898),
(1999, 'Salón 02', 20, 25, 899),
(2000, 'Salón 02', 20, 15, 900),
(2001, 'Salón 02', 20, 15, 901),
(2002, 'Salón 02', 20, 5, 902),
(2003, 'Salón 02', 20, 25, 903),
(2004, 'Salón 02', 20, 76, 904),
(2005, 'Salón 02', 20, 15, 905),
(2006, 'Salón 02', 20, 25, 906),
(2007, 'Salón 02', 20, 86, 907),
(2008, 'Salón 02', 20, 54, 908),
(2009, 'Salón 02', 20, 25, 909),
(2010, 'Salón 02', 20, 19, 910),
(2011, 'Salón 02', 20, 68, 911),
(2012, 'Salón 02', 20, 25, 912),
(2013, 'Salón 02', 20, 13, 913),
(2014, 'Salón 02', 20, 70, 914),
(2015, 'Salón 02', 20, 70, 915),
(2016, 'Salón 02', 20, 27, 916),
(2017, 'Salón 02', 20, 47, 917),
(2018, 'Salón 02', 20, 25, 918),
(2019, 'Salón 02', 20, 15, 919),
(2020, 'Salón 02', 20, 15, 920),
(2021, 'Salón 02', 20, 68, 921),
(2022, 'Salón 02', 20, 15, 922),
(2023, 'Salón 02', 20, 15, 923),
(2024, 'Salón 02', 20, 18, 924),
(2025, 'Salón 02', 20, 8, 925),
(2026, 'Salón 02', 20, 18, 926),
(2027, 'Salón 02', 20, 15, 927),
(2028, 'Salón 02', 20, 5, 928),
(2029, 'Salón 02', 20, 5, 929),
(2030, 'Salón 02', 20, 13, 930),
(2031, 'Salón 02', 20, 25, 931),
(2032, 'Salón 02', 20, 15, 932),
(2033, 'Salón 02', 20, 15, 933),
(2034, 'Salón 02', 20, 15, 934),
(2035, 'Salón 02', 20, 19, 935),
(2036, 'Salón 02', 20, 52, 936),
(2037, 'Salón 02', 20, 68, 937),
(2038, 'Salón 02', 20, 8, 938),
(2039, 'Salón 02', 20, 41, 939),
(2040, 'Salón 02', 20, 25, 940),
(2041, 'Salón 02', 20, 19, 941),
(2042, 'Salón 02', 20, 68, 942),
(2043, 'Salón 02', 20, 70, 943),
(2044, 'Salón 02', 20, 25, 944),
(2045, 'Salón 02', 20, 25, 945),
(2046, 'Salón 02', 20, 17, 946),
(2047, 'Salón 02', 20, 68, 947),
(2048, 'Salón 02', 20, 25, 948),
(2049, 'Salón 02', 20, 15, 949),
(2050, 'Salón 02', 20, 15, 950),
(2051, 'Salón 02', 20, 25, 951),
(2052, 'Salón 02', 20, 15, 952),
(2053, 'Salón 02', 20, 19, 953),
(2054, 'Salón 02', 20, 73, 954),
(2055, 'Salón 02', 20, 85, 955),
(2056, 'Salón 02', 20, 15, 956),
(2057, 'Salón 02', 20, 25, 957),
(2058, 'Salón 02', 20, 27, 958),
(2059, 'Salón 02', 20, 13, 959),
(2060, 'Salón 02', 20, 20, 960),
(2061, 'Salón 02', 20, 81, 961),
(2062, 'Salón 02', 20, 52, 962),
(2063, 'Salón 02', 20, 52, 963),
(2064, 'Salón 02', 20, 97, 964),
(2065, 'Salón 02', 20, 5, 965),
(2066, 'Salón 02', 20, 41, 966),
(2067, 'Salón 02', 20, 5, 967),
(2068, 'Salón 02', 20, 15, 968),
(2069, 'Salón 02', 20, 85, 969),
(2070, 'Salón 02', 20, 25, 970),
(2071, 'Salón 02', 20, 41, 971),
(2072, 'Salón 02', 20, 25, 972),
(2073, 'Salón 02', 20, 47, 973),
(2074, 'Salón 02', 20, 25, 974),
(2075, 'Salón 02', 20, 15, 975),
(2076, 'Salón 02', 20, 54, 976),
(2077, 'Salón 02', 20, 41, 977),
(2078, 'Salón 02', 20, 41, 978),
(2079, 'Salón 02', 20, 25, 979),
(2080, 'Salón 02', 20, 15, 980),
(2081, 'Salón 02', 20, 15, 981),
(2082, 'Salón 02', 20, 25, 982),
(2083, 'Salón 02', 20, 54, 983),
(2084, 'Salón 02', 20, 23, 984),
(2085, 'Salón 02', 20, 41, 985),
(2086, 'Salón 02', 20, 19, 986),
(2087, 'Salón 02', 20, 19, 987),
(2088, 'Salón 02', 20, 15, 988),
(2089, 'Salón 02', 20, 15, 989),
(2090, 'Salón 02', 20, 13, 990),
(2091, 'Salón 02', 20, 5, 991),
(2092, 'Salón 02', 20, 15, 992),
(2093, 'Salón 02', 20, 25, 993),
(2094, 'Salón 02', 20, 25, 994),
(2095, 'Salón 02', 20, 15, 995),
(2096, 'Salón 02', 20, 5, 996),
(2097, 'Salón 02', 20, 54, 997),
(2098, 'Salón 02', 20, 70, 998),
(2099, 'Salón 02', 20, 70, 999),
(2100, 'Salón 02', 20, 68, 1000),
(2101, 'Salón 02', 20, 15, 1001),
(2102, 'Salón 02', 20, 25, 1002),
(2103, 'Salón 02', 20, 19, 1003),
(2104, 'Salón 02', 20, 76, 1004),
(2105, 'Salón 02', 20, 15, 1005),
(2106, 'Salón 02', 20, 19, 1006),
(2107, 'Salón 02', 20, 85, 1007),
(2108, 'Salón 02', 20, 76, 1008),
(2109, 'Salón 02', 20, 8, 1009),
(2110, 'Salón 02', 20, 23, 1010),
(2111, 'Salón 02', 20, 76, 1011),
(2112, 'Salón 02', 20, 52, 1012),
(2113, 'Salón 02', 20, 15, 1013),
(2114, 'Salón 02', 20, 15, 1014),
(2115, 'Salón 02', 20, 13, 1015),
(2116, 'Salón 02', 20, 13, 1016),
(2117, 'Salón 02', 20, 5, 1017),
(2118, 'Salón 02', 20, 15, 1018),
(2119, 'Salón 02', 20, 15, 1019),
(2120, 'Salón 02', 20, 15, 1020),
(2121, 'Salón 02', 20, 85, 1021),
(2122, 'Salón 02', 20, 5, 1022),
(2123, 'Salón 02', 20, 52, 1023),
(2124, 'Salón 02', 20, 25, 1024),
(2125, 'Salón 02', 20, 25, 1025),
(2126, 'Salón 02', 20, 25, 1026),
(2127, 'Salón 02', 20, 76, 1027),
(2128, 'Salón 02', 20, 25, 1028),
(2129, 'Salón 02', 20, 27, 1029),
(2130, 'Salón 02', 20, 27, 1030),
(2131, 'Salón 02', 20, 5, 1031),
(2132, 'Salón 02', 20, 50, 1032),
(2133, 'Salón 02', 20, 44, 1033),
(2134, 'Salón 02', 20, 5, 1034),
(2135, 'Salón 02', 20, 44, 1035),
(2136, 'Salón 02', 20, 8, 1036),
(2137, 'Salón 02', 20, 5, 1037),
(2138, 'Salón 02', 20, 23, 1038),
(2139, 'Salón 02', 20, 68, 1039),
(2140, 'Salón 02', 20, 73, 1040),
(2141, 'Salón 02', 20, 86, 1041),
(2142, 'Salón 02', 20, 20, 1042),
(2143, 'Salón 02', 20, 5, 1043),
(2144, 'Salón 02', 20, 18, 1044),
(2145, 'Salón 02', 20, 5, 1045),
(2146, 'Salón 02', 20, 73, 1046),
(2147, 'Salón 02', 20, 5, 1047),
(2148, 'Salón 02', 20, 25, 1048),
(2149, 'Salón 02', 20, 15, 1049),
(2150, 'Salón 02', 20, 25, 1050),
(2151, 'Salón 02', 20, 76, 1051),
(2152, 'Salón 02', 20, 68, 1052),
(2153, 'Salón 02', 20, 25, 1053),
(2154, 'Salón 02', 20, 5, 1054),
(2155, 'Salón 02', 20, 76, 1055),
(2156, 'Salón 02', 20, 54, 1056),
(2157, 'Salón 02', 20, 19, 1057),
(2158, 'Salón 02', 20, 15, 1058),
(2159, 'Salón 02', 20, 54, 1059),
(2160, 'Salón 02', 20, 86, 1060),
(2161, 'Salón 02', 20, 25, 1061),
(2162, 'Salón 02', 20, 73, 1062),
(2163, 'Salón 02', 20, 17, 1063),
(2164, 'Salón 02', 20, 13, 1064),
(2165, 'Salón 02', 20, 44, 1065),
(2166, 'Salón 02', 20, 68, 1066),
(2167, 'Salón 02', 20, 85, 1067),
(2168, 'Salón 02', 20, 25, 1068),
(2169, 'Salón 02', 20, 73, 1069),
(2170, 'Salón 02', 20, 50, 1070),
(2171, 'Salón 02', 20, 41, 1071),
(2172, 'Salón 02', 20, 25, 1072),
(2173, 'Salón 02', 20, 25, 1073),
(2174, 'Salón 02', 20, 15, 1074),
(2175, 'Salón 02', 20, 50, 1075),
(2176, 'Salón 02', 20, 17, 1076),
(2177, 'Salón 02', 20, 68, 1077),
(2178, 'Salón 02', 20, 25, 1078),
(2179, 'Salón 02', 20, 52, 1079),
(2180, 'Salón 02', 20, 41, 1080),
(2181, 'Salón 02', 20, 5, 1081),
(2182, 'Salón 02', 20, 5, 1082),
(2183, 'Salón 02', 20, 5, 1083),
(2184, 'Salón 02', 20, 5, 1084),
(2185, 'Salón 02', 20, 85, 1085),
(2186, 'Salón 02', 20, 76, 1086),
(2187, 'Salón 02', 20, 76, 1087),
(2188, 'Salón 02', 20, 13, 1088),
(2189, 'Salón 02', 20, 68, 1089),
(2190, 'Salón 02', 20, 47, 1090),
(2191, 'Salón 02', 20, 5, 1091),
(2192, 'Salón 02', 20, 76, 1092),
(2193, 'Salón 02', 20, 15, 1093),
(2194, 'Salón 02', 20, 25, 1094),
(2195, 'Salón 02', 20, 25, 1095),
(2196, 'Salón 02', 20, 47, 1096),
(2197, 'Salón 02', 20, 54, 1097),
(2198, 'Salón 02', 20, 41, 1098),
(2199, 'Salón 02', 20, 15, 1099),
(2200, 'Salón 02', 20, 25, 1100),
(2201, 'Salón 03', 20, 5, 1),
(2202, 'Salón 03', 20, 50, 2),
(2203, 'Salón 03', 20, 27, 3),
(2204, 'Salón 03', 20, 41, 4),
(2205, 'Salón 03', 20, 13, 5),
(2206, 'Salón 03', 20, 41, 6),
(2207, 'Salón 03', 20, 25, 7),
(2208, 'Salón 03', 20, 20, 8),
(2209, 'Salón 03', 20, 68, 9),
(2210, 'Salón 03', 20, 17, 10),
(2211, 'Salón 03', 20, 85, 11),
(2212, 'Salón 03', 20, 20, 12),
(2213, 'Salón 03', 20, 41, 13),
(2214, 'Salón 03', 20, 18, 14),
(2215, 'Salón 03', 20, 44, 15),
(2216, 'Salón 03', 20, 68, 16),
(2217, 'Salón 03', 20, 25, 17),
(2218, 'Salón 03', 20, 52, 18),
(2219, 'Salón 03', 20, 76, 19),
(2220, 'Salón 03', 20, 5, 20),
(2221, 'Salón 03', 20, 47, 21),
(2222, 'Salón 03', 20, 41, 22),
(2223, 'Salón 03', 20, 19, 23),
(2224, 'Salón 03', 20, 15, 24),
(2225, 'Salón 03', 20, 73, 25),
(2226, 'Salón 03', 20, 41, 26),
(2227, 'Salón 03', 20, 27, 27),
(2228, 'Salón 03', 20, 13, 28),
(2229, 'Salón 03', 20, 73, 29),
(2230, 'Salón 03', 20, 5, 30),
(2231, 'Salón 03', 20, 5, 31),
(2232, 'Salón 03', 20, 73, 32),
(2233, 'Salón 03', 20, 25, 33),
(2234, 'Salón 03', 20, 52, 34),
(2235, 'Salón 03', 20, 76, 35),
(2236, 'Salón 03', 20, 5, 36),
(2237, 'Salón 03', 20, 5, 37),
(2238, 'Salón 03', 20, 5, 38),
(2239, 'Salón 03', 20, 25, 39),
(2240, 'Salón 03', 20, 5, 40),
(2241, 'Salón 03', 20, 17, 41),
(2242, 'Salón 03', 20, 76, 42),
(2243, 'Salón 03', 20, 73, 43),
(2244, 'Salón 03', 20, 5, 44),
(2245, 'Salón 03', 20, 5, 45),
(2246, 'Salón 03', 20, 25, 46),
(2247, 'Salón 03', 20, 66, 47),
(2248, 'Salón 03', 20, 15, 48),
(2249, 'Salón 03', 20, 47, 49),
(2250, 'Salón 03', 20, 17, 50),
(2251, 'Salón 03', 20, 68, 51),
(2252, 'Salón 03', 20, 81, 52),
(2253, 'Salón 03', 20, 81, 53),
(2254, 'Salón 03', 20, 25, 54),
(2255, 'Salón 03', 20, 52, 55),
(2256, 'Salón 03', 20, 54, 56),
(2257, 'Salón 03', 20, 5, 57),
(2258, 'Salón 03', 20, 15, 58),
(2259, 'Salón 03', 20, 13, 59),
(2260, 'Salón 03', 20, 5, 60),
(2261, 'Salón 03', 20, 19, 61),
(2262, 'Salón 03', 20, 76, 62),
(2263, 'Salón 03', 20, 47, 63),
(2264, 'Salón 03', 20, 13, 64),
(2265, 'Salón 03', 20, 5, 65),
(2266, 'Salón 03', 20, 63, 66),
(2267, 'Salón 03', 20, 73, 67),
(2268, 'Salón 03', 20, 13, 68),
(2269, 'Salón 03', 20, 20, 69),
(2270, 'Salón 03', 20, 73, 70),
(2271, 'Salón 03', 20, 27, 71),
(2272, 'Salón 03', 20, 23, 72),
(2273, 'Salón 03', 20, 27, 73),
(2274, 'Salón 03', 20, 27, 74),
(2275, 'Salón 03', 20, 27, 75),
(2276, 'Salón 03', 20, 19, 76),
(2277, 'Salón 03', 20, 66, 77),
(2278, 'Salón 03', 20, 8, 78),
(2279, 'Salón 03', 20, 41, 79),
(2280, 'Salón 03', 20, 52, 80),
(2281, 'Salón 03', 20, 5, 81),
(2282, 'Salón 03', 20, 68, 82),
(2283, 'Salón 03', 20, 68, 83),
(2284, 'Salón 03', 20, 50, 84),
(2285, 'Salón 03', 20, 68, 85),
(2286, 'Salón 03', 20, 44, 86),
(2287, 'Salón 03', 20, 13, 87),
(2288, 'Salón 03', 20, 8, 88),
(2289, 'Salón 03', 20, 20, 89),
(2290, 'Salón 03', 20, 17, 90),
(2291, 'Salón 03', 20, 5, 91),
(2292, 'Salón 03', 20, 5, 92),
(2293, 'Salón 03', 20, 25, 93),
(2294, 'Salón 03', 20, 15, 94),
(2295, 'Salón 03', 20, 52, 95),
(2296, 'Salón 03', 20, 27, 96),
(2297, 'Salón 03', 20, 66, 97),
(2298, 'Salón 03', 20, 18, 98),
(2299, 'Salón 03', 20, 15, 99),
(2300, 'Salón 03', 20, 5, 100),
(2301, 'Salón 03', 20, 15, 101),
(2302, 'Salón 03', 20, 5, 102),
(2303, 'Salón 03', 20, 68, 103),
(2304, 'Salón 03', 20, 25, 104),
(2305, 'Salón 03', 20, 15, 105),
(2306, 'Salón 03', 20, 54, 106),
(2307, 'Salón 03', 20, 11, 107),
(2308, 'Salón 03', 20, 25, 108),
(2309, 'Salón 03', 20, 27, 109),
(2310, 'Salón 03', 20, 5, 110),
(2311, 'Salón 03', 20, 19, 111),
(2312, 'Salón 03', 20, 68, 112),
(2313, 'Salón 03', 20, 76, 113),
(2314, 'Salón 03', 20, 20, 114),
(2315, 'Salón 03', 20, 15, 115),
(2316, 'Salón 03', 20, 5, 116),
(2317, 'Salón 03', 20, 15, 117),
(2318, 'Salón 03', 20, 68, 118),
(2319, 'Salón 03', 20, 54, 119),
(2320, 'Salón 03', 20, 76, 120),
(2321, 'Salón 03', 20, 15, 121),
(2322, 'Salón 03', 20, 23, 122),
(2323, 'Salón 03', 20, 63, 123),
(2324, 'Salón 03', 20, 70, 124),
(2325, 'Salón 03', 20, 19, 125),
(2326, 'Salón 03', 20, 52, 126),
(2327, 'Salón 03', 20, 76, 127),
(2328, 'Salón 03', 20, 76, 128),
(2329, 'Salón 03', 20, 5, 129),
(2330, 'Salón 03', 20, 15, 130),
(2331, 'Salón 03', 20, 25, 131),
(2332, 'Salón 03', 20, 68, 132),
(2333, 'Salón 03', 20, 50, 133),
(2334, 'Salón 03', 20, 25, 134),
(2335, 'Salón 03', 20, 5, 135),
(2336, 'Salón 03', 20, 76, 136),
(2337, 'Salón 03', 20, 70, 137),
(2338, 'Salón 03', 20, 73, 138),
(2339, 'Salón 03', 20, 19, 139),
(2340, 'Salón 03', 20, 25, 140),
(2341, 'Salón 03', 20, 13, 141),
(2342, 'Salón 03', 20, 95, 142),
(2343, 'Salón 03', 20, 63, 143),
(2344, 'Salón 03', 20, 5, 144),
(2345, 'Salón 03', 20, 15, 145),
(2346, 'Salón 03', 20, 19, 146),
(2347, 'Salón 03', 20, 68, 147),
(2348, 'Salón 03', 20, 76, 148),
(2349, 'Salón 03', 20, 19, 149),
(2350, 'Salón 03', 20, 76, 150),
(2351, 'Salón 03', 20, 5, 151),
(2352, 'Salón 03', 20, 8, 152),
(2353, 'Salón 03', 20, 41, 153),
(2354, 'Salón 03', 20, 15, 154),
(2355, 'Salón 03', 20, 23, 155),
(2356, 'Salón 03', 20, 8, 156),
(2357, 'Salón 03', 20, 76, 157),
(2358, 'Salón 03', 20, 13, 158),
(2359, 'Salón 03', 20, 27, 159),
(2360, 'Salón 03', 20, 25, 160),
(2361, 'Salón 03', 20, 68, 161),
(2362, 'Salón 03', 20, 5, 162),
(2363, 'Salón 03', 20, 5, 163),
(2364, 'Salón 03', 20, 68, 164),
(2365, 'Salón 03', 20, 5, 165),
(2366, 'Salón 03', 20, 73, 166),
(2367, 'Salón 03', 20, 25, 167),
(2368, 'Salón 03', 20, 5, 168),
(2369, 'Salón 03', 20, 27, 169),
(2370, 'Salón 03', 20, 5, 170),
(2371, 'Salón 03', 20, 13, 171),
(2372, 'Salón 03', 20, 18, 172),
(2373, 'Salón 03', 20, 76, 173),
(2374, 'Salón 03', 20, 97, 174),
(2375, 'Salón 03', 20, 73, 175),
(2376, 'Salón 03', 20, 50, 176),
(2377, 'Salón 03', 20, 5, 177),
(2378, 'Salón 03', 20, 5, 178),
(2379, 'Salón 03', 20, 68, 179),
(2380, 'Salón 03', 20, 23, 180),
(2381, 'Salón 03', 20, 15, 181),
(2382, 'Salón 03', 20, 68, 182),
(2383, 'Salón 03', 20, 47, 183),
(2384, 'Salón 03', 20, 52, 184),
(2385, 'Salón 03', 20, 25, 185),
(2386, 'Salón 03', 20, 70, 186),
(2387, 'Salón 03', 20, 73, 187),
(2388, 'Salón 03', 20, 68, 188),
(2389, 'Salón 03', 20, 68, 189),
(2390, 'Salón 03', 20, 5, 190),
(2391, 'Salón 03', 20, 68, 191),
(2392, 'Salón 03', 20, 20, 192),
(2393, 'Salón 03', 20, 23, 193),
(2394, 'Salón 03', 20, 15, 194),
(2395, 'Salón 03', 20, 17, 195),
(2396, 'Salón 03', 20, 54, 196),
(2397, 'Salón 03', 20, 23, 197),
(2398, 'Salón 03', 20, 25, 198),
(2399, 'Salón 03', 20, 68, 199),
(2400, 'Salón 03', 20, 15, 200),
(2401, 'Salón 03', 20, 20, 201),
(2402, 'Salón 03', 20, 15, 202),
(2403, 'Salón 03', 20, 15, 203),
(2404, 'Salón 03', 20, 54, 204),
(2405, 'Salón 03', 20, 15, 205),
(2406, 'Salón 03', 20, 15, 206),
(2407, 'Salón 03', 20, 47, 207),
(2408, 'Salón 03', 20, 25, 208),
(2409, 'Salón 03', 20, 25, 209),
(2410, 'Salón 03', 20, 85, 210),
(2411, 'Salón 03', 20, 25, 211),
(2412, 'Salón 03', 20, 15, 212),
(2413, 'Salón 03', 20, 15, 213),
(2414, 'Salón 03', 20, 13, 214),
(2415, 'Salón 03', 20, 68, 215),
(2416, 'Salón 03', 20, 63, 216),
(2417, 'Salón 03', 20, 5, 217),
(2418, 'Salón 03', 20, 15, 218),
(2419, 'Salón 03', 20, 47, 219),
(2420, 'Salón 03', 20, 23, 220),
(2421, 'Salón 03', 20, 13, 221),
(2422, 'Salón 03', 20, 5, 222),
(2423, 'Salón 03', 20, 73, 223),
(2424, 'Salón 03', 20, 25, 224),
(2425, 'Salón 03', 20, 41, 225),
(2426, 'Salón 03', 20, 70, 226),
(2427, 'Salón 03', 20, 86, 227),
(2428, 'Salón 03', 20, 52, 228),
(2429, 'Salón 03', 20, 5, 229),
(2430, 'Salón 03', 20, 68, 230),
(2431, 'Salón 03', 20, 5, 231),
(2432, 'Salón 03', 20, 47, 232),
(2433, 'Salón 03', 20, 27, 233),
(2434, 'Salón 03', 20, 68, 234),
(2435, 'Salón 03', 20, 52, 235),
(2436, 'Salón 03', 20, 52, 236),
(2437, 'Salón 03', 20, 68, 237),
(2438, 'Salón 03', 20, 54, 238),
(2439, 'Salón 03', 20, 5, 239),
(2440, 'Salón 03', 20, 15, 240),
(2441, 'Salón 03', 20, 63, 241),
(2442, 'Salón 03', 20, 19, 242),
(2443, 'Salón 03', 20, 68, 243),
(2444, 'Salón 03', 20, 70, 244),
(2445, 'Salón 03', 20, 15, 245),
(2446, 'Salón 03', 20, 25, 246),
(2447, 'Salón 03', 20, 23, 247),
(2448, 'Salón 03', 20, 15, 248),
(2449, 'Salón 03', 20, 70, 249),
(2450, 'Salón 03', 20, 73, 250),
(2451, 'Salón 03', 20, 81, 251),
(2452, 'Salón 03', 20, 52, 252),
(2453, 'Salón 03', 20, 50, 253),
(2454, 'Salón 03', 20, 15, 254),
(2455, 'Salón 03', 20, 15, 255),
(2456, 'Salón 03', 20, 25, 256),
(2457, 'Salón 03', 20, 54, 257),
(2458, 'Salón 03', 20, 15, 258),
(2459, 'Salón 03', 20, 50, 259),
(2460, 'Salón 03', 20, 99, 260),
(2461, 'Salón 03', 20, 52, 261),
(2462, 'Salón 03', 20, 52, 262),
(2463, 'Salón 03', 20, 73, 263),
(2464, 'Salón 03', 20, 18, 264),
(2465, 'Salón 03', 20, 68, 265),
(2466, 'Salón 03', 20, 20, 266),
(2467, 'Salón 03', 20, 5, 267),
(2468, 'Salón 03', 20, 54, 268),
(2469, 'Salón 03', 20, 54, 269),
(2470, 'Salón 03', 20, 25, 270),
(2471, 'Salón 03', 20, 27, 271),
(2472, 'Salón 03', 20, 15, 272),
(2473, 'Salón 03', 20, 13, 273),
(2474, 'Salón 03', 20, 52, 274),
(2475, 'Salón 03', 20, 54, 275),
(2476, 'Salón 03', 20, 5, 276),
(2477, 'Salón 03', 20, 76, 277),
(2478, 'Salón 03', 20, 44, 278),
(2479, 'Salón 03', 20, 44, 279),
(2480, 'Salón 03', 20, 73, 280),
(2481, 'Salón 03', 20, 5, 281),
(2482, 'Salón 03', 20, 66, 282),
(2483, 'Salón 03', 20, 15, 283),
(2484, 'Salón 03', 20, 54, 284),
(2485, 'Salón 03', 20, 5, 285),
(2486, 'Salón 03', 20, 5, 286),
(2487, 'Salón 03', 20, 47, 287),
(2488, 'Salón 03', 20, 76, 288),
(2489, 'Salón 03', 20, 50, 289),
(2490, 'Salón 03', 20, 54, 290),
(2491, 'Salón 03', 20, 68, 291),
(2492, 'Salón 03', 20, 27, 292),
(2493, 'Salón 03', 20, 13, 293),
(2494, 'Salón 03', 20, 50, 294),
(2495, 'Salón 03', 20, 76, 295),
(2496, 'Salón 03', 20, 52, 296),
(2497, 'Salón 03', 20, 15, 297),
(2498, 'Salón 03', 20, 25, 298),
(2499, 'Salón 03', 20, 20, 299),
(2500, 'Salón 03', 20, 18, 300),
(2501, 'Salón 03', 20, 50, 301),
(2502, 'Salón 03', 20, 76, 302),
(2503, 'Salón 03', 20, 15, 303),
(2504, 'Salón 03', 20, 68, 304),
(2505, 'Salón 03', 20, 13, 305),
(2506, 'Salón 03', 20, 44, 306),
(2507, 'Salón 03', 20, 20, 307),
(2508, 'Salón 03', 20, 18, 308),
(2509, 'Salón 03', 20, 52, 309),
(2510, 'Salón 03', 20, 13, 310),
(2511, 'Salón 03', 20, 68, 311),
(2512, 'Salón 03', 20, 25, 312),
(2513, 'Salón 03', 20, 47, 313),
(2514, 'Salón 03', 20, 68, 314),
(2515, 'Salón 03', 20, 95, 315),
(2516, 'Salón 03', 20, 47, 316),
(2517, 'Salón 03', 20, 70, 317),
(2518, 'Salón 03', 20, 25, 318),
(2519, 'Salón 03', 20, 52, 319),
(2520, 'Salón 03', 20, 52, 320),
(2521, 'Salón 03', 20, 19, 321),
(2522, 'Salón 03', 20, 52, 322),
(2523, 'Salón 03', 20, 54, 323),
(2524, 'Salón 03', 20, 54, 324),
(2525, 'Salón 03', 20, 76, 325),
(2526, 'Salón 03', 20, 41, 326),
(2527, 'Salón 03', 20, 68, 327),
(2528, 'Salón 03', 20, 68, 328),
(2529, 'Salón 03', 20, 5, 329),
(2530, 'Salón 03', 20, 5, 330),
(2531, 'Salón 03', 20, 73, 331),
(2532, 'Salón 03', 20, 25, 332),
(2533, 'Salón 03', 20, 73, 333),
(2534, 'Salón 03', 20, 17, 334),
(2535, 'Salón 03', 20, 63, 335),
(2536, 'Salón 03', 20, 15, 336),
(2537, 'Salón 03', 20, 73, 337),
(2538, 'Salón 03', 20, 18, 338),
(2539, 'Salón 03', 20, 19, 339),
(2540, 'Salón 03', 20, 15, 340),
(2541, 'Salón 03', 20, 76, 341),
(2542, 'Salón 03', 20, 68, 342),
(2543, 'Salón 03', 20, 68, 343),
(2544, 'Salón 03', 20, 44, 344),
(2545, 'Salón 03', 20, 81, 345),
(2546, 'Salón 03', 20, 25, 346),
(2547, 'Salón 03', 20, 52, 347),
(2548, 'Salón 03', 20, 5, 348),
(2549, 'Salón 03', 20, 73, 349),
(2550, 'Salón 03', 20, 5, 350),
(2551, 'Salón 03', 20, 50, 351),
(2552, 'Salón 03', 20, 47, 352),
(2553, 'Salón 03', 20, 52, 353),
(2554, 'Salón 03', 20, 25, 354),
(2555, 'Salón 03', 20, 25, 355),
(2556, 'Salón 03', 20, 25, 356),
(2557, 'Salón 03', 20, 25, 357),
(2558, 'Salón 03', 20, 25, 358),
(2559, 'Salón 03', 20, 25, 359),
(2560, 'Salón 03', 20, 15, 360),
(2561, 'Salón 03', 20, 25, 361),
(2562, 'Salón 03', 20, 8, 362),
(2563, 'Salón 03', 20, 70, 363),
(2564, 'Salón 03', 20, 68, 364),
(2565, 'Salón 03', 20, 25, 365),
(2566, 'Salón 03', 20, 20, 366),
(2567, 'Salón 03', 20, 15, 367),
(2568, 'Salón 03', 20, 41, 368),
(2569, 'Salón 03', 20, 41, 369),
(2570, 'Salón 03', 20, 76, 370),
(2571, 'Salón 03', 20, 5, 371),
(2572, 'Salón 03', 20, 25, 372),
(2573, 'Salón 03', 20, 5, 373),
(2574, 'Salón 03', 20, 68, 374),
(2575, 'Salón 03', 20, 20, 375),
(2576, 'Salón 03', 20, 54, 376),
(2577, 'Salón 03', 20, 5, 377),
(2578, 'Salón 03', 20, 25, 378),
(2579, 'Salón 03', 20, 50, 379),
(2580, 'Salón 03', 20, 68, 380),
(2581, 'Salón 03', 20, 15, 381),
(2582, 'Salón 03', 20, 76, 382),
(2583, 'Salón 03', 20, 52, 383),
(2584, 'Salón 03', 20, 19, 384),
(2585, 'Salón 03', 20, 25, 385),
(2586, 'Salón 03', 20, 52, 386),
(2587, 'Salón 03', 20, 5, 387),
(2588, 'Salón 03', 20, 41, 388),
(2589, 'Salón 03', 20, 68, 389),
(2590, 'Salón 03', 20, 25, 390),
(2591, 'Salón 03', 20, 52, 391),
(2592, 'Salón 03', 20, 52, 392),
(2593, 'Salón 03', 20, 47, 393),
(2594, 'Salón 03', 20, 50, 394),
(2595, 'Salón 03', 20, 73, 395),
(2596, 'Salón 03', 20, 68, 396),
(2597, 'Salón 03', 20, 19, 397),
(2598, 'Salón 03', 20, 70, 398),
(2599, 'Salón 03', 20, 5, 399),
(2600, 'Salón 03', 20, 25, 400),
(2601, 'Salón 03', 20, 5, 401),
(2602, 'Salón 03', 20, 25, 402),
(2603, 'Salón 03', 20, 25, 403),
(2604, 'Salón 03', 20, 15, 404),
(2605, 'Salón 03', 20, 68, 405),
(2606, 'Salón 03', 20, 25, 406),
(2607, 'Salón 03', 20, 25, 407),
(2608, 'Salón 03', 20, 15, 408),
(2609, 'Salón 03', 20, 68, 409),
(2610, 'Salón 03', 20, 15, 410),
(2611, 'Salón 03', 20, 25, 411),
(2612, 'Salón 03', 20, 66, 412),
(2613, 'Salón 03', 20, 68, 413),
(2614, 'Salón 03', 20, 15, 414),
(2615, 'Salón 03', 20, 63, 415),
(2616, 'Salón 03', 20, 5, 416),
(2617, 'Salón 03', 20, 54, 417),
(2618, 'Salón 03', 20, 13, 418),
(2619, 'Salón 03', 20, 68, 419),
(2620, 'Salón 03', 20, 85, 420),
(2621, 'Salón 03', 20, 44, 421),
(2622, 'Salón 03', 20, 5, 422),
(2623, 'Salón 03', 20, 54, 423),
(2624, 'Salón 03', 20, 73, 424),
(2625, 'Salón 03', 20, 5, 425),
(2626, 'Salón 03', 20, 41, 426),
(2627, 'Salón 03', 20, 73, 427),
(2628, 'Salón 03', 20, 73, 428),
(2629, 'Salón 03', 20, 73, 429),
(2630, 'Salón 03', 20, 52, 430),
(2631, 'Salón 03', 20, 52, 431),
(2632, 'Salón 03', 20, 19, 432),
(2633, 'Salón 03', 20, 94, 433),
(2634, 'Salón 03', 20, 52, 434),
(2635, 'Salón 03', 20, 41, 435),
(2636, 'Salón 03', 20, 27, 436),
(2637, 'Salón 03', 20, 5, 437),
(2638, 'Salón 03', 20, 5, 438),
(2639, 'Salón 03', 20, 15, 439),
(2640, 'Salón 03', 20, 19, 440),
(2641, 'Salón 03', 20, 76, 441),
(2642, 'Salón 03', 20, 5, 442),
(2643, 'Salón 03', 20, 15, 443),
(2644, 'Salón 03', 20, 5, 444),
(2645, 'Salón 03', 20, 15, 445),
(2646, 'Salón 03', 20, 25, 446),
(2647, 'Salón 03', 20, 68, 447),
(2648, 'Salón 03', 20, 68, 448),
(2649, 'Salón 03', 20, 8, 449),
(2650, 'Salón 03', 20, 25, 450),
(2651, 'Salón 03', 20, 27, 451),
(2652, 'Salón 03', 20, 23, 452),
(2653, 'Salón 03', 20, 41, 453),
(2654, 'Salón 03', 20, 68, 454),
(2655, 'Salón 03', 20, 25, 455),
(2656, 'Salón 03', 20, 15, 456),
(2657, 'Salón 03', 20, 5, 457),
(2658, 'Salón 03', 20, 66, 458),
(2659, 'Salón 03', 20, 52, 459),
(2660, 'Salón 03', 20, 76, 460),
(2661, 'Salón 03', 20, 17, 461),
(2662, 'Salón 03', 20, 54, 462),
(2663, 'Salón 03', 20, 5, 463),
(2664, 'Salón 03', 20, 52, 464),
(2665, 'Salón 03', 20, 20, 465),
(2666, 'Salón 03', 20, 20, 466),
(2667, 'Salón 03', 20, 44, 467),
(2668, 'Salón 03', 20, 52, 468),
(2669, 'Salón 03', 20, 50, 469),
(2670, 'Salón 03', 20, 17, 470),
(2671, 'Salón 03', 20, 25, 471),
(2672, 'Salón 03', 20, 18, 472),
(2673, 'Salón 03', 20, 25, 473),
(2674, 'Salón 03', 20, 68, 474),
(2675, 'Salón 03', 20, 20, 475),
(2676, 'Salón 03', 20, 25, 476),
(2677, 'Salón 03', 20, 5, 477),
(2678, 'Salón 03', 20, 41, 478),
(2679, 'Salón 03', 20, 54, 479),
(2680, 'Salón 03', 20, 99, 480),
(2681, 'Salón 03', 20, 85, 481),
(2682, 'Salón 03', 20, 19, 482),
(2683, 'Salón 03', 20, 63, 483),
(2684, 'Salón 03', 20, 52, 484),
(2685, 'Salón 03', 20, 5, 485),
(2686, 'Salón 03', 20, 52, 486),
(2687, 'Salón 03', 20, 70, 487),
(2688, 'Salón 03', 20, 76, 488),
(2689, 'Salón 03', 20, 15, 489),
(2690, 'Salón 03', 20, 19, 490),
(2691, 'Salón 03', 20, 25, 491),
(2692, 'Salón 03', 20, 15, 492),
(2693, 'Salón 03', 20, 17, 493),
(2694, 'Salón 03', 20, 76, 494),
(2695, 'Salón 03', 20, 66, 495),
(2696, 'Salón 03', 20, 54, 496),
(2697, 'Salón 03', 20, 15, 497),
(2698, 'Salón 03', 20, 68, 498),
(2699, 'Salón 03', 20, 68, 499),
(2700, 'Salón 03', 20, 52, 500),
(2701, 'Salón 03', 20, 50, 501),
(2702, 'Salón 03', 20, 25, 502),
(2703, 'Salón 03', 20, 91, 503),
(2704, 'Salón 03', 20, 5, 504),
(2705, 'Salón 03', 20, 52, 505),
(2706, 'Salón 03', 20, 27, 506),
(2707, 'Salón 03', 20, 23, 507),
(2708, 'Salón 03', 20, 23, 508),
(2709, 'Salón 03', 20, 70, 509),
(2710, 'Salón 03', 20, 54, 510),
(2711, 'Salón 03', 20, 68, 511),
(2712, 'Salón 03', 20, 54, 512),
(2713, 'Salón 03', 20, 8, 513),
(2714, 'Salón 03', 20, 73, 514),
(2715, 'Salón 03', 20, 73, 515),
(2716, 'Salón 03', 20, 19, 516),
(2717, 'Salón 03', 20, 15, 517),
(2718, 'Salón 03', 20, 68, 518),
(2719, 'Salón 03', 20, 5, 519),
(2720, 'Salón 03', 20, 25, 520),
(2721, 'Salón 03', 20, 25, 521),
(2722, 'Salón 03', 20, 13, 522),
(2723, 'Salón 03', 20, 52, 523),
(2724, 'Salón 03', 20, 13, 524),
(2725, 'Salón 03', 20, 44, 525),
(2726, 'Salón 03', 20, 70, 526),
(2727, 'Salón 03', 20, 8, 527),
(2728, 'Salón 03', 20, 52, 528),
(2729, 'Salón 03', 20, 8, 529),
(2730, 'Salón 03', 20, 44, 530),
(2731, 'Salón 03', 20, 20, 531),
(2732, 'Salón 03', 20, 17, 532),
(2733, 'Salón 03', 20, 25, 533),
(2734, 'Salón 03', 20, 17, 534),
(2735, 'Salón 03', 20, 85, 535),
(2736, 'Salón 03', 20, 50, 536),
(2737, 'Salón 03', 20, 13, 537),
(2738, 'Salón 03', 20, 5, 538),
(2739, 'Salón 03', 20, 15, 539),
(2740, 'Salón 03', 20, 73, 540),
(2741, 'Salón 03', 20, 17, 541),
(2742, 'Salón 03', 20, 17, 542),
(2743, 'Salón 03', 20, 66, 543),
(2744, 'Salón 03', 20, 17, 544),
(2745, 'Salón 03', 20, 13, 545),
(2746, 'Salón 03', 20, 68, 546),
(2747, 'Salón 03', 20, 5, 547),
(2748, 'Salón 03', 20, 25, 548),
(2749, 'Salón 03', 20, 27, 549),
(2750, 'Salón 03', 20, 27, 550),
(2751, 'Salón 03', 20, 27, 551),
(2752, 'Salón 03', 20, 73, 552),
(2753, 'Salón 03', 20, 19, 553),
(2754, 'Salón 03', 20, 50, 554),
(2755, 'Salón 03', 20, 18, 555),
(2756, 'Salón 03', 20, 15, 556),
(2757, 'Salón 03', 20, 95, 557),
(2758, 'Salón 03', 20, 19, 558),
(2759, 'Salón 03', 20, 66, 559),
(2760, 'Salón 03', 20, 97, 560),
(2761, 'Salón 03', 20, 86, 561),
(2762, 'Salón 03', 20, 68, 562),
(2763, 'Salón 03', 20, 68, 563),
(2764, 'Salón 03', 20, 23, 564),
(2765, 'Salón 03', 20, 13, 565),
(2766, 'Salón 03', 20, 15, 566),
(2767, 'Salón 03', 20, 15, 567),
(2768, 'Salón 03', 20, 15, 568),
(2769, 'Salón 03', 20, 5, 569),
(2770, 'Salón 03', 20, 13, 570),
(2771, 'Salón 03', 20, 23, 571),
(2772, 'Salón 03', 20, 63, 572),
(2773, 'Salón 03', 20, 23, 573),
(2774, 'Salón 03', 20, 85, 574),
(2775, 'Salón 03', 20, 13, 575),
(2776, 'Salón 03', 20, 19, 576),
(2777, 'Salón 03', 20, 18, 577),
(2778, 'Salón 03', 20, 70, 578),
(2779, 'Salón 03', 20, 25, 579),
(2780, 'Salón 03', 20, 52, 580),
(2781, 'Salón 03', 20, 15, 581),
(2782, 'Salón 03', 20, 23, 582),
(2783, 'Salón 03', 20, 73, 583),
(2784, 'Salón 03', 20, 5, 584),
(2785, 'Salón 03', 20, 5, 585),
(2786, 'Salón 03', 20, 54, 586),
(2787, 'Salón 03', 20, 15, 587),
(2788, 'Salón 03', 20, 68, 588),
(2789, 'Salón 03', 20, 5, 589),
(2790, 'Salón 03', 20, 25, 590),
(2791, 'Salón 03', 20, 52, 591),
(2792, 'Salón 03', 20, 73, 592),
(2793, 'Salón 03', 20, 5, 593),
(2794, 'Salón 03', 20, 5, 594),
(2795, 'Salón 03', 20, 17, 595),
(2796, 'Salón 03', 20, 41, 596),
(2797, 'Salón 03', 20, 25, 597),
(2798, 'Salón 03', 20, 25, 598),
(2799, 'Salón 03', 20, 25, 599),
(2800, 'Salón 03', 20, 15, 600),
(2801, 'Salón 03', 20, 25, 601),
(2802, 'Salón 03', 20, 17, 602),
(2803, 'Salón 03', 20, 13, 603),
(2804, 'Salón 03', 20, 27, 604),
(2805, 'Salón 03', 20, 47, 605),
(2806, 'Salón 03', 20, 15, 606),
(2807, 'Salón 03', 20, 85, 607),
(2808, 'Salón 03', 20, 27, 608),
(2809, 'Salón 03', 20, 41, 609),
(2810, 'Salón 03', 20, 76, 610),
(2811, 'Salón 03', 20, 68, 611),
(2812, 'Salón 03', 20, 54, 612),
(2813, 'Salón 03', 20, 68, 613),
(2814, 'Salón 03', 20, 15, 614),
(2815, 'Salón 03', 20, 5, 615),
(2816, 'Salón 03', 20, 52, 616),
(2817, 'Salón 03', 20, 68, 617),
(2818, 'Salón 03', 20, 41, 618),
(2819, 'Salón 03', 20, 86, 619),
(2820, 'Salón 03', 20, 85, 620),
(2821, 'Salón 03', 20, 73, 621),
(2822, 'Salón 03', 20, 52, 622),
(2823, 'Salón 03', 20, 15, 623),
(2824, 'Salón 03', 20, 70, 624),
(2825, 'Salón 03', 20, 15, 625),
(2826, 'Salón 03', 20, 25, 626),
(2827, 'Salón 03', 20, 19, 627),
(2828, 'Salón 03', 20, 41, 628),
(2829, 'Salón 03', 20, 20, 629),
(2830, 'Salón 03', 20, 25, 630),
(2831, 'Salón 03', 20, 15, 631),
(2832, 'Salón 03', 20, 15, 632),
(2833, 'Salón 03', 20, 41, 633),
(2834, 'Salón 03', 20, 17, 634),
(2835, 'Salón 03', 20, 41, 635),
(2836, 'Salón 03', 20, 68, 636),
(2837, 'Salón 03', 20, 8, 637),
(2838, 'Salón 03', 20, 68, 638),
(2839, 'Salón 03', 20, 76, 639),
(2840, 'Salón 03', 20, 70, 640),
(2841, 'Salón 03', 20, 73, 641),
(2842, 'Salón 03', 20, 54, 642),
(2843, 'Salón 03', 20, 54, 643),
(2844, 'Salón 03', 20, 25, 644),
(2845, 'Salón 03', 20, 15, 645),
(2846, 'Salón 03', 20, 25, 646),
(2847, 'Salón 03', 20, 25, 647),
(2848, 'Salón 03', 20, 19, 648),
(2849, 'Salón 03', 20, 15, 649),
(2850, 'Salón 03', 20, 15, 650),
(2851, 'Salón 03', 20, 85, 651),
(2852, 'Salón 03', 20, 15, 652),
(2853, 'Salón 03', 20, 47, 653),
(2854, 'Salón 03', 20, 20, 654),
(2855, 'Salón 03', 20, 17, 655),
(2856, 'Salón 03', 20, 5, 656),
(2857, 'Salón 03', 20, 66, 657),
(2858, 'Salón 03', 20, 15, 658),
(2859, 'Salón 03', 20, 5, 659),
(2860, 'Salón 03', 20, 19, 660),
(2861, 'Salón 03', 20, 68, 661),
(2862, 'Salón 03', 20, 73, 662),
(2863, 'Salón 03', 20, 19, 663),
(2864, 'Salón 03', 20, 63, 664),
(2865, 'Salón 03', 20, 47, 665),
(2866, 'Salón 03', 20, 68, 666),
(2867, 'Salón 03', 20, 13, 667),
(2868, 'Salón 03', 20, 8, 668),
(2869, 'Salón 03', 20, 15, 669),
(2870, 'Salón 03', 20, 41, 670),
(2871, 'Salón 03', 20, 41, 671),
(2872, 'Salón 03', 20, 47, 672),
(2873, 'Salón 03', 20, 73, 673),
(2874, 'Salón 03', 20, 23, 674),
(2875, 'Salón 03', 20, 47, 675),
(2876, 'Salón 03', 20, 52, 676),
(2877, 'Salón 03', 20, 8, 677),
(2878, 'Salón 03', 20, 8, 678),
(2879, 'Salón 03', 20, 19, 679),
(2880, 'Salón 03', 20, 85, 680),
(2881, 'Salón 03', 20, 52, 681),
(2882, 'Salón 03', 20, 76, 682),
(2883, 'Salón 03', 20, 73, 683),
(2884, 'Salón 03', 20, 52, 684),
(2885, 'Salón 03', 20, 88, 685),
(2886, 'Salón 03', 20, 20, 686),
(2887, 'Salón 03', 20, 23, 687),
(2888, 'Salón 03', 20, 66, 688),
(2889, 'Salón 03', 20, 5, 689),
(2890, 'Salón 03', 20, 47, 690),
(2891, 'Salón 03', 20, 68, 691),
(2892, 'Salón 03', 20, 52, 692),
(2893, 'Salón 03', 20, 86, 693),
(2894, 'Salón 03', 20, 5, 694),
(2895, 'Salón 03', 20, 15, 695),
(2896, 'Salón 03', 20, 86, 696),
(2897, 'Salón 03', 20, 99, 697),
(2898, 'Salón 03', 20, 8, 698),
(2899, 'Salón 03', 20, 50, 699),
(2900, 'Salón 03', 20, 23, 700),
(2901, 'Salón 03', 20, 50, 701),
(2902, 'Salón 03', 20, 86, 702),
(2903, 'Salón 03', 20, 86, 703),
(2904, 'Salón 03', 20, 23, 704),
(2905, 'Salón 03', 20, 50, 705),
(2906, 'Salón 03', 20, 50, 706),
(2907, 'Salón 03', 20, 5, 707),
(2908, 'Salón 03', 20, 91, 708),
(2909, 'Salón 03', 20, 68, 709),
(2910, 'Salón 03', 20, 18, 710),
(2911, 'Salón 03', 20, 50, 711),
(2912, 'Salón 03', 20, 81, 712),
(2913, 'Salón 03', 20, 25, 713),
(2914, 'Salón 03', 20, 54, 714),
(2915, 'Salón 03', 20, 19, 715),
(2916, 'Salón 03', 20, 5, 716),
(2917, 'Salón 03', 20, 68, 717),
(2918, 'Salón 03', 20, 25, 718),
(2919, 'Salón 03', 20, 52, 719),
(2920, 'Salón 03', 20, 19, 720),
(2921, 'Salón 03', 20, 73, 721),
(2922, 'Salón 03', 20, 23, 722),
(2923, 'Salón 03', 20, 17, 723),
(2924, 'Salón 03', 20, 15, 724),
(2925, 'Salón 03', 20, 19, 725),
(2926, 'Salón 03', 20, 68, 726),
(2927, 'Salón 03', 20, 25, 727),
(2928, 'Salón 03', 20, 25, 728),
(2929, 'Salón 03', 20, 27, 729),
(2930, 'Salón 03', 20, 63, 730),
(2931, 'Salón 03', 20, 66, 731),
(2932, 'Salón 03', 20, 15, 732),
(2933, 'Salón 03', 20, 25, 733),
(2934, 'Salón 03', 20, 54, 734),
(2935, 'Salón 03', 20, 15, 735),
(2936, 'Salón 03', 20, 85, 736),
(2937, 'Salón 03', 20, 13, 737),
(2938, 'Salón 03', 20, 5, 738),
(2939, 'Salón 03', 20, 47, 739),
(2940, 'Salón 03', 20, 8, 740),
(2941, 'Salón 03', 20, 50, 741),
(2942, 'Salón 03', 20, 76, 742),
(2943, 'Salón 03', 20, 5, 743),
(2944, 'Salón 03', 20, 25, 744),
(2945, 'Salón 03', 20, 52, 745),
(2946, 'Salón 03', 20, 68, 746),
(2947, 'Salón 03', 20, 73, 747),
(2948, 'Salón 03', 20, 76, 748),
(2949, 'Salón 03', 20, 44, 749),
(2950, 'Salón 03', 20, 17, 750),
(2951, 'Salón 03', 20, 41, 751),
(2952, 'Salón 03', 20, 52, 752),
(2953, 'Salón 03', 20, 76, 753),
(2954, 'Salón 03', 20, 73, 754),
(2955, 'Salón 03', 20, 15, 755),
(2956, 'Salón 03', 20, 19, 756),
(2957, 'Salón 03', 20, 73, 757),
(2958, 'Salón 03', 20, 15, 758),
(2959, 'Salón 03', 20, 27, 759),
(2960, 'Salón 03', 20, 27, 760),
(2961, 'Salón 03', 20, 17, 761),
(2962, 'Salón 03', 20, 13, 762),
(2963, 'Salón 03', 20, 20, 763),
(2964, 'Salón 03', 20, 5, 764),
(2965, 'Salón 03', 20, 27, 765),
(2966, 'Salón 03', 20, 68, 766),
(2967, 'Salón 03', 20, 8, 767),
(2968, 'Salón 03', 20, 5, 768),
(2969, 'Salón 03', 20, 8, 769),
(2970, 'Salón 03', 20, 85, 770),
(2971, 'Salón 03', 20, 47, 771),
(2972, 'Salón 03', 20, 5, 772),
(2973, 'Salón 03', 20, 15, 773),
(2974, 'Salón 03', 20, 23, 774),
(2975, 'Salón 03', 20, 41, 775),
(2976, 'Salón 03', 20, 17, 776),
(2977, 'Salón 03', 20, 47, 777),
(2978, 'Salón 03', 20, 54, 778),
(2979, 'Salón 03', 20, 73, 779),
(2980, 'Salón 03', 20, 63, 780),
(2981, 'Salón 03', 20, 5, 781),
(2982, 'Salón 03', 20, 15, 782),
(2983, 'Salón 03', 20, 52, 783),
(2984, 'Salón 03', 20, 17, 784),
(2985, 'Salón 03', 20, 70, 785),
(2986, 'Salón 03', 20, 41, 786),
(2987, 'Salón 03', 20, 20, 787),
(2988, 'Salón 03', 20, 68, 788),
(2989, 'Salón 03', 20, 23, 789),
(2990, 'Salón 03', 20, 5, 790),
(2991, 'Salón 03', 20, 23, 791),
(2992, 'Salón 03', 20, 73, 792),
(2993, 'Salón 03', 20, 25, 793),
(2994, 'Salón 03', 20, 68, 794),
(2995, 'Salón 03', 20, 70, 795),
(2996, 'Salón 03', 20, 25, 796),
(2997, 'Salón 03', 20, 52, 797),
(2998, 'Salón 03', 20, 23, 798),
(2999, 'Salón 03', 20, 54, 799),
(3000, 'Salón 03', 20, 5, 800),
(3001, 'Salón 03', 20, 23, 801),
(3002, 'Salón 03', 20, 50, 802),
(3003, 'Salón 03', 20, 25, 803),
(3004, 'Salón 03', 20, 54, 804),
(3005, 'Salón 03', 20, 13, 805),
(3006, 'Salón 03', 20, 20, 806),
(3007, 'Salón 03', 20, 15, 807),
(3008, 'Salón 03', 20, 13, 808),
(3009, 'Salón 03', 20, 13, 809),
(3010, 'Salón 03', 20, 5, 810),
(3011, 'Salón 03', 20, 25, 811),
(3012, 'Salón 03', 20, 86, 812),
(3013, 'Salón 03', 20, 68, 813),
(3014, 'Salón 03', 20, 13, 814),
(3015, 'Salón 03', 20, 13, 815),
(3016, 'Salón 03', 20, 5, 816),
(3017, 'Salón 03', 20, 68, 817),
(3018, 'Salón 03', 20, 17, 818),
(3019, 'Salón 03', 20, 68, 819),
(3020, 'Salón 03', 20, 5, 820),
(3021, 'Salón 03', 20, 15, 821),
(3022, 'Salón 03', 20, 23, 822),
(3023, 'Salón 03', 20, 18, 823),
(3024, 'Salón 03', 20, 95, 824),
(3025, 'Salón 03', 20, 27, 825),
(3026, 'Salón 03', 20, 50, 826),
(3027, 'Salón 03', 20, 70, 827),
(3028, 'Salón 03', 20, 13, 828),
(3029, 'Salón 03', 20, 52, 829),
(3030, 'Salón 03', 20, 25, 830),
(3031, 'Salón 03', 20, 5, 831),
(3032, 'Salón 03', 20, 44, 832),
(3033, 'Salón 03', 20, 50, 833),
(3034, 'Salón 03', 20, 52, 834),
(3035, 'Salón 03', 20, 73, 835),
(3036, 'Salón 03', 20, 5, 836),
(3037, 'Salón 03', 20, 15, 837),
(3038, 'Salón 03', 20, 85, 838),
(3039, 'Salón 03', 20, 70, 839),
(3040, 'Salón 03', 20, 20, 840),
(3041, 'Salón 03', 20, 50, 841),
(3042, 'Salón 03', 20, 13, 842),
(3043, 'Salón 03', 20, 15, 843),
(3044, 'Salón 03', 20, 68, 844),
(3045, 'Salón 03', 20, 86, 845),
(3046, 'Salón 03', 20, 15, 846),
(3047, 'Salón 03', 20, 70, 847),
(3048, 'Salón 03', 20, 13, 848),
(3049, 'Salón 03', 20, 52, 849),
(3050, 'Salón 03', 20, 15, 850),
(3051, 'Salón 03', 20, 5, 851),
(3052, 'Salón 03', 20, 70, 852),
(3053, 'Salón 03', 20, 76, 853),
(3054, 'Salón 03', 20, 52, 854),
(3055, 'Salón 03', 20, 5, 855),
(3056, 'Salón 03', 20, 23, 856),
(3057, 'Salón 03', 20, 5, 857),
(3058, 'Salón 03', 20, 5, 858),
(3059, 'Salón 03', 20, 19, 859),
(3060, 'Salón 03', 20, 47, 860),
(3061, 'Salón 03', 20, 5, 861),
(3062, 'Salón 03', 20, 18, 862),
(3063, 'Salón 03', 20, 68, 863),
(3064, 'Salón 03', 20, 47, 864),
(3065, 'Salón 03', 20, 52, 865),
(3066, 'Salón 03', 20, 47, 866),
(3067, 'Salón 03', 20, 5, 867),
(3068, 'Salón 03', 20, 68, 868),
(3069, 'Salón 03', 20, 52, 869),
(3070, 'Salón 03', 20, 47, 870),
(3071, 'Salón 03', 20, 13, 871),
(3072, 'Salón 03', 20, 5, 872),
(3073, 'Salón 03', 20, 27, 873),
(3074, 'Salón 03', 20, 68, 874),
(3075, 'Salón 03', 20, 73, 875),
(3076, 'Salón 03', 20, 8, 876),
(3077, 'Salón 03', 20, 47, 877),
(3078, 'Salón 03', 20, 15, 878),
(3079, 'Salón 03', 20, 41, 879),
(3080, 'Salón 03', 20, 13, 880),
(3081, 'Salón 03', 20, 19, 881),
(3082, 'Salón 03', 20, 66, 882),
(3083, 'Salón 03', 20, 5, 883),
(3084, 'Salón 03', 20, 15, 884),
(3085, 'Salón 03', 20, 13, 885),
(3086, 'Salón 03', 20, 99, 886),
(3087, 'Salón 03', 20, 15, 887),
(3088, 'Salón 03', 20, 15, 888),
(3089, 'Salón 03', 20, 19, 889),
(3090, 'Salón 03', 20, 54, 890),
(3091, 'Salón 03', 20, 86, 891),
(3092, 'Salón 03', 20, 5, 892),
(3093, 'Salón 03', 20, 8, 893),
(3094, 'Salón 03', 20, 5, 894),
(3095, 'Salón 03', 20, 66, 895),
(3096, 'Salón 03', 20, 52, 896),
(3097, 'Salón 03', 20, 81, 897),
(3098, 'Salón 03', 20, 54, 898),
(3099, 'Salón 03', 20, 25, 899),
(3100, 'Salón 03', 20, 15, 900),
(3101, 'Salón 03', 20, 15, 901),
(3102, 'Salón 03', 20, 5, 902),
(3103, 'Salón 03', 20, 25, 903),
(3104, 'Salón 03', 20, 76, 904),
(3105, 'Salón 03', 20, 15, 905),
(3106, 'Salón 03', 20, 25, 906),
(3107, 'Salón 03', 20, 86, 907),
(3108, 'Salón 03', 20, 54, 908),
(3109, 'Salón 03', 20, 25, 909),
(3110, 'Salón 03', 20, 19, 910),
(3111, 'Salón 03', 20, 68, 911),
(3112, 'Salón 03', 20, 25, 912),
(3113, 'Salón 03', 20, 13, 913),
(3114, 'Salón 03', 20, 70, 914),
(3115, 'Salón 03', 20, 70, 915),
(3116, 'Salón 03', 20, 27, 916),
(3117, 'Salón 03', 20, 47, 917),
(3118, 'Salón 03', 20, 25, 918),
(3119, 'Salón 03', 20, 15, 919),
(3120, 'Salón 03', 20, 15, 920),
(3121, 'Salón 03', 20, 68, 921),
(3122, 'Salón 03', 20, 15, 922),
(3123, 'Salón 03', 20, 15, 923),
(3124, 'Salón 03', 20, 18, 924),
(3125, 'Salón 03', 20, 8, 925),
(3126, 'Salón 03', 20, 18, 926),
(3127, 'Salón 03', 20, 15, 927),
(3128, 'Salón 03', 20, 5, 928),
(3129, 'Salón 03', 20, 5, 929),
(3130, 'Salón 03', 20, 13, 930),
(3131, 'Salón 03', 20, 25, 931),
(3132, 'Salón 03', 20, 15, 932),
(3133, 'Salón 03', 20, 15, 933),
(3134, 'Salón 03', 20, 15, 934),
(3135, 'Salón 03', 20, 19, 935),
(3136, 'Salón 03', 20, 52, 936),
(3137, 'Salón 03', 20, 68, 937),
(3138, 'Salón 03', 20, 8, 938),
(3139, 'Salón 03', 20, 41, 939),
(3140, 'Salón 03', 20, 25, 940),
(3141, 'Salón 03', 20, 19, 941),
(3142, 'Salón 03', 20, 68, 942),
(3143, 'Salón 03', 20, 70, 943),
(3144, 'Salón 03', 20, 25, 944),
(3145, 'Salón 03', 20, 25, 945),
(3146, 'Salón 03', 20, 17, 946),
(3147, 'Salón 03', 20, 68, 947),
(3148, 'Salón 03', 20, 25, 948),
(3149, 'Salón 03', 20, 15, 949),
(3150, 'Salón 03', 20, 15, 950),
(3151, 'Salón 03', 20, 25, 951),
(3152, 'Salón 03', 20, 15, 952),
(3153, 'Salón 03', 20, 19, 953),
(3154, 'Salón 03', 20, 73, 954),
(3155, 'Salón 03', 20, 85, 955),
(3156, 'Salón 03', 20, 15, 956),
(3157, 'Salón 03', 20, 25, 957),
(3158, 'Salón 03', 20, 27, 958),
(3159, 'Salón 03', 20, 13, 959),
(3160, 'Salón 03', 20, 20, 960),
(3161, 'Salón 03', 20, 81, 961),
(3162, 'Salón 03', 20, 52, 962),
(3163, 'Salón 03', 20, 52, 963),
(3164, 'Salón 03', 20, 97, 964),
(3165, 'Salón 03', 20, 5, 965),
(3166, 'Salón 03', 20, 41, 966),
(3167, 'Salón 03', 20, 5, 967),
(3168, 'Salón 03', 20, 15, 968),
(3169, 'Salón 03', 20, 85, 969),
(3170, 'Salón 03', 20, 25, 970),
(3171, 'Salón 03', 20, 41, 971),
(3172, 'Salón 03', 20, 25, 972),
(3173, 'Salón 03', 20, 47, 973),
(3174, 'Salón 03', 20, 25, 974),
(3175, 'Salón 03', 20, 15, 975),
(3176, 'Salón 03', 20, 54, 976),
(3177, 'Salón 03', 20, 41, 977),
(3178, 'Salón 03', 20, 41, 978),
(3179, 'Salón 03', 20, 25, 979),
(3180, 'Salón 03', 20, 15, 980),
(3181, 'Salón 03', 20, 15, 981),
(3182, 'Salón 03', 20, 25, 982),
(3183, 'Salón 03', 20, 54, 983),
(3184, 'Salón 03', 20, 23, 984),
(3185, 'Salón 03', 20, 41, 985),
(3186, 'Salón 03', 20, 19, 986),
(3187, 'Salón 03', 20, 19, 987),
(3188, 'Salón 03', 20, 15, 988),
(3189, 'Salón 03', 20, 15, 989),
(3190, 'Salón 03', 20, 13, 990),
(3191, 'Salón 03', 20, 5, 991),
(3192, 'Salón 03', 20, 15, 992),
(3193, 'Salón 03', 20, 25, 993),
(3194, 'Salón 03', 20, 25, 994),
(3195, 'Salón 03', 20, 15, 995),
(3196, 'Salón 03', 20, 5, 996),
(3197, 'Salón 03', 20, 54, 997),
(3198, 'Salón 03', 20, 70, 998),
(3199, 'Salón 03', 20, 70, 999),
(3200, 'Salón 03', 20, 68, 1000),
(3201, 'Salón 03', 20, 15, 1001),
(3202, 'Salón 03', 20, 25, 1002),
(3203, 'Salón 03', 20, 19, 1003),
(3204, 'Salón 03', 20, 76, 1004),
(3205, 'Salón 03', 20, 15, 1005),
(3206, 'Salón 03', 20, 19, 1006),
(3207, 'Salón 03', 20, 85, 1007),
(3208, 'Salón 03', 20, 76, 1008),
(3209, 'Salón 03', 20, 8, 1009),
(3210, 'Salón 03', 20, 23, 1010),
(3211, 'Salón 03', 20, 76, 1011),
(3212, 'Salón 03', 20, 52, 1012),
(3213, 'Salón 03', 20, 15, 1013),
(3214, 'Salón 03', 20, 15, 1014),
(3215, 'Salón 03', 20, 13, 1015),
(3216, 'Salón 03', 20, 13, 1016),
(3217, 'Salón 03', 20, 5, 1017),
(3218, 'Salón 03', 20, 15, 1018),
(3219, 'Salón 03', 20, 15, 1019),
(3220, 'Salón 03', 20, 15, 1020),
(3221, 'Salón 03', 20, 85, 1021),
(3222, 'Salón 03', 20, 5, 1022),
(3223, 'Salón 03', 20, 52, 1023),
(3224, 'Salón 03', 20, 25, 1024),
(3225, 'Salón 03', 20, 25, 1025),
(3226, 'Salón 03', 20, 25, 1026),
(3227, 'Salón 03', 20, 76, 1027),
(3228, 'Salón 03', 20, 25, 1028),
(3229, 'Salón 03', 20, 27, 1029),
(3230, 'Salón 03', 20, 27, 1030),
(3231, 'Salón 03', 20, 5, 1031),
(3232, 'Salón 03', 20, 50, 1032),
(3233, 'Salón 03', 20, 44, 1033),
(3234, 'Salón 03', 20, 5, 1034),
(3235, 'Salón 03', 20, 44, 1035),
(3236, 'Salón 03', 20, 8, 1036),
(3237, 'Salón 03', 20, 5, 1037),
(3238, 'Salón 03', 20, 23, 1038),
(3239, 'Salón 03', 20, 68, 1039),
(3240, 'Salón 03', 20, 73, 1040),
(3241, 'Salón 03', 20, 86, 1041),
(3242, 'Salón 03', 20, 20, 1042),
(3243, 'Salón 03', 20, 5, 1043),
(3244, 'Salón 03', 20, 18, 1044),
(3245, 'Salón 03', 20, 5, 1045),
(3246, 'Salón 03', 20, 73, 1046),
(3247, 'Salón 03', 20, 5, 1047),
(3248, 'Salón 03', 20, 25, 1048),
(3249, 'Salón 03', 20, 15, 1049),
(3250, 'Salón 03', 20, 25, 1050),
(3251, 'Salón 03', 20, 76, 1051),
(3252, 'Salón 03', 20, 68, 1052),
(3253, 'Salón 03', 20, 25, 1053),
(3254, 'Salón 03', 20, 5, 1054),
(3255, 'Salón 03', 20, 76, 1055),
(3256, 'Salón 03', 20, 54, 1056),
(3257, 'Salón 03', 20, 19, 1057),
(3258, 'Salón 03', 20, 15, 1058),
(3259, 'Salón 03', 20, 54, 1059),
(3260, 'Salón 03', 20, 86, 1060),
(3261, 'Salón 03', 20, 25, 1061),
(3262, 'Salón 03', 20, 73, 1062),
(3263, 'Salón 03', 20, 17, 1063),
(3264, 'Salón 03', 20, 13, 1064),
(3265, 'Salón 03', 20, 44, 1065),
(3266, 'Salón 03', 20, 68, 1066),
(3267, 'Salón 03', 20, 85, 1067),
(3268, 'Salón 03', 20, 25, 1068),
(3269, 'Salón 03', 20, 73, 1069),
(3270, 'Salón 03', 20, 50, 1070);
INSERT INTO `salones` (`id`, `descripcion`, `capacidad`, `regional`, `ciudad`) VALUES
(3271, 'Salón 03', 20, 41, 1071),
(3272, 'Salón 03', 20, 25, 1072),
(3273, 'Salón 03', 20, 25, 1073),
(3274, 'Salón 03', 20, 15, 1074),
(3275, 'Salón 03', 20, 50, 1075),
(3276, 'Salón 03', 20, 17, 1076),
(3277, 'Salón 03', 20, 68, 1077),
(3278, 'Salón 03', 20, 25, 1078),
(3279, 'Salón 03', 20, 52, 1079),
(3280, 'Salón 03', 20, 41, 1080),
(3281, 'Salón 03', 20, 5, 1081),
(3282, 'Salón 03', 20, 5, 1082),
(3283, 'Salón 03', 20, 5, 1083),
(3284, 'Salón 03', 20, 5, 1084),
(3285, 'Salón 03', 20, 85, 1085),
(3286, 'Salón 03', 20, 76, 1086),
(3287, 'Salón 03', 20, 76, 1087),
(3288, 'Salón 03', 20, 13, 1088),
(3289, 'Salón 03', 20, 68, 1089),
(3290, 'Salón 03', 20, 47, 1090),
(3291, 'Salón 03', 20, 5, 1091),
(3292, 'Salón 03', 20, 76, 1092),
(3293, 'Salón 03', 20, 15, 1093),
(3294, 'Salón 03', 20, 25, 1094),
(3295, 'Salón 03', 20, 25, 1095),
(3296, 'Salón 03', 20, 47, 1096),
(3297, 'Salón 03', 20, 54, 1097),
(3298, 'Salón 03', 20, 41, 1098),
(3299, 'Salón 03', 20, 15, 1099),
(3300, 'Salón 03', 20, 25, 1100),
(3301, 'Salón 04', 20, 5, 1),
(3302, 'Salón 04', 20, 50, 2),
(3303, 'Salón 04', 20, 27, 3),
(3304, 'Salón 04', 20, 41, 4),
(3305, 'Salón 04', 20, 13, 5),
(3306, 'Salón 04', 20, 41, 6),
(3307, 'Salón 04', 20, 25, 7),
(3308, 'Salón 04', 20, 20, 8),
(3309, 'Salón 04', 20, 68, 9),
(3310, 'Salón 04', 20, 17, 10),
(3311, 'Salón 04', 20, 85, 11),
(3312, 'Salón 04', 20, 20, 12),
(3313, 'Salón 04', 20, 41, 13),
(3314, 'Salón 04', 20, 18, 14),
(3315, 'Salón 04', 20, 44, 15),
(3316, 'Salón 04', 20, 68, 16),
(3317, 'Salón 04', 20, 25, 17),
(3318, 'Salón 04', 20, 52, 18),
(3319, 'Salón 04', 20, 76, 19),
(3320, 'Salón 04', 20, 5, 20),
(3321, 'Salón 04', 20, 47, 21),
(3322, 'Salón 04', 20, 41, 22),
(3323, 'Salón 04', 20, 19, 23),
(3324, 'Salón 04', 20, 15, 24),
(3325, 'Salón 04', 20, 73, 25),
(3326, 'Salón 04', 20, 41, 26),
(3327, 'Salón 04', 20, 27, 27),
(3328, 'Salón 04', 20, 13, 28),
(3329, 'Salón 04', 20, 73, 29),
(3330, 'Salón 04', 20, 5, 30),
(3331, 'Salón 04', 20, 5, 31),
(3332, 'Salón 04', 20, 73, 32),
(3333, 'Salón 04', 20, 25, 33),
(3334, 'Salón 04', 20, 52, 34),
(3335, 'Salón 04', 20, 76, 35),
(3336, 'Salón 04', 20, 5, 36),
(3337, 'Salón 04', 20, 5, 37),
(3338, 'Salón 04', 20, 5, 38),
(3339, 'Salón 04', 20, 25, 39),
(3340, 'Salón 04', 20, 5, 40),
(3341, 'Salón 04', 20, 17, 41),
(3342, 'Salón 04', 20, 76, 42),
(3343, 'Salón 04', 20, 73, 43),
(3344, 'Salón 04', 20, 5, 44),
(3345, 'Salón 04', 20, 5, 45),
(3346, 'Salón 04', 20, 25, 46),
(3347, 'Salón 04', 20, 66, 47),
(3348, 'Salón 04', 20, 15, 48),
(3349, 'Salón 04', 20, 47, 49),
(3350, 'Salón 04', 20, 17, 50),
(3351, 'Salón 04', 20, 68, 51),
(3352, 'Salón 04', 20, 81, 52),
(3353, 'Salón 04', 20, 81, 53),
(3354, 'Salón 04', 20, 25, 54),
(3355, 'Salón 04', 20, 52, 55),
(3356, 'Salón 04', 20, 54, 56),
(3357, 'Salón 04', 20, 5, 57),
(3358, 'Salón 04', 20, 15, 58),
(3359, 'Salón 04', 20, 13, 59),
(3360, 'Salón 04', 20, 5, 60),
(3361, 'Salón 04', 20, 19, 61),
(3362, 'Salón 04', 20, 76, 62),
(3363, 'Salón 04', 20, 47, 63),
(3364, 'Salón 04', 20, 13, 64),
(3365, 'Salón 04', 20, 5, 65),
(3366, 'Salón 04', 20, 63, 66),
(3367, 'Salón 04', 20, 73, 67),
(3368, 'Salón 04', 20, 13, 68),
(3369, 'Salón 04', 20, 20, 69),
(3370, 'Salón 04', 20, 73, 70),
(3371, 'Salón 04', 20, 27, 71),
(3372, 'Salón 04', 20, 23, 72),
(3373, 'Salón 04', 20, 27, 73),
(3374, 'Salón 04', 20, 27, 74),
(3375, 'Salón 04', 20, 27, 75),
(3376, 'Salón 04', 20, 19, 76),
(3377, 'Salón 04', 20, 66, 77),
(3378, 'Salón 04', 20, 8, 78),
(3379, 'Salón 04', 20, 41, 79),
(3380, 'Salón 04', 20, 52, 80),
(3381, 'Salón 04', 20, 5, 81),
(3382, 'Salón 04', 20, 68, 82),
(3383, 'Salón 04', 20, 68, 83),
(3384, 'Salón 04', 20, 50, 84),
(3385, 'Salón 04', 20, 68, 85),
(3386, 'Salón 04', 20, 44, 86),
(3387, 'Salón 04', 20, 13, 87),
(3388, 'Salón 04', 20, 8, 88),
(3389, 'Salón 04', 20, 20, 89),
(3390, 'Salón 04', 20, 17, 90),
(3391, 'Salón 04', 20, 5, 91),
(3392, 'Salón 04', 20, 5, 92),
(3393, 'Salón 04', 20, 25, 93),
(3394, 'Salón 04', 20, 15, 94),
(3395, 'Salón 04', 20, 52, 95),
(3396, 'Salón 04', 20, 27, 96),
(3397, 'Salón 04', 20, 66, 97),
(3398, 'Salón 04', 20, 18, 98),
(3399, 'Salón 04', 20, 15, 99),
(3400, 'Salón 04', 20, 5, 100),
(3401, 'Salón 04', 20, 15, 101),
(3402, 'Salón 04', 20, 5, 102),
(3403, 'Salón 04', 20, 68, 103),
(3404, 'Salón 04', 20, 25, 104),
(3405, 'Salón 04', 20, 15, 105),
(3406, 'Salón 04', 20, 54, 106),
(3407, 'Salón 04', 20, 11, 107),
(3408, 'Salón 04', 20, 25, 108),
(3409, 'Salón 04', 20, 27, 109),
(3410, 'Salón 04', 20, 5, 110),
(3411, 'Salón 04', 20, 19, 111),
(3412, 'Salón 04', 20, 68, 112),
(3413, 'Salón 04', 20, 76, 113),
(3414, 'Salón 04', 20, 20, 114),
(3415, 'Salón 04', 20, 15, 115),
(3416, 'Salón 04', 20, 5, 116),
(3417, 'Salón 04', 20, 15, 117),
(3418, 'Salón 04', 20, 68, 118),
(3419, 'Salón 04', 20, 54, 119),
(3420, 'Salón 04', 20, 76, 120),
(3421, 'Salón 04', 20, 15, 121),
(3422, 'Salón 04', 20, 23, 122),
(3423, 'Salón 04', 20, 63, 123),
(3424, 'Salón 04', 20, 70, 124),
(3425, 'Salón 04', 20, 19, 125),
(3426, 'Salón 04', 20, 52, 126),
(3427, 'Salón 04', 20, 76, 127),
(3428, 'Salón 04', 20, 76, 128),
(3429, 'Salón 04', 20, 5, 129),
(3430, 'Salón 04', 20, 15, 130),
(3431, 'Salón 04', 20, 25, 131),
(3432, 'Salón 04', 20, 68, 132),
(3433, 'Salón 04', 20, 50, 133),
(3434, 'Salón 04', 20, 25, 134),
(3435, 'Salón 04', 20, 5, 135),
(3436, 'Salón 04', 20, 76, 136),
(3437, 'Salón 04', 20, 70, 137),
(3438, 'Salón 04', 20, 73, 138),
(3439, 'Salón 04', 20, 19, 139),
(3440, 'Salón 04', 20, 25, 140),
(3441, 'Salón 04', 20, 13, 141),
(3442, 'Salón 04', 20, 95, 142),
(3443, 'Salón 04', 20, 63, 143),
(3444, 'Salón 04', 20, 5, 144),
(3445, 'Salón 04', 20, 15, 145),
(3446, 'Salón 04', 20, 19, 146),
(3447, 'Salón 04', 20, 68, 147),
(3448, 'Salón 04', 20, 76, 148),
(3449, 'Salón 04', 20, 19, 149),
(3450, 'Salón 04', 20, 76, 150),
(3451, 'Salón 04', 20, 5, 151),
(3452, 'Salón 04', 20, 8, 152),
(3453, 'Salón 04', 20, 41, 153),
(3454, 'Salón 04', 20, 15, 154),
(3455, 'Salón 04', 20, 23, 155),
(3456, 'Salón 04', 20, 8, 156),
(3457, 'Salón 04', 20, 76, 157),
(3458, 'Salón 04', 20, 13, 158),
(3459, 'Salón 04', 20, 27, 159),
(3460, 'Salón 04', 20, 25, 160),
(3461, 'Salón 04', 20, 68, 161),
(3462, 'Salón 04', 20, 5, 162),
(3463, 'Salón 04', 20, 5, 163),
(3464, 'Salón 04', 20, 68, 164),
(3465, 'Salón 04', 20, 5, 165),
(3466, 'Salón 04', 20, 73, 166),
(3467, 'Salón 04', 20, 25, 167),
(3468, 'Salón 04', 20, 5, 168),
(3469, 'Salón 04', 20, 27, 169),
(3470, 'Salón 04', 20, 5, 170),
(3471, 'Salón 04', 20, 13, 171),
(3472, 'Salón 04', 20, 18, 172),
(3473, 'Salón 04', 20, 76, 173),
(3474, 'Salón 04', 20, 97, 174),
(3475, 'Salón 04', 20, 73, 175),
(3476, 'Salón 04', 20, 50, 176),
(3477, 'Salón 04', 20, 5, 177),
(3478, 'Salón 04', 20, 5, 178),
(3479, 'Salón 04', 20, 68, 179),
(3480, 'Salón 04', 20, 23, 180),
(3481, 'Salón 04', 20, 15, 181),
(3482, 'Salón 04', 20, 68, 182),
(3483, 'Salón 04', 20, 47, 183),
(3484, 'Salón 04', 20, 52, 184),
(3485, 'Salón 04', 20, 25, 185),
(3486, 'Salón 04', 20, 70, 186),
(3487, 'Salón 04', 20, 73, 187),
(3488, 'Salón 04', 20, 68, 188),
(3489, 'Salón 04', 20, 68, 189),
(3490, 'Salón 04', 20, 5, 190),
(3491, 'Salón 04', 20, 68, 191),
(3492, 'Salón 04', 20, 20, 192),
(3493, 'Salón 04', 20, 23, 193),
(3494, 'Salón 04', 20, 15, 194),
(3495, 'Salón 04', 20, 17, 195),
(3496, 'Salón 04', 20, 54, 196),
(3497, 'Salón 04', 20, 23, 197),
(3498, 'Salón 04', 20, 25, 198),
(3499, 'Salón 04', 20, 68, 199),
(3500, 'Salón 04', 20, 15, 200),
(3501, 'Salón 04', 20, 20, 201),
(3502, 'Salón 04', 20, 15, 202),
(3503, 'Salón 04', 20, 15, 203),
(3504, 'Salón 04', 20, 54, 204),
(3505, 'Salón 04', 20, 15, 205),
(3506, 'Salón 04', 20, 15, 206),
(3507, 'Salón 04', 20, 47, 207),
(3508, 'Salón 04', 20, 25, 208),
(3509, 'Salón 04', 20, 25, 209),
(3510, 'Salón 04', 20, 85, 210),
(3511, 'Salón 04', 20, 25, 211),
(3512, 'Salón 04', 20, 15, 212),
(3513, 'Salón 04', 20, 15, 213),
(3514, 'Salón 04', 20, 13, 214),
(3515, 'Salón 04', 20, 68, 215),
(3516, 'Salón 04', 20, 63, 216),
(3517, 'Salón 04', 20, 5, 217),
(3518, 'Salón 04', 20, 15, 218),
(3519, 'Salón 04', 20, 47, 219),
(3520, 'Salón 04', 20, 23, 220),
(3521, 'Salón 04', 20, 13, 221),
(3522, 'Salón 04', 20, 5, 222),
(3523, 'Salón 04', 20, 73, 223),
(3524, 'Salón 04', 20, 25, 224),
(3525, 'Salón 04', 20, 41, 225),
(3526, 'Salón 04', 20, 70, 226),
(3527, 'Salón 04', 20, 86, 227),
(3528, 'Salón 04', 20, 52, 228),
(3529, 'Salón 04', 20, 5, 229),
(3530, 'Salón 04', 20, 68, 230),
(3531, 'Salón 04', 20, 5, 231),
(3532, 'Salón 04', 20, 47, 232),
(3533, 'Salón 04', 20, 27, 233),
(3534, 'Salón 04', 20, 68, 234),
(3535, 'Salón 04', 20, 52, 235),
(3536, 'Salón 04', 20, 52, 236),
(3537, 'Salón 04', 20, 68, 237),
(3538, 'Salón 04', 20, 54, 238),
(3539, 'Salón 04', 20, 5, 239),
(3540, 'Salón 04', 20, 15, 240),
(3541, 'Salón 04', 20, 63, 241),
(3542, 'Salón 04', 20, 19, 242),
(3543, 'Salón 04', 20, 68, 243),
(3544, 'Salón 04', 20, 70, 244),
(3545, 'Salón 04', 20, 15, 245),
(3546, 'Salón 04', 20, 25, 246),
(3547, 'Salón 04', 20, 23, 247),
(3548, 'Salón 04', 20, 15, 248),
(3549, 'Salón 04', 20, 70, 249),
(3550, 'Salón 04', 20, 73, 250),
(3551, 'Salón 04', 20, 81, 251),
(3552, 'Salón 04', 20, 52, 252),
(3553, 'Salón 04', 20, 50, 253),
(3554, 'Salón 04', 20, 15, 254),
(3555, 'Salón 04', 20, 15, 255),
(3556, 'Salón 04', 20, 25, 256),
(3557, 'Salón 04', 20, 54, 257),
(3558, 'Salón 04', 20, 15, 258),
(3559, 'Salón 04', 20, 50, 259),
(3560, 'Salón 04', 20, 99, 260),
(3561, 'Salón 04', 20, 52, 261),
(3562, 'Salón 04', 20, 52, 262),
(3563, 'Salón 04', 20, 73, 263),
(3564, 'Salón 04', 20, 18, 264),
(3565, 'Salón 04', 20, 68, 265),
(3566, 'Salón 04', 20, 20, 266),
(3567, 'Salón 04', 20, 5, 267),
(3568, 'Salón 04', 20, 54, 268),
(3569, 'Salón 04', 20, 54, 269),
(3570, 'Salón 04', 20, 25, 270),
(3571, 'Salón 04', 20, 27, 271),
(3572, 'Salón 04', 20, 15, 272),
(3573, 'Salón 04', 20, 13, 273),
(3574, 'Salón 04', 20, 52, 274),
(3575, 'Salón 04', 20, 54, 275),
(3576, 'Salón 04', 20, 5, 276),
(3577, 'Salón 04', 20, 76, 277),
(3578, 'Salón 04', 20, 44, 278),
(3579, 'Salón 04', 20, 44, 279),
(3580, 'Salón 04', 20, 73, 280),
(3581, 'Salón 04', 20, 5, 281),
(3582, 'Salón 04', 20, 66, 282),
(3583, 'Salón 04', 20, 15, 283),
(3584, 'Salón 04', 20, 54, 284),
(3585, 'Salón 04', 20, 5, 285),
(3586, 'Salón 04', 20, 5, 286),
(3587, 'Salón 04', 20, 47, 287),
(3588, 'Salón 04', 20, 76, 288),
(3589, 'Salón 04', 20, 50, 289),
(3590, 'Salón 04', 20, 54, 290),
(3591, 'Salón 04', 20, 68, 291),
(3592, 'Salón 04', 20, 27, 292),
(3593, 'Salón 04', 20, 13, 293),
(3594, 'Salón 04', 20, 50, 294),
(3595, 'Salón 04', 20, 76, 295),
(3596, 'Salón 04', 20, 52, 296),
(3597, 'Salón 04', 20, 15, 297),
(3598, 'Salón 04', 20, 25, 298),
(3599, 'Salón 04', 20, 20, 299),
(3600, 'Salón 04', 20, 18, 300),
(3601, 'Salón 04', 20, 50, 301),
(3602, 'Salón 04', 20, 76, 302),
(3603, 'Salón 04', 20, 15, 303),
(3604, 'Salón 04', 20, 68, 304),
(3605, 'Salón 04', 20, 13, 305),
(3606, 'Salón 04', 20, 44, 306),
(3607, 'Salón 04', 20, 20, 307),
(3608, 'Salón 04', 20, 18, 308),
(3609, 'Salón 04', 20, 52, 309),
(3610, 'Salón 04', 20, 13, 310),
(3611, 'Salón 04', 20, 68, 311),
(3612, 'Salón 04', 20, 25, 312),
(3613, 'Salón 04', 20, 47, 313),
(3614, 'Salón 04', 20, 68, 314),
(3615, 'Salón 04', 20, 95, 315),
(3616, 'Salón 04', 20, 47, 316),
(3617, 'Salón 04', 20, 70, 317),
(3618, 'Salón 04', 20, 25, 318),
(3619, 'Salón 04', 20, 52, 319),
(3620, 'Salón 04', 20, 52, 320),
(3621, 'Salón 04', 20, 19, 321),
(3622, 'Salón 04', 20, 52, 322),
(3623, 'Salón 04', 20, 54, 323),
(3624, 'Salón 04', 20, 54, 324),
(3625, 'Salón 04', 20, 76, 325),
(3626, 'Salón 04', 20, 41, 326),
(3627, 'Salón 04', 20, 68, 327),
(3628, 'Salón 04', 20, 68, 328),
(3629, 'Salón 04', 20, 5, 329),
(3630, 'Salón 04', 20, 5, 330),
(3631, 'Salón 04', 20, 73, 331),
(3632, 'Salón 04', 20, 25, 332),
(3633, 'Salón 04', 20, 73, 333),
(3634, 'Salón 04', 20, 17, 334),
(3635, 'Salón 04', 20, 63, 335),
(3636, 'Salón 04', 20, 15, 336),
(3637, 'Salón 04', 20, 73, 337),
(3638, 'Salón 04', 20, 18, 338),
(3639, 'Salón 04', 20, 19, 339),
(3640, 'Salón 04', 20, 15, 340),
(3641, 'Salón 04', 20, 76, 341),
(3642, 'Salón 04', 20, 68, 342),
(3643, 'Salón 04', 20, 68, 343),
(3644, 'Salón 04', 20, 44, 344),
(3645, 'Salón 04', 20, 81, 345),
(3646, 'Salón 04', 20, 25, 346),
(3647, 'Salón 04', 20, 52, 347),
(3648, 'Salón 04', 20, 5, 348),
(3649, 'Salón 04', 20, 73, 349),
(3650, 'Salón 04', 20, 5, 350),
(3651, 'Salón 04', 20, 50, 351),
(3652, 'Salón 04', 20, 47, 352),
(3653, 'Salón 04', 20, 52, 353),
(3654, 'Salón 04', 20, 25, 354),
(3655, 'Salón 04', 20, 25, 355),
(3656, 'Salón 04', 20, 25, 356),
(3657, 'Salón 04', 20, 25, 357),
(3658, 'Salón 04', 20, 25, 358),
(3659, 'Salón 04', 20, 25, 359),
(3660, 'Salón 04', 20, 15, 360),
(3661, 'Salón 04', 20, 25, 361),
(3662, 'Salón 04', 20, 8, 362),
(3663, 'Salón 04', 20, 70, 363),
(3664, 'Salón 04', 20, 68, 364),
(3665, 'Salón 04', 20, 25, 365),
(3666, 'Salón 04', 20, 20, 366),
(3667, 'Salón 04', 20, 15, 367),
(3668, 'Salón 04', 20, 41, 368),
(3669, 'Salón 04', 20, 41, 369),
(3670, 'Salón 04', 20, 76, 370),
(3671, 'Salón 04', 20, 5, 371),
(3672, 'Salón 04', 20, 25, 372),
(3673, 'Salón 04', 20, 5, 373),
(3674, 'Salón 04', 20, 68, 374),
(3675, 'Salón 04', 20, 20, 375),
(3676, 'Salón 04', 20, 54, 376),
(3677, 'Salón 04', 20, 5, 377),
(3678, 'Salón 04', 20, 25, 378),
(3679, 'Salón 04', 20, 50, 379),
(3680, 'Salón 04', 20, 68, 380),
(3681, 'Salón 04', 20, 15, 381),
(3682, 'Salón 04', 20, 76, 382),
(3683, 'Salón 04', 20, 52, 383),
(3684, 'Salón 04', 20, 19, 384),
(3685, 'Salón 04', 20, 25, 385),
(3686, 'Salón 04', 20, 52, 386),
(3687, 'Salón 04', 20, 5, 387),
(3688, 'Salón 04', 20, 41, 388),
(3689, 'Salón 04', 20, 68, 389),
(3690, 'Salón 04', 20, 25, 390),
(3691, 'Salón 04', 20, 52, 391),
(3692, 'Salón 04', 20, 52, 392),
(3693, 'Salón 04', 20, 47, 393),
(3694, 'Salón 04', 20, 50, 394),
(3695, 'Salón 04', 20, 73, 395),
(3696, 'Salón 04', 20, 68, 396),
(3697, 'Salón 04', 20, 19, 397),
(3698, 'Salón 04', 20, 70, 398),
(3699, 'Salón 04', 20, 5, 399),
(3700, 'Salón 04', 20, 25, 400),
(3701, 'Salón 04', 20, 5, 401),
(3702, 'Salón 04', 20, 25, 402),
(3703, 'Salón 04', 20, 25, 403),
(3704, 'Salón 04', 20, 15, 404),
(3705, 'Salón 04', 20, 68, 405),
(3706, 'Salón 04', 20, 25, 406),
(3707, 'Salón 04', 20, 25, 407),
(3708, 'Salón 04', 20, 15, 408),
(3709, 'Salón 04', 20, 68, 409),
(3710, 'Salón 04', 20, 15, 410),
(3711, 'Salón 04', 20, 25, 411),
(3712, 'Salón 04', 20, 66, 412),
(3713, 'Salón 04', 20, 68, 413),
(3714, 'Salón 04', 20, 15, 414),
(3715, 'Salón 04', 20, 63, 415),
(3716, 'Salón 04', 20, 5, 416),
(3717, 'Salón 04', 20, 54, 417),
(3718, 'Salón 04', 20, 13, 418),
(3719, 'Salón 04', 20, 68, 419),
(3720, 'Salón 04', 20, 85, 420),
(3721, 'Salón 04', 20, 44, 421),
(3722, 'Salón 04', 20, 5, 422),
(3723, 'Salón 04', 20, 54, 423),
(3724, 'Salón 04', 20, 73, 424),
(3725, 'Salón 04', 20, 5, 425),
(3726, 'Salón 04', 20, 41, 426),
(3727, 'Salón 04', 20, 73, 427),
(3728, 'Salón 04', 20, 73, 428),
(3729, 'Salón 04', 20, 73, 429),
(3730, 'Salón 04', 20, 52, 430),
(3731, 'Salón 04', 20, 52, 431),
(3732, 'Salón 04', 20, 19, 432),
(3733, 'Salón 04', 20, 94, 433),
(3734, 'Salón 04', 20, 52, 434),
(3735, 'Salón 04', 20, 41, 435),
(3736, 'Salón 04', 20, 27, 436),
(3737, 'Salón 04', 20, 5, 437),
(3738, 'Salón 04', 20, 5, 438),
(3739, 'Salón 04', 20, 15, 439),
(3740, 'Salón 04', 20, 19, 440),
(3741, 'Salón 04', 20, 76, 441),
(3742, 'Salón 04', 20, 5, 442),
(3743, 'Salón 04', 20, 15, 443),
(3744, 'Salón 04', 20, 5, 444),
(3745, 'Salón 04', 20, 15, 445),
(3746, 'Salón 04', 20, 25, 446),
(3747, 'Salón 04', 20, 68, 447),
(3748, 'Salón 04', 20, 68, 448),
(3749, 'Salón 04', 20, 8, 449),
(3750, 'Salón 04', 20, 25, 450),
(3751, 'Salón 04', 20, 27, 451),
(3752, 'Salón 04', 20, 23, 452),
(3753, 'Salón 04', 20, 41, 453),
(3754, 'Salón 04', 20, 68, 454),
(3755, 'Salón 04', 20, 25, 455),
(3756, 'Salón 04', 20, 15, 456),
(3757, 'Salón 04', 20, 5, 457),
(3758, 'Salón 04', 20, 66, 458),
(3759, 'Salón 04', 20, 52, 459),
(3760, 'Salón 04', 20, 76, 460),
(3761, 'Salón 04', 20, 17, 461),
(3762, 'Salón 04', 20, 54, 462),
(3763, 'Salón 04', 20, 5, 463),
(3764, 'Salón 04', 20, 52, 464),
(3765, 'Salón 04', 20, 20, 465),
(3766, 'Salón 04', 20, 20, 466),
(3767, 'Salón 04', 20, 44, 467),
(3768, 'Salón 04', 20, 52, 468),
(3769, 'Salón 04', 20, 50, 469),
(3770, 'Salón 04', 20, 17, 470),
(3771, 'Salón 04', 20, 25, 471),
(3772, 'Salón 04', 20, 18, 472),
(3773, 'Salón 04', 20, 25, 473),
(3774, 'Salón 04', 20, 68, 474),
(3775, 'Salón 04', 20, 20, 475),
(3776, 'Salón 04', 20, 25, 476),
(3777, 'Salón 04', 20, 5, 477),
(3778, 'Salón 04', 20, 41, 478),
(3779, 'Salón 04', 20, 54, 479),
(3780, 'Salón 04', 20, 99, 480),
(3781, 'Salón 04', 20, 85, 481),
(3782, 'Salón 04', 20, 19, 482),
(3783, 'Salón 04', 20, 63, 483),
(3784, 'Salón 04', 20, 52, 484),
(3785, 'Salón 04', 20, 5, 485),
(3786, 'Salón 04', 20, 52, 486),
(3787, 'Salón 04', 20, 70, 487),
(3788, 'Salón 04', 20, 76, 488),
(3789, 'Salón 04', 20, 15, 489),
(3790, 'Salón 04', 20, 19, 490),
(3791, 'Salón 04', 20, 25, 491),
(3792, 'Salón 04', 20, 15, 492),
(3793, 'Salón 04', 20, 17, 493),
(3794, 'Salón 04', 20, 76, 494),
(3795, 'Salón 04', 20, 66, 495),
(3796, 'Salón 04', 20, 54, 496),
(3797, 'Salón 04', 20, 15, 497),
(3798, 'Salón 04', 20, 68, 498),
(3799, 'Salón 04', 20, 68, 499),
(3800, 'Salón 04', 20, 52, 500),
(3801, 'Salón 04', 20, 50, 501),
(3802, 'Salón 04', 20, 25, 502),
(3803, 'Salón 04', 20, 91, 503),
(3804, 'Salón 04', 20, 5, 504),
(3805, 'Salón 04', 20, 52, 505),
(3806, 'Salón 04', 20, 27, 506),
(3807, 'Salón 04', 20, 23, 507),
(3808, 'Salón 04', 20, 23, 508),
(3809, 'Salón 04', 20, 70, 509),
(3810, 'Salón 04', 20, 54, 510),
(3811, 'Salón 04', 20, 68, 511),
(3812, 'Salón 04', 20, 54, 512),
(3813, 'Salón 04', 20, 8, 513),
(3814, 'Salón 04', 20, 73, 514),
(3815, 'Salón 04', 20, 73, 515),
(3816, 'Salón 04', 20, 19, 516),
(3817, 'Salón 04', 20, 15, 517),
(3818, 'Salón 04', 20, 68, 518),
(3819, 'Salón 04', 20, 5, 519),
(3820, 'Salón 04', 20, 25, 520),
(3821, 'Salón 04', 20, 25, 521),
(3822, 'Salón 04', 20, 13, 522),
(3823, 'Salón 04', 20, 52, 523),
(3824, 'Salón 04', 20, 13, 524),
(3825, 'Salón 04', 20, 44, 525),
(3826, 'Salón 04', 20, 70, 526),
(3827, 'Salón 04', 20, 8, 527),
(3828, 'Salón 04', 20, 52, 528),
(3829, 'Salón 04', 20, 8, 529),
(3830, 'Salón 04', 20, 44, 530),
(3831, 'Salón 04', 20, 20, 531),
(3832, 'Salón 04', 20, 17, 532),
(3833, 'Salón 04', 20, 25, 533),
(3834, 'Salón 04', 20, 17, 534),
(3835, 'Salón 04', 20, 85, 535),
(3836, 'Salón 04', 20, 50, 536),
(3837, 'Salón 04', 20, 13, 537),
(3838, 'Salón 04', 20, 5, 538),
(3839, 'Salón 04', 20, 15, 539),
(3840, 'Salón 04', 20, 73, 540),
(3841, 'Salón 04', 20, 17, 541),
(3842, 'Salón 04', 20, 17, 542),
(3843, 'Salón 04', 20, 66, 543),
(3844, 'Salón 04', 20, 17, 544),
(3845, 'Salón 04', 20, 13, 545),
(3846, 'Salón 04', 20, 68, 546),
(3847, 'Salón 04', 20, 5, 547),
(3848, 'Salón 04', 20, 25, 548),
(3849, 'Salón 04', 20, 27, 549),
(3850, 'Salón 04', 20, 27, 550),
(3851, 'Salón 04', 20, 27, 551),
(3852, 'Salón 04', 20, 73, 552),
(3853, 'Salón 04', 20, 19, 553),
(3854, 'Salón 04', 20, 50, 554),
(3855, 'Salón 04', 20, 18, 555),
(3856, 'Salón 04', 20, 15, 556),
(3857, 'Salón 04', 20, 95, 557),
(3858, 'Salón 04', 20, 19, 558),
(3859, 'Salón 04', 20, 66, 559),
(3860, 'Salón 04', 20, 97, 560),
(3861, 'Salón 04', 20, 86, 561),
(3862, 'Salón 04', 20, 68, 562),
(3863, 'Salón 04', 20, 68, 563),
(3864, 'Salón 04', 20, 23, 564),
(3865, 'Salón 04', 20, 13, 565),
(3866, 'Salón 04', 20, 15, 566),
(3867, 'Salón 04', 20, 15, 567),
(3868, 'Salón 04', 20, 15, 568),
(3869, 'Salón 04', 20, 5, 569),
(3870, 'Salón 04', 20, 13, 570),
(3871, 'Salón 04', 20, 23, 571),
(3872, 'Salón 04', 20, 63, 572),
(3873, 'Salón 04', 20, 23, 573),
(3874, 'Salón 04', 20, 85, 574),
(3875, 'Salón 04', 20, 13, 575),
(3876, 'Salón 04', 20, 19, 576),
(3877, 'Salón 04', 20, 18, 577),
(3878, 'Salón 04', 20, 70, 578),
(3879, 'Salón 04', 20, 25, 579),
(3880, 'Salón 04', 20, 52, 580),
(3881, 'Salón 04', 20, 15, 581),
(3882, 'Salón 04', 20, 23, 582),
(3883, 'Salón 04', 20, 73, 583),
(3884, 'Salón 04', 20, 5, 584),
(3885, 'Salón 04', 20, 5, 585),
(3886, 'Salón 04', 20, 54, 586),
(3887, 'Salón 04', 20, 15, 587),
(3888, 'Salón 04', 20, 68, 588),
(3889, 'Salón 04', 20, 5, 589),
(3890, 'Salón 04', 20, 25, 590),
(3891, 'Salón 04', 20, 52, 591),
(3892, 'Salón 04', 20, 73, 592),
(3893, 'Salón 04', 20, 5, 593),
(3894, 'Salón 04', 20, 5, 594),
(3895, 'Salón 04', 20, 17, 595),
(3896, 'Salón 04', 20, 41, 596),
(3897, 'Salón 04', 20, 25, 597),
(3898, 'Salón 04', 20, 25, 598),
(3899, 'Salón 04', 20, 25, 599),
(3900, 'Salón 04', 20, 15, 600),
(3901, 'Salón 04', 20, 25, 601),
(3902, 'Salón 04', 20, 17, 602),
(3903, 'Salón 04', 20, 13, 603),
(3904, 'Salón 04', 20, 27, 604),
(3905, 'Salón 04', 20, 47, 605),
(3906, 'Salón 04', 20, 15, 606),
(3907, 'Salón 04', 20, 85, 607),
(3908, 'Salón 04', 20, 27, 608),
(3909, 'Salón 04', 20, 41, 609),
(3910, 'Salón 04', 20, 76, 610),
(3911, 'Salón 04', 20, 68, 611),
(3912, 'Salón 04', 20, 54, 612),
(3913, 'Salón 04', 20, 68, 613),
(3914, 'Salón 04', 20, 15, 614),
(3915, 'Salón 04', 20, 5, 615),
(3916, 'Salón 04', 20, 52, 616),
(3917, 'Salón 04', 20, 68, 617),
(3918, 'Salón 04', 20, 41, 618),
(3919, 'Salón 04', 20, 86, 619),
(3920, 'Salón 04', 20, 85, 620),
(3921, 'Salón 04', 20, 73, 621),
(3922, 'Salón 04', 20, 52, 622),
(3923, 'Salón 04', 20, 15, 623),
(3924, 'Salón 04', 20, 70, 624),
(3925, 'Salón 04', 20, 15, 625),
(3926, 'Salón 04', 20, 25, 626),
(3927, 'Salón 04', 20, 19, 627),
(3928, 'Salón 04', 20, 41, 628),
(3929, 'Salón 04', 20, 20, 629),
(3930, 'Salón 04', 20, 25, 630),
(3931, 'Salón 04', 20, 15, 631),
(3932, 'Salón 04', 20, 15, 632),
(3933, 'Salón 04', 20, 41, 633),
(3934, 'Salón 04', 20, 17, 634),
(3935, 'Salón 04', 20, 41, 635),
(3936, 'Salón 04', 20, 68, 636),
(3937, 'Salón 04', 20, 8, 637),
(3938, 'Salón 04', 20, 68, 638),
(3939, 'Salón 04', 20, 76, 639),
(3940, 'Salón 04', 20, 70, 640),
(3941, 'Salón 04', 20, 73, 641),
(3942, 'Salón 04', 20, 54, 642),
(3943, 'Salón 04', 20, 54, 643),
(3944, 'Salón 04', 20, 25, 644),
(3945, 'Salón 04', 20, 15, 645),
(3946, 'Salón 04', 20, 25, 646),
(3947, 'Salón 04', 20, 25, 647),
(3948, 'Salón 04', 20, 19, 648),
(3949, 'Salón 04', 20, 15, 649),
(3950, 'Salón 04', 20, 15, 650),
(3951, 'Salón 04', 20, 85, 651),
(3952, 'Salón 04', 20, 15, 652),
(3953, 'Salón 04', 20, 47, 653),
(3954, 'Salón 04', 20, 20, 654),
(3955, 'Salón 04', 20, 17, 655),
(3956, 'Salón 04', 20, 5, 656),
(3957, 'Salón 04', 20, 66, 657),
(3958, 'Salón 04', 20, 15, 658),
(3959, 'Salón 04', 20, 5, 659),
(3960, 'Salón 04', 20, 19, 660),
(3961, 'Salón 04', 20, 68, 661),
(3962, 'Salón 04', 20, 73, 662),
(3963, 'Salón 04', 20, 19, 663),
(3964, 'Salón 04', 20, 63, 664),
(3965, 'Salón 04', 20, 47, 665),
(3966, 'Salón 04', 20, 68, 666),
(3967, 'Salón 04', 20, 13, 667),
(3968, 'Salón 04', 20, 8, 668),
(3969, 'Salón 04', 20, 15, 669),
(3970, 'Salón 04', 20, 41, 670),
(3971, 'Salón 04', 20, 41, 671),
(3972, 'Salón 04', 20, 47, 672),
(3973, 'Salón 04', 20, 73, 673),
(3974, 'Salón 04', 20, 23, 674),
(3975, 'Salón 04', 20, 47, 675),
(3976, 'Salón 04', 20, 52, 676),
(3977, 'Salón 04', 20, 8, 677),
(3978, 'Salón 04', 20, 8, 678),
(3979, 'Salón 04', 20, 19, 679),
(3980, 'Salón 04', 20, 85, 680),
(3981, 'Salón 04', 20, 52, 681),
(3982, 'Salón 04', 20, 76, 682),
(3983, 'Salón 04', 20, 73, 683),
(3984, 'Salón 04', 20, 52, 684),
(3985, 'Salón 04', 20, 88, 685),
(3986, 'Salón 04', 20, 20, 686),
(3987, 'Salón 04', 20, 23, 687),
(3988, 'Salón 04', 20, 66, 688),
(3989, 'Salón 04', 20, 5, 689),
(3990, 'Salón 04', 20, 47, 690),
(3991, 'Salón 04', 20, 68, 691),
(3992, 'Salón 04', 20, 52, 692),
(3993, 'Salón 04', 20, 86, 693),
(3994, 'Salón 04', 20, 5, 694),
(3995, 'Salón 04', 20, 15, 695),
(3996, 'Salón 04', 20, 86, 696),
(3997, 'Salón 04', 20, 99, 697),
(3998, 'Salón 04', 20, 8, 698),
(3999, 'Salón 04', 20, 50, 699),
(4000, 'Salón 04', 20, 23, 700),
(4001, 'Salón 04', 20, 50, 701),
(4002, 'Salón 04', 20, 86, 702),
(4003, 'Salón 04', 20, 86, 703),
(4004, 'Salón 04', 20, 23, 704),
(4005, 'Salón 04', 20, 50, 705),
(4006, 'Salón 04', 20, 50, 706),
(4007, 'Salón 04', 20, 5, 707),
(4008, 'Salón 04', 20, 91, 708),
(4009, 'Salón 04', 20, 68, 709),
(4010, 'Salón 04', 20, 18, 710),
(4011, 'Salón 04', 20, 50, 711),
(4012, 'Salón 04', 20, 81, 712),
(4013, 'Salón 04', 20, 25, 713),
(4014, 'Salón 04', 20, 54, 714),
(4015, 'Salón 04', 20, 19, 715),
(4016, 'Salón 04', 20, 5, 716),
(4017, 'Salón 04', 20, 68, 717),
(4018, 'Salón 04', 20, 25, 718),
(4019, 'Salón 04', 20, 52, 719),
(4020, 'Salón 04', 20, 19, 720),
(4021, 'Salón 04', 20, 73, 721),
(4022, 'Salón 04', 20, 23, 722),
(4023, 'Salón 04', 20, 17, 723),
(4024, 'Salón 04', 20, 15, 724),
(4025, 'Salón 04', 20, 19, 725),
(4026, 'Salón 04', 20, 68, 726),
(4027, 'Salón 04', 20, 25, 727),
(4028, 'Salón 04', 20, 25, 728),
(4029, 'Salón 04', 20, 27, 729),
(4030, 'Salón 04', 20, 63, 730),
(4031, 'Salón 04', 20, 66, 731),
(4032, 'Salón 04', 20, 15, 732),
(4033, 'Salón 04', 20, 25, 733),
(4034, 'Salón 04', 20, 54, 734),
(4035, 'Salón 04', 20, 15, 735),
(4036, 'Salón 04', 20, 85, 736),
(4037, 'Salón 04', 20, 13, 737),
(4038, 'Salón 04', 20, 5, 738),
(4039, 'Salón 04', 20, 47, 739),
(4040, 'Salón 04', 20, 8, 740),
(4041, 'Salón 04', 20, 50, 741),
(4042, 'Salón 04', 20, 76, 742),
(4043, 'Salón 04', 20, 5, 743),
(4044, 'Salón 04', 20, 25, 744),
(4045, 'Salón 04', 20, 52, 745),
(4046, 'Salón 04', 20, 68, 746),
(4047, 'Salón 04', 20, 73, 747),
(4048, 'Salón 04', 20, 76, 748),
(4049, 'Salón 04', 20, 44, 749),
(4050, 'Salón 04', 20, 17, 750),
(4051, 'Salón 04', 20, 41, 751),
(4052, 'Salón 04', 20, 52, 752),
(4053, 'Salón 04', 20, 76, 753),
(4054, 'Salón 04', 20, 73, 754),
(4055, 'Salón 04', 20, 15, 755),
(4056, 'Salón 04', 20, 19, 756),
(4057, 'Salón 04', 20, 73, 757),
(4058, 'Salón 04', 20, 15, 758),
(4059, 'Salón 04', 20, 27, 759),
(4060, 'Salón 04', 20, 27, 760),
(4061, 'Salón 04', 20, 17, 761),
(4062, 'Salón 04', 20, 13, 762),
(4063, 'Salón 04', 20, 20, 763),
(4064, 'Salón 04', 20, 5, 764),
(4065, 'Salón 04', 20, 27, 765),
(4066, 'Salón 04', 20, 68, 766),
(4067, 'Salón 04', 20, 8, 767),
(4068, 'Salón 04', 20, 5, 768),
(4069, 'Salón 04', 20, 8, 769),
(4070, 'Salón 04', 20, 85, 770),
(4071, 'Salón 04', 20, 47, 771),
(4072, 'Salón 04', 20, 5, 772),
(4073, 'Salón 04', 20, 15, 773),
(4074, 'Salón 04', 20, 23, 774),
(4075, 'Salón 04', 20, 41, 775),
(4076, 'Salón 04', 20, 17, 776),
(4077, 'Salón 04', 20, 47, 777),
(4078, 'Salón 04', 20, 54, 778),
(4079, 'Salón 04', 20, 73, 779),
(4080, 'Salón 04', 20, 63, 780),
(4081, 'Salón 04', 20, 5, 781),
(4082, 'Salón 04', 20, 15, 782),
(4083, 'Salón 04', 20, 52, 783),
(4084, 'Salón 04', 20, 17, 784),
(4085, 'Salón 04', 20, 70, 785),
(4086, 'Salón 04', 20, 41, 786),
(4087, 'Salón 04', 20, 20, 787),
(4088, 'Salón 04', 20, 68, 788),
(4089, 'Salón 04', 20, 23, 789),
(4090, 'Salón 04', 20, 5, 790),
(4091, 'Salón 04', 20, 23, 791),
(4092, 'Salón 04', 20, 73, 792),
(4093, 'Salón 04', 20, 25, 793),
(4094, 'Salón 04', 20, 68, 794),
(4095, 'Salón 04', 20, 70, 795),
(4096, 'Salón 04', 20, 25, 796),
(4097, 'Salón 04', 20, 52, 797),
(4098, 'Salón 04', 20, 23, 798),
(4099, 'Salón 04', 20, 54, 799),
(4100, 'Salón 04', 20, 5, 800),
(4101, 'Salón 04', 20, 23, 801),
(4102, 'Salón 04', 20, 50, 802),
(4103, 'Salón 04', 20, 25, 803),
(4104, 'Salón 04', 20, 54, 804),
(4105, 'Salón 04', 20, 13, 805),
(4106, 'Salón 04', 20, 20, 806),
(4107, 'Salón 04', 20, 15, 807),
(4108, 'Salón 04', 20, 13, 808),
(4109, 'Salón 04', 20, 13, 809),
(4110, 'Salón 04', 20, 5, 810),
(4111, 'Salón 04', 20, 25, 811),
(4112, 'Salón 04', 20, 86, 812),
(4113, 'Salón 04', 20, 68, 813),
(4114, 'Salón 04', 20, 13, 814),
(4115, 'Salón 04', 20, 13, 815),
(4116, 'Salón 04', 20, 5, 816),
(4117, 'Salón 04', 20, 68, 817),
(4118, 'Salón 04', 20, 17, 818),
(4119, 'Salón 04', 20, 68, 819),
(4120, 'Salón 04', 20, 5, 820),
(4121, 'Salón 04', 20, 15, 821),
(4122, 'Salón 04', 20, 23, 822),
(4123, 'Salón 04', 20, 18, 823),
(4124, 'Salón 04', 20, 95, 824),
(4125, 'Salón 04', 20, 27, 825),
(4126, 'Salón 04', 20, 50, 826),
(4127, 'Salón 04', 20, 70, 827),
(4128, 'Salón 04', 20, 13, 828),
(4129, 'Salón 04', 20, 52, 829),
(4130, 'Salón 04', 20, 25, 830),
(4131, 'Salón 04', 20, 5, 831),
(4132, 'Salón 04', 20, 44, 832),
(4133, 'Salón 04', 20, 50, 833),
(4134, 'Salón 04', 20, 52, 834),
(4135, 'Salón 04', 20, 73, 835),
(4136, 'Salón 04', 20, 5, 836),
(4137, 'Salón 04', 20, 15, 837),
(4138, 'Salón 04', 20, 85, 838),
(4139, 'Salón 04', 20, 70, 839),
(4140, 'Salón 04', 20, 20, 840),
(4141, 'Salón 04', 20, 50, 841),
(4142, 'Salón 04', 20, 13, 842),
(4143, 'Salón 04', 20, 15, 843),
(4144, 'Salón 04', 20, 68, 844),
(4145, 'Salón 04', 20, 86, 845),
(4146, 'Salón 04', 20, 15, 846),
(4147, 'Salón 04', 20, 70, 847),
(4148, 'Salón 04', 20, 13, 848),
(4149, 'Salón 04', 20, 52, 849),
(4150, 'Salón 04', 20, 15, 850),
(4151, 'Salón 04', 20, 5, 851),
(4152, 'Salón 04', 20, 70, 852),
(4153, 'Salón 04', 20, 76, 853),
(4154, 'Salón 04', 20, 52, 854),
(4155, 'Salón 04', 20, 5, 855),
(4156, 'Salón 04', 20, 23, 856),
(4157, 'Salón 04', 20, 5, 857),
(4158, 'Salón 04', 20, 5, 858),
(4159, 'Salón 04', 20, 19, 859),
(4160, 'Salón 04', 20, 47, 860),
(4161, 'Salón 04', 20, 5, 861),
(4162, 'Salón 04', 20, 18, 862),
(4163, 'Salón 04', 20, 68, 863),
(4164, 'Salón 04', 20, 47, 864),
(4165, 'Salón 04', 20, 52, 865),
(4166, 'Salón 04', 20, 47, 866),
(4167, 'Salón 04', 20, 5, 867),
(4168, 'Salón 04', 20, 68, 868),
(4169, 'Salón 04', 20, 52, 869),
(4170, 'Salón 04', 20, 47, 870),
(4171, 'Salón 04', 20, 13, 871),
(4172, 'Salón 04', 20, 5, 872),
(4173, 'Salón 04', 20, 27, 873),
(4174, 'Salón 04', 20, 68, 874),
(4175, 'Salón 04', 20, 73, 875),
(4176, 'Salón 04', 20, 8, 876),
(4177, 'Salón 04', 20, 47, 877),
(4178, 'Salón 04', 20, 15, 878),
(4179, 'Salón 04', 20, 41, 879),
(4180, 'Salón 04', 20, 13, 880),
(4181, 'Salón 04', 20, 19, 881),
(4182, 'Salón 04', 20, 66, 882),
(4183, 'Salón 04', 20, 5, 883),
(4184, 'Salón 04', 20, 15, 884),
(4185, 'Salón 04', 20, 13, 885),
(4186, 'Salón 04', 20, 99, 886),
(4187, 'Salón 04', 20, 15, 887),
(4188, 'Salón 04', 20, 15, 888),
(4189, 'Salón 04', 20, 19, 889),
(4190, 'Salón 04', 20, 54, 890),
(4191, 'Salón 04', 20, 86, 891),
(4192, 'Salón 04', 20, 5, 892),
(4193, 'Salón 04', 20, 8, 893),
(4194, 'Salón 04', 20, 5, 894),
(4195, 'Salón 04', 20, 66, 895),
(4196, 'Salón 04', 20, 52, 896),
(4197, 'Salón 04', 20, 81, 897),
(4198, 'Salón 04', 20, 54, 898),
(4199, 'Salón 04', 20, 25, 899),
(4200, 'Salón 04', 20, 15, 900),
(4201, 'Salón 04', 20, 15, 901),
(4202, 'Salón 04', 20, 5, 902),
(4203, 'Salón 04', 20, 25, 903),
(4204, 'Salón 04', 20, 76, 904),
(4205, 'Salón 04', 20, 15, 905),
(4206, 'Salón 04', 20, 25, 906),
(4207, 'Salón 04', 20, 86, 907),
(4208, 'Salón 04', 20, 54, 908),
(4209, 'Salón 04', 20, 25, 909),
(4210, 'Salón 04', 20, 19, 910),
(4211, 'Salón 04', 20, 68, 911),
(4212, 'Salón 04', 20, 25, 912),
(4213, 'Salón 04', 20, 13, 913),
(4214, 'Salón 04', 20, 70, 914),
(4215, 'Salón 04', 20, 70, 915),
(4216, 'Salón 04', 20, 27, 916),
(4217, 'Salón 04', 20, 47, 917),
(4218, 'Salón 04', 20, 25, 918),
(4219, 'Salón 04', 20, 15, 919),
(4220, 'Salón 04', 20, 15, 920),
(4221, 'Salón 04', 20, 68, 921),
(4222, 'Salón 04', 20, 15, 922),
(4223, 'Salón 04', 20, 15, 923),
(4224, 'Salón 04', 20, 18, 924),
(4225, 'Salón 04', 20, 8, 925),
(4226, 'Salón 04', 20, 18, 926),
(4227, 'Salón 04', 20, 15, 927),
(4228, 'Salón 04', 20, 5, 928),
(4229, 'Salón 04', 20, 5, 929),
(4230, 'Salón 04', 20, 13, 930),
(4231, 'Salón 04', 20, 25, 931),
(4232, 'Salón 04', 20, 15, 932),
(4233, 'Salón 04', 20, 15, 933),
(4234, 'Salón 04', 20, 15, 934),
(4235, 'Salón 04', 20, 19, 935),
(4236, 'Salón 04', 20, 52, 936),
(4237, 'Salón 04', 20, 68, 937),
(4238, 'Salón 04', 20, 8, 938),
(4239, 'Salón 04', 20, 41, 939),
(4240, 'Salón 04', 20, 25, 940),
(4241, 'Salón 04', 20, 19, 941),
(4242, 'Salón 04', 20, 68, 942),
(4243, 'Salón 04', 20, 70, 943),
(4244, 'Salón 04', 20, 25, 944),
(4245, 'Salón 04', 20, 25, 945),
(4246, 'Salón 04', 20, 17, 946),
(4247, 'Salón 04', 20, 68, 947),
(4248, 'Salón 04', 20, 25, 948),
(4249, 'Salón 04', 20, 15, 949),
(4250, 'Salón 04', 20, 15, 950),
(4251, 'Salón 04', 20, 25, 951),
(4252, 'Salón 04', 20, 15, 952),
(4253, 'Salón 04', 20, 19, 953),
(4254, 'Salón 04', 20, 73, 954),
(4255, 'Salón 04', 20, 85, 955),
(4256, 'Salón 04', 20, 15, 956),
(4257, 'Salón 04', 20, 25, 957),
(4258, 'Salón 04', 20, 27, 958),
(4259, 'Salón 04', 20, 13, 959),
(4260, 'Salón 04', 20, 20, 960),
(4261, 'Salón 04', 20, 81, 961),
(4262, 'Salón 04', 20, 52, 962),
(4263, 'Salón 04', 20, 52, 963),
(4264, 'Salón 04', 20, 97, 964),
(4265, 'Salón 04', 20, 5, 965),
(4266, 'Salón 04', 20, 41, 966),
(4267, 'Salón 04', 20, 5, 967),
(4268, 'Salón 04', 20, 15, 968),
(4269, 'Salón 04', 20, 85, 969),
(4270, 'Salón 04', 20, 25, 970),
(4271, 'Salón 04', 20, 41, 971),
(4272, 'Salón 04', 20, 25, 972),
(4273, 'Salón 04', 20, 47, 973),
(4274, 'Salón 04', 20, 25, 974),
(4275, 'Salón 04', 20, 15, 975),
(4276, 'Salón 04', 20, 54, 976),
(4277, 'Salón 04', 20, 41, 977),
(4278, 'Salón 04', 20, 41, 978),
(4279, 'Salón 04', 20, 25, 979),
(4280, 'Salón 04', 20, 15, 980),
(4281, 'Salón 04', 20, 15, 981),
(4282, 'Salón 04', 20, 25, 982),
(4283, 'Salón 04', 20, 54, 983),
(4284, 'Salón 04', 20, 23, 984),
(4285, 'Salón 04', 20, 41, 985),
(4286, 'Salón 04', 20, 19, 986),
(4287, 'Salón 04', 20, 19, 987),
(4288, 'Salón 04', 20, 15, 988),
(4289, 'Salón 04', 20, 15, 989),
(4290, 'Salón 04', 20, 13, 990),
(4291, 'Salón 04', 20, 5, 991),
(4292, 'Salón 04', 20, 15, 992),
(4293, 'Salón 04', 20, 25, 993),
(4294, 'Salón 04', 20, 25, 994),
(4295, 'Salón 04', 20, 15, 995),
(4296, 'Salón 04', 20, 5, 996),
(4297, 'Salón 04', 20, 54, 997),
(4298, 'Salón 04', 20, 70, 998),
(4299, 'Salón 04', 20, 70, 999),
(4300, 'Salón 04', 20, 68, 1000),
(4301, 'Salón 04', 20, 15, 1001),
(4302, 'Salón 04', 20, 25, 1002),
(4303, 'Salón 04', 20, 19, 1003),
(4304, 'Salón 04', 20, 76, 1004),
(4305, 'Salón 04', 20, 15, 1005),
(4306, 'Salón 04', 20, 19, 1006),
(4307, 'Salón 04', 20, 85, 1007),
(4308, 'Salón 04', 20, 76, 1008),
(4309, 'Salón 04', 20, 8, 1009),
(4310, 'Salón 04', 20, 23, 1010),
(4311, 'Salón 04', 20, 76, 1011),
(4312, 'Salón 04', 20, 52, 1012),
(4313, 'Salón 04', 20, 15, 1013),
(4314, 'Salón 04', 20, 15, 1014),
(4315, 'Salón 04', 20, 13, 1015),
(4316, 'Salón 04', 20, 13, 1016),
(4317, 'Salón 04', 20, 5, 1017),
(4318, 'Salón 04', 20, 15, 1018),
(4319, 'Salón 04', 20, 15, 1019),
(4320, 'Salón 04', 20, 15, 1020),
(4321, 'Salón 04', 20, 85, 1021),
(4322, 'Salón 04', 20, 5, 1022),
(4323, 'Salón 04', 20, 52, 1023),
(4324, 'Salón 04', 20, 25, 1024),
(4325, 'Salón 04', 20, 25, 1025),
(4326, 'Salón 04', 20, 25, 1026),
(4327, 'Salón 04', 20, 76, 1027),
(4328, 'Salón 04', 20, 25, 1028),
(4329, 'Salón 04', 20, 27, 1029),
(4330, 'Salón 04', 20, 27, 1030),
(4331, 'Salón 04', 20, 5, 1031),
(4332, 'Salón 04', 20, 50, 1032),
(4333, 'Salón 04', 20, 44, 1033),
(4334, 'Salón 04', 20, 5, 1034),
(4335, 'Salón 04', 20, 44, 1035),
(4336, 'Salón 04', 20, 8, 1036),
(4337, 'Salón 04', 20, 5, 1037),
(4338, 'Salón 04', 20, 23, 1038),
(4339, 'Salón 04', 20, 68, 1039),
(4340, 'Salón 04', 20, 73, 1040),
(4341, 'Salón 04', 20, 86, 1041),
(4342, 'Salón 04', 20, 20, 1042),
(4343, 'Salón 04', 20, 5, 1043),
(4344, 'Salón 04', 20, 18, 1044),
(4345, 'Salón 04', 20, 5, 1045),
(4346, 'Salón 04', 20, 73, 1046),
(4347, 'Salón 04', 20, 5, 1047),
(4348, 'Salón 04', 20, 25, 1048),
(4349, 'Salón 04', 20, 15, 1049),
(4350, 'Salón 04', 20, 25, 1050),
(4351, 'Salón 04', 20, 76, 1051),
(4352, 'Salón 04', 20, 68, 1052),
(4353, 'Salón 04', 20, 25, 1053),
(4354, 'Salón 04', 20, 5, 1054),
(4355, 'Salón 04', 20, 76, 1055),
(4356, 'Salón 04', 20, 54, 1056),
(4357, 'Salón 04', 20, 19, 1057),
(4358, 'Salón 04', 20, 15, 1058),
(4359, 'Salón 04', 20, 54, 1059),
(4360, 'Salón 04', 20, 86, 1060),
(4361, 'Salón 04', 20, 25, 1061),
(4362, 'Salón 04', 20, 73, 1062),
(4363, 'Salón 04', 20, 17, 1063),
(4364, 'Salón 04', 20, 13, 1064),
(4365, 'Salón 04', 20, 44, 1065),
(4366, 'Salón 04', 20, 68, 1066),
(4367, 'Salón 04', 20, 85, 1067),
(4368, 'Salón 04', 20, 25, 1068),
(4369, 'Salón 04', 20, 73, 1069),
(4370, 'Salón 04', 20, 50, 1070),
(4371, 'Salón 04', 20, 41, 1071),
(4372, 'Salón 04', 20, 25, 1072),
(4373, 'Salón 04', 20, 25, 1073),
(4374, 'Salón 04', 20, 15, 1074),
(4375, 'Salón 04', 20, 50, 1075),
(4376, 'Salón 04', 20, 17, 1076),
(4377, 'Salón 04', 20, 68, 1077),
(4378, 'Salón 04', 20, 25, 1078),
(4379, 'Salón 04', 20, 52, 1079),
(4380, 'Salón 04', 20, 41, 1080),
(4381, 'Salón 04', 20, 5, 1081),
(4382, 'Salón 04', 20, 5, 1082),
(4383, 'Salón 04', 20, 5, 1083),
(4384, 'Salón 04', 20, 5, 1084),
(4385, 'Salón 04', 20, 85, 1085),
(4386, 'Salón 04', 20, 76, 1086),
(4387, 'Salón 04', 20, 76, 1087),
(4388, 'Salón 04', 20, 13, 1088),
(4389, 'Salón 04', 20, 68, 1089),
(4390, 'Salón 04', 20, 47, 1090),
(4391, 'Salón 04', 20, 5, 1091),
(4392, 'Salón 04', 20, 76, 1092),
(4393, 'Salón 04', 20, 15, 1093),
(4394, 'Salón 04', 20, 25, 1094),
(4395, 'Salón 04', 20, 25, 1095),
(4396, 'Salón 04', 20, 47, 1096),
(4397, 'Salón 04', 20, 54, 1097),
(4398, 'Salón 04', 20, 41, 1098),
(4399, 'Salón 04', 20, 15, 1099),
(4400, 'Salón 04', 20, 25, 1100),
(4401, 'Salón 05', 20, 5, 1),
(4402, 'Salón 05', 20, 50, 2),
(4403, 'Salón 05', 20, 27, 3),
(4404, 'Salón 05', 20, 41, 4),
(4405, 'Salón 05', 20, 13, 5),
(4406, 'Salón 05', 20, 41, 6),
(4407, 'Salón 05', 20, 25, 7),
(4408, 'Salón 05', 20, 20, 8),
(4409, 'Salón 05', 20, 68, 9),
(4410, 'Salón 05', 20, 17, 10),
(4411, 'Salón 05', 20, 85, 11),
(4412, 'Salón 05', 20, 20, 12),
(4413, 'Salón 05', 20, 41, 13),
(4414, 'Salón 05', 20, 18, 14),
(4415, 'Salón 05', 20, 44, 15),
(4416, 'Salón 05', 20, 68, 16),
(4417, 'Salón 05', 20, 25, 17),
(4418, 'Salón 05', 20, 52, 18),
(4419, 'Salón 05', 20, 76, 19),
(4420, 'Salón 05', 20, 5, 20),
(4421, 'Salón 05', 20, 47, 21),
(4422, 'Salón 05', 20, 41, 22),
(4423, 'Salón 05', 20, 19, 23),
(4424, 'Salón 05', 20, 15, 24),
(4425, 'Salón 05', 20, 73, 25),
(4426, 'Salón 05', 20, 41, 26),
(4427, 'Salón 05', 20, 27, 27),
(4428, 'Salón 05', 20, 13, 28),
(4429, 'Salón 05', 20, 73, 29),
(4430, 'Salón 05', 20, 5, 30),
(4431, 'Salón 05', 20, 5, 31),
(4432, 'Salón 05', 20, 73, 32),
(4433, 'Salón 05', 20, 25, 33),
(4434, 'Salón 05', 20, 52, 34),
(4435, 'Salón 05', 20, 76, 35),
(4436, 'Salón 05', 20, 5, 36),
(4437, 'Salón 05', 20, 5, 37),
(4438, 'Salón 05', 20, 5, 38),
(4439, 'Salón 05', 20, 25, 39),
(4440, 'Salón 05', 20, 5, 40),
(4441, 'Salón 05', 20, 17, 41),
(4442, 'Salón 05', 20, 76, 42),
(4443, 'Salón 05', 20, 73, 43),
(4444, 'Salón 05', 20, 5, 44),
(4445, 'Salón 05', 20, 5, 45),
(4446, 'Salón 05', 20, 25, 46),
(4447, 'Salón 05', 20, 66, 47),
(4448, 'Salón 05', 20, 15, 48),
(4449, 'Salón 05', 20, 47, 49),
(4450, 'Salón 05', 20, 17, 50),
(4451, 'Salón 05', 20, 68, 51),
(4452, 'Salón 05', 20, 81, 52),
(4453, 'Salón 05', 20, 81, 53),
(4454, 'Salón 05', 20, 25, 54),
(4455, 'Salón 05', 20, 52, 55),
(4456, 'Salón 05', 20, 54, 56),
(4457, 'Salón 05', 20, 5, 57),
(4458, 'Salón 05', 20, 15, 58),
(4459, 'Salón 05', 20, 13, 59),
(4460, 'Salón 05', 20, 5, 60),
(4461, 'Salón 05', 20, 19, 61),
(4462, 'Salón 05', 20, 76, 62),
(4463, 'Salón 05', 20, 47, 63),
(4464, 'Salón 05', 20, 13, 64),
(4465, 'Salón 05', 20, 5, 65),
(4466, 'Salón 05', 20, 63, 66),
(4467, 'Salón 05', 20, 73, 67),
(4468, 'Salón 05', 20, 13, 68),
(4469, 'Salón 05', 20, 20, 69),
(4470, 'Salón 05', 20, 73, 70),
(4471, 'Salón 05', 20, 27, 71),
(4472, 'Salón 05', 20, 23, 72),
(4473, 'Salón 05', 20, 27, 73),
(4474, 'Salón 05', 20, 27, 74),
(4475, 'Salón 05', 20, 27, 75),
(4476, 'Salón 05', 20, 19, 76),
(4477, 'Salón 05', 20, 66, 77),
(4478, 'Salón 05', 20, 8, 78),
(4479, 'Salón 05', 20, 41, 79),
(4480, 'Salón 05', 20, 52, 80),
(4481, 'Salón 05', 20, 5, 81),
(4482, 'Salón 05', 20, 68, 82),
(4483, 'Salón 05', 20, 68, 83),
(4484, 'Salón 05', 20, 50, 84),
(4485, 'Salón 05', 20, 68, 85),
(4486, 'Salón 05', 20, 44, 86),
(4487, 'Salón 05', 20, 13, 87),
(4488, 'Salón 05', 20, 8, 88),
(4489, 'Salón 05', 20, 20, 89),
(4490, 'Salón 05', 20, 17, 90),
(4491, 'Salón 05', 20, 5, 91),
(4492, 'Salón 05', 20, 5, 92),
(4493, 'Salón 05', 20, 25, 93),
(4494, 'Salón 05', 20, 15, 94),
(4495, 'Salón 05', 20, 52, 95),
(4496, 'Salón 05', 20, 27, 96),
(4497, 'Salón 05', 20, 66, 97),
(4498, 'Salón 05', 20, 18, 98),
(4499, 'Salón 05', 20, 15, 99),
(4500, 'Salón 05', 20, 5, 100),
(4501, 'Salón 05', 20, 15, 101),
(4502, 'Salón 05', 20, 5, 102),
(4503, 'Salón 05', 20, 68, 103),
(4504, 'Salón 05', 20, 25, 104),
(4505, 'Salón 05', 20, 15, 105),
(4506, 'Salón 05', 20, 54, 106),
(4507, 'Salón 05', 20, 11, 107),
(4508, 'Salón 05', 20, 25, 108),
(4509, 'Salón 05', 20, 27, 109),
(4510, 'Salón 05', 20, 5, 110),
(4511, 'Salón 05', 20, 19, 111),
(4512, 'Salón 05', 20, 68, 112),
(4513, 'Salón 05', 20, 76, 113),
(4514, 'Salón 05', 20, 20, 114),
(4515, 'Salón 05', 20, 15, 115),
(4516, 'Salón 05', 20, 5, 116),
(4517, 'Salón 05', 20, 15, 117),
(4518, 'Salón 05', 20, 68, 118),
(4519, 'Salón 05', 20, 54, 119),
(4520, 'Salón 05', 20, 76, 120),
(4521, 'Salón 05', 20, 15, 121),
(4522, 'Salón 05', 20, 23, 122),
(4523, 'Salón 05', 20, 63, 123),
(4524, 'Salón 05', 20, 70, 124),
(4525, 'Salón 05', 20, 19, 125),
(4526, 'Salón 05', 20, 52, 126),
(4527, 'Salón 05', 20, 76, 127),
(4528, 'Salón 05', 20, 76, 128),
(4529, 'Salón 05', 20, 5, 129),
(4530, 'Salón 05', 20, 15, 130),
(4531, 'Salón 05', 20, 25, 131),
(4532, 'Salón 05', 20, 68, 132),
(4533, 'Salón 05', 20, 50, 133),
(4534, 'Salón 05', 20, 25, 134),
(4535, 'Salón 05', 20, 5, 135),
(4536, 'Salón 05', 20, 76, 136),
(4537, 'Salón 05', 20, 70, 137),
(4538, 'Salón 05', 20, 73, 138),
(4539, 'Salón 05', 20, 19, 139),
(4540, 'Salón 05', 20, 25, 140),
(4541, 'Salón 05', 20, 13, 141),
(4542, 'Salón 05', 20, 95, 142),
(4543, 'Salón 05', 20, 63, 143),
(4544, 'Salón 05', 20, 5, 144),
(4545, 'Salón 05', 20, 15, 145),
(4546, 'Salón 05', 20, 19, 146),
(4547, 'Salón 05', 20, 68, 147),
(4548, 'Salón 05', 20, 76, 148),
(4549, 'Salón 05', 20, 19, 149),
(4550, 'Salón 05', 20, 76, 150),
(4551, 'Salón 05', 20, 5, 151),
(4552, 'Salón 05', 20, 8, 152),
(4553, 'Salón 05', 20, 41, 153),
(4554, 'Salón 05', 20, 15, 154),
(4555, 'Salón 05', 20, 23, 155),
(4556, 'Salón 05', 20, 8, 156),
(4557, 'Salón 05', 20, 76, 157),
(4558, 'Salón 05', 20, 13, 158),
(4559, 'Salón 05', 20, 27, 159),
(4560, 'Salón 05', 20, 25, 160),
(4561, 'Salón 05', 20, 68, 161),
(4562, 'Salón 05', 20, 5, 162),
(4563, 'Salón 05', 20, 5, 163),
(4564, 'Salón 05', 20, 68, 164),
(4565, 'Salón 05', 20, 5, 165),
(4566, 'Salón 05', 20, 73, 166),
(4567, 'Salón 05', 20, 25, 167),
(4568, 'Salón 05', 20, 5, 168),
(4569, 'Salón 05', 20, 27, 169),
(4570, 'Salón 05', 20, 5, 170),
(4571, 'Salón 05', 20, 13, 171),
(4572, 'Salón 05', 20, 18, 172),
(4573, 'Salón 05', 20, 76, 173),
(4574, 'Salón 05', 20, 97, 174),
(4575, 'Salón 05', 20, 73, 175),
(4576, 'Salón 05', 20, 50, 176),
(4577, 'Salón 05', 20, 5, 177),
(4578, 'Salón 05', 20, 5, 178),
(4579, 'Salón 05', 20, 68, 179),
(4580, 'Salón 05', 20, 23, 180),
(4581, 'Salón 05', 20, 15, 181),
(4582, 'Salón 05', 20, 68, 182),
(4583, 'Salón 05', 20, 47, 183),
(4584, 'Salón 05', 20, 52, 184),
(4585, 'Salón 05', 20, 25, 185),
(4586, 'Salón 05', 20, 70, 186),
(4587, 'Salón 05', 20, 73, 187),
(4588, 'Salón 05', 20, 68, 188),
(4589, 'Salón 05', 20, 68, 189),
(4590, 'Salón 05', 20, 5, 190),
(4591, 'Salón 05', 20, 68, 191),
(4592, 'Salón 05', 20, 20, 192),
(4593, 'Salón 05', 20, 23, 193),
(4594, 'Salón 05', 20, 15, 194),
(4595, 'Salón 05', 20, 17, 195),
(4596, 'Salón 05', 20, 54, 196),
(4597, 'Salón 05', 20, 23, 197),
(4598, 'Salón 05', 20, 25, 198),
(4599, 'Salón 05', 20, 68, 199),
(4600, 'Salón 05', 20, 15, 200),
(4601, 'Salón 05', 20, 20, 201),
(4602, 'Salón 05', 20, 15, 202),
(4603, 'Salón 05', 20, 15, 203),
(4604, 'Salón 05', 20, 54, 204),
(4605, 'Salón 05', 20, 15, 205),
(4606, 'Salón 05', 20, 15, 206),
(4607, 'Salón 05', 20, 47, 207),
(4608, 'Salón 05', 20, 25, 208),
(4609, 'Salón 05', 20, 25, 209),
(4610, 'Salón 05', 20, 85, 210),
(4611, 'Salón 05', 20, 25, 211),
(4612, 'Salón 05', 20, 15, 212),
(4613, 'Salón 05', 20, 15, 213),
(4614, 'Salón 05', 20, 13, 214),
(4615, 'Salón 05', 20, 68, 215),
(4616, 'Salón 05', 20, 63, 216),
(4617, 'Salón 05', 20, 5, 217),
(4618, 'Salón 05', 20, 15, 218),
(4619, 'Salón 05', 20, 47, 219),
(4620, 'Salón 05', 20, 23, 220),
(4621, 'Salón 05', 20, 13, 221),
(4622, 'Salón 05', 20, 5, 222),
(4623, 'Salón 05', 20, 73, 223),
(4624, 'Salón 05', 20, 25, 224),
(4625, 'Salón 05', 20, 41, 225),
(4626, 'Salón 05', 20, 70, 226),
(4627, 'Salón 05', 20, 86, 227),
(4628, 'Salón 05', 20, 52, 228),
(4629, 'Salón 05', 20, 5, 229),
(4630, 'Salón 05', 20, 68, 230),
(4631, 'Salón 05', 20, 5, 231),
(4632, 'Salón 05', 20, 47, 232),
(4633, 'Salón 05', 20, 27, 233),
(4634, 'Salón 05', 20, 68, 234),
(4635, 'Salón 05', 20, 52, 235),
(4636, 'Salón 05', 20, 52, 236),
(4637, 'Salón 05', 20, 68, 237),
(4638, 'Salón 05', 20, 54, 238),
(4639, 'Salón 05', 20, 5, 239),
(4640, 'Salón 05', 20, 15, 240),
(4641, 'Salón 05', 20, 63, 241),
(4642, 'Salón 05', 20, 19, 242),
(4643, 'Salón 05', 20, 68, 243),
(4644, 'Salón 05', 20, 70, 244),
(4645, 'Salón 05', 20, 15, 245),
(4646, 'Salón 05', 20, 25, 246),
(4647, 'Salón 05', 20, 23, 247),
(4648, 'Salón 05', 20, 15, 248),
(4649, 'Salón 05', 20, 70, 249),
(4650, 'Salón 05', 20, 73, 250),
(4651, 'Salón 05', 20, 81, 251),
(4652, 'Salón 05', 20, 52, 252),
(4653, 'Salón 05', 20, 50, 253),
(4654, 'Salón 05', 20, 15, 254),
(4655, 'Salón 05', 20, 15, 255),
(4656, 'Salón 05', 20, 25, 256),
(4657, 'Salón 05', 20, 54, 257),
(4658, 'Salón 05', 20, 15, 258),
(4659, 'Salón 05', 20, 50, 259),
(4660, 'Salón 05', 20, 99, 260),
(4661, 'Salón 05', 20, 52, 261),
(4662, 'Salón 05', 20, 52, 262),
(4663, 'Salón 05', 20, 73, 263),
(4664, 'Salón 05', 20, 18, 264),
(4665, 'Salón 05', 20, 68, 265),
(4666, 'Salón 05', 20, 20, 266),
(4667, 'Salón 05', 20, 5, 267),
(4668, 'Salón 05', 20, 54, 268),
(4669, 'Salón 05', 20, 54, 269),
(4670, 'Salón 05', 20, 25, 270),
(4671, 'Salón 05', 20, 27, 271),
(4672, 'Salón 05', 20, 15, 272),
(4673, 'Salón 05', 20, 13, 273),
(4674, 'Salón 05', 20, 52, 274),
(4675, 'Salón 05', 20, 54, 275),
(4676, 'Salón 05', 20, 5, 276),
(4677, 'Salón 05', 20, 76, 277),
(4678, 'Salón 05', 20, 44, 278),
(4679, 'Salón 05', 20, 44, 279),
(4680, 'Salón 05', 20, 73, 280),
(4681, 'Salón 05', 20, 5, 281),
(4682, 'Salón 05', 20, 66, 282),
(4683, 'Salón 05', 20, 15, 283),
(4684, 'Salón 05', 20, 54, 284),
(4685, 'Salón 05', 20, 5, 285),
(4686, 'Salón 05', 20, 5, 286),
(4687, 'Salón 05', 20, 47, 287),
(4688, 'Salón 05', 20, 76, 288),
(4689, 'Salón 05', 20, 50, 289),
(4690, 'Salón 05', 20, 54, 290),
(4691, 'Salón 05', 20, 68, 291),
(4692, 'Salón 05', 20, 27, 292),
(4693, 'Salón 05', 20, 13, 293),
(4694, 'Salón 05', 20, 50, 294),
(4695, 'Salón 05', 20, 76, 295),
(4696, 'Salón 05', 20, 52, 296),
(4697, 'Salón 05', 20, 15, 297),
(4698, 'Salón 05', 20, 25, 298),
(4699, 'Salón 05', 20, 20, 299),
(4700, 'Salón 05', 20, 18, 300),
(4701, 'Salón 05', 20, 50, 301),
(4702, 'Salón 05', 20, 76, 302),
(4703, 'Salón 05', 20, 15, 303),
(4704, 'Salón 05', 20, 68, 304),
(4705, 'Salón 05', 20, 13, 305),
(4706, 'Salón 05', 20, 44, 306),
(4707, 'Salón 05', 20, 20, 307),
(4708, 'Salón 05', 20, 18, 308),
(4709, 'Salón 05', 20, 52, 309),
(4710, 'Salón 05', 20, 13, 310),
(4711, 'Salón 05', 20, 68, 311),
(4712, 'Salón 05', 20, 25, 312),
(4713, 'Salón 05', 20, 47, 313),
(4714, 'Salón 05', 20, 68, 314),
(4715, 'Salón 05', 20, 95, 315),
(4716, 'Salón 05', 20, 47, 316),
(4717, 'Salón 05', 20, 70, 317),
(4718, 'Salón 05', 20, 25, 318),
(4719, 'Salón 05', 20, 52, 319),
(4720, 'Salón 05', 20, 52, 320),
(4721, 'Salón 05', 20, 19, 321),
(4722, 'Salón 05', 20, 52, 322),
(4723, 'Salón 05', 20, 54, 323),
(4724, 'Salón 05', 20, 54, 324),
(4725, 'Salón 05', 20, 76, 325),
(4726, 'Salón 05', 20, 41, 326),
(4727, 'Salón 05', 20, 68, 327),
(4728, 'Salón 05', 20, 68, 328),
(4729, 'Salón 05', 20, 5, 329),
(4730, 'Salón 05', 20, 5, 330),
(4731, 'Salón 05', 20, 73, 331),
(4732, 'Salón 05', 20, 25, 332),
(4733, 'Salón 05', 20, 73, 333),
(4734, 'Salón 05', 20, 17, 334),
(4735, 'Salón 05', 20, 63, 335),
(4736, 'Salón 05', 20, 15, 336),
(4737, 'Salón 05', 20, 73, 337),
(4738, 'Salón 05', 20, 18, 338),
(4739, 'Salón 05', 20, 19, 339),
(4740, 'Salón 05', 20, 15, 340),
(4741, 'Salón 05', 20, 76, 341),
(4742, 'Salón 05', 20, 68, 342),
(4743, 'Salón 05', 20, 68, 343),
(4744, 'Salón 05', 20, 44, 344),
(4745, 'Salón 05', 20, 81, 345),
(4746, 'Salón 05', 20, 25, 346),
(4747, 'Salón 05', 20, 52, 347),
(4748, 'Salón 05', 20, 5, 348),
(4749, 'Salón 05', 20, 73, 349),
(4750, 'Salón 05', 20, 5, 350),
(4751, 'Salón 05', 20, 50, 351),
(4752, 'Salón 05', 20, 47, 352),
(4753, 'Salón 05', 20, 52, 353),
(4754, 'Salón 05', 20, 25, 354),
(4755, 'Salón 05', 20, 25, 355),
(4756, 'Salón 05', 20, 25, 356),
(4757, 'Salón 05', 20, 25, 357),
(4758, 'Salón 05', 20, 25, 358),
(4759, 'Salón 05', 20, 25, 359),
(4760, 'Salón 05', 20, 15, 360),
(4761, 'Salón 05', 20, 25, 361),
(4762, 'Salón 05', 20, 8, 362),
(4763, 'Salón 05', 20, 70, 363),
(4764, 'Salón 05', 20, 68, 364),
(4765, 'Salón 05', 20, 25, 365),
(4766, 'Salón 05', 20, 20, 366),
(4767, 'Salón 05', 20, 15, 367),
(4768, 'Salón 05', 20, 41, 368),
(4769, 'Salón 05', 20, 41, 369),
(4770, 'Salón 05', 20, 76, 370),
(4771, 'Salón 05', 20, 5, 371),
(4772, 'Salón 05', 20, 25, 372),
(4773, 'Salón 05', 20, 5, 373),
(4774, 'Salón 05', 20, 68, 374),
(4775, 'Salón 05', 20, 20, 375),
(4776, 'Salón 05', 20, 54, 376),
(4777, 'Salón 05', 20, 5, 377),
(4778, 'Salón 05', 20, 25, 378),
(4779, 'Salón 05', 20, 50, 379),
(4780, 'Salón 05', 20, 68, 380),
(4781, 'Salón 05', 20, 15, 381),
(4782, 'Salón 05', 20, 76, 382),
(4783, 'Salón 05', 20, 52, 383),
(4784, 'Salón 05', 20, 19, 384),
(4785, 'Salón 05', 20, 25, 385),
(4786, 'Salón 05', 20, 52, 386),
(4787, 'Salón 05', 20, 5, 387),
(4788, 'Salón 05', 20, 41, 388),
(4789, 'Salón 05', 20, 68, 389),
(4790, 'Salón 05', 20, 25, 390),
(4791, 'Salón 05', 20, 52, 391),
(4792, 'Salón 05', 20, 52, 392),
(4793, 'Salón 05', 20, 47, 393),
(4794, 'Salón 05', 20, 50, 394),
(4795, 'Salón 05', 20, 73, 395),
(4796, 'Salón 05', 20, 68, 396),
(4797, 'Salón 05', 20, 19, 397),
(4798, 'Salón 05', 20, 70, 398),
(4799, 'Salón 05', 20, 5, 399),
(4800, 'Salón 05', 20, 25, 400),
(4801, 'Salón 05', 20, 5, 401),
(4802, 'Salón 05', 20, 25, 402),
(4803, 'Salón 05', 20, 25, 403),
(4804, 'Salón 05', 20, 15, 404),
(4805, 'Salón 05', 20, 68, 405),
(4806, 'Salón 05', 20, 25, 406),
(4807, 'Salón 05', 20, 25, 407),
(4808, 'Salón 05', 20, 15, 408),
(4809, 'Salón 05', 20, 68, 409),
(4810, 'Salón 05', 20, 15, 410),
(4811, 'Salón 05', 20, 25, 411),
(4812, 'Salón 05', 20, 66, 412),
(4813, 'Salón 05', 20, 68, 413),
(4814, 'Salón 05', 20, 15, 414),
(4815, 'Salón 05', 20, 63, 415),
(4816, 'Salón 05', 20, 5, 416),
(4817, 'Salón 05', 20, 54, 417),
(4818, 'Salón 05', 20, 13, 418),
(4819, 'Salón 05', 20, 68, 419),
(4820, 'Salón 05', 20, 85, 420),
(4821, 'Salón 05', 20, 44, 421),
(4822, 'Salón 05', 20, 5, 422),
(4823, 'Salón 05', 20, 54, 423),
(4824, 'Salón 05', 20, 73, 424),
(4825, 'Salón 05', 20, 5, 425),
(4826, 'Salón 05', 20, 41, 426),
(4827, 'Salón 05', 20, 73, 427),
(4828, 'Salón 05', 20, 73, 428),
(4829, 'Salón 05', 20, 73, 429),
(4830, 'Salón 05', 20, 52, 430),
(4831, 'Salón 05', 20, 52, 431),
(4832, 'Salón 05', 20, 19, 432),
(4833, 'Salón 05', 20, 94, 433),
(4834, 'Salón 05', 20, 52, 434),
(4835, 'Salón 05', 20, 41, 435),
(4836, 'Salón 05', 20, 27, 436),
(4837, 'Salón 05', 20, 5, 437),
(4838, 'Salón 05', 20, 5, 438),
(4839, 'Salón 05', 20, 15, 439),
(4840, 'Salón 05', 20, 19, 440),
(4841, 'Salón 05', 20, 76, 441),
(4842, 'Salón 05', 20, 5, 442),
(4843, 'Salón 05', 20, 15, 443),
(4844, 'Salón 05', 20, 5, 444),
(4845, 'Salón 05', 20, 15, 445),
(4846, 'Salón 05', 20, 25, 446),
(4847, 'Salón 05', 20, 68, 447),
(4848, 'Salón 05', 20, 68, 448),
(4849, 'Salón 05', 20, 8, 449),
(4850, 'Salón 05', 20, 25, 450),
(4851, 'Salón 05', 20, 27, 451),
(4852, 'Salón 05', 20, 23, 452),
(4853, 'Salón 05', 20, 41, 453),
(4854, 'Salón 05', 20, 68, 454),
(4855, 'Salón 05', 20, 25, 455),
(4856, 'Salón 05', 20, 15, 456),
(4857, 'Salón 05', 20, 5, 457),
(4858, 'Salón 05', 20, 66, 458),
(4859, 'Salón 05', 20, 52, 459),
(4860, 'Salón 05', 20, 76, 460),
(4861, 'Salón 05', 20, 17, 461),
(4862, 'Salón 05', 20, 54, 462),
(4863, 'Salón 05', 20, 5, 463),
(4864, 'Salón 05', 20, 52, 464),
(4865, 'Salón 05', 20, 20, 465),
(4866, 'Salón 05', 20, 20, 466),
(4867, 'Salón 05', 20, 44, 467),
(4868, 'Salón 05', 20, 52, 468),
(4869, 'Salón 05', 20, 50, 469),
(4870, 'Salón 05', 20, 17, 470),
(4871, 'Salón 05', 20, 25, 471),
(4872, 'Salón 05', 20, 18, 472),
(4873, 'Salón 05', 20, 25, 473),
(4874, 'Salón 05', 20, 68, 474),
(4875, 'Salón 05', 20, 20, 475),
(4876, 'Salón 05', 20, 25, 476),
(4877, 'Salón 05', 20, 5, 477),
(4878, 'Salón 05', 20, 41, 478),
(4879, 'Salón 05', 20, 54, 479),
(4880, 'Salón 05', 20, 99, 480),
(4881, 'Salón 05', 20, 85, 481),
(4882, 'Salón 05', 20, 19, 482),
(4883, 'Salón 05', 20, 63, 483),
(4884, 'Salón 05', 20, 52, 484),
(4885, 'Salón 05', 20, 5, 485),
(4886, 'Salón 05', 20, 52, 486),
(4887, 'Salón 05', 20, 70, 487),
(4888, 'Salón 05', 20, 76, 488),
(4889, 'Salón 05', 20, 15, 489),
(4890, 'Salón 05', 20, 19, 490);
INSERT INTO `salones` (`id`, `descripcion`, `capacidad`, `regional`, `ciudad`) VALUES
(4891, 'Salón 05', 20, 25, 491),
(4892, 'Salón 05', 20, 15, 492),
(4893, 'Salón 05', 20, 17, 493),
(4894, 'Salón 05', 20, 76, 494),
(4895, 'Salón 05', 20, 66, 495),
(4896, 'Salón 05', 20, 54, 496),
(4897, 'Salón 05', 20, 15, 497),
(4898, 'Salón 05', 20, 68, 498),
(4899, 'Salón 05', 20, 68, 499),
(4900, 'Salón 05', 20, 52, 500),
(4901, 'Salón 05', 20, 50, 501),
(4902, 'Salón 05', 20, 25, 502),
(4903, 'Salón 05', 20, 91, 503),
(4904, 'Salón 05', 20, 5, 504),
(4905, 'Salón 05', 20, 52, 505),
(4906, 'Salón 05', 20, 27, 506),
(4907, 'Salón 05', 20, 23, 507),
(4908, 'Salón 05', 20, 23, 508),
(4909, 'Salón 05', 20, 70, 509),
(4910, 'Salón 05', 20, 54, 510),
(4911, 'Salón 05', 20, 68, 511),
(4912, 'Salón 05', 20, 54, 512),
(4913, 'Salón 05', 20, 8, 513),
(4914, 'Salón 05', 20, 73, 514),
(4915, 'Salón 05', 20, 73, 515),
(4916, 'Salón 05', 20, 19, 516),
(4917, 'Salón 05', 20, 15, 517),
(4918, 'Salón 05', 20, 68, 518),
(4919, 'Salón 05', 20, 5, 519),
(4920, 'Salón 05', 20, 25, 520),
(4921, 'Salón 05', 20, 25, 521),
(4922, 'Salón 05', 20, 13, 522),
(4923, 'Salón 05', 20, 52, 523),
(4924, 'Salón 05', 20, 13, 524),
(4925, 'Salón 05', 20, 44, 525),
(4926, 'Salón 05', 20, 70, 526),
(4927, 'Salón 05', 20, 8, 527),
(4928, 'Salón 05', 20, 52, 528),
(4929, 'Salón 05', 20, 8, 529),
(4930, 'Salón 05', 20, 44, 530),
(4931, 'Salón 05', 20, 20, 531),
(4932, 'Salón 05', 20, 17, 532),
(4933, 'Salón 05', 20, 25, 533),
(4934, 'Salón 05', 20, 17, 534),
(4935, 'Salón 05', 20, 85, 535),
(4936, 'Salón 05', 20, 50, 536),
(4937, 'Salón 05', 20, 13, 537),
(4938, 'Salón 05', 20, 5, 538),
(4939, 'Salón 05', 20, 15, 539),
(4940, 'Salón 05', 20, 73, 540),
(4941, 'Salón 05', 20, 17, 541),
(4942, 'Salón 05', 20, 17, 542),
(4943, 'Salón 05', 20, 66, 543),
(4944, 'Salón 05', 20, 17, 544),
(4945, 'Salón 05', 20, 13, 545),
(4946, 'Salón 05', 20, 68, 546),
(4947, 'Salón 05', 20, 5, 547),
(4948, 'Salón 05', 20, 25, 548),
(4949, 'Salón 05', 20, 27, 549),
(4950, 'Salón 05', 20, 27, 550),
(4951, 'Salón 05', 20, 27, 551),
(4952, 'Salón 05', 20, 73, 552),
(4953, 'Salón 05', 20, 19, 553),
(4954, 'Salón 05', 20, 50, 554),
(4955, 'Salón 05', 20, 18, 555),
(4956, 'Salón 05', 20, 15, 556),
(4957, 'Salón 05', 20, 95, 557),
(4958, 'Salón 05', 20, 19, 558),
(4959, 'Salón 05', 20, 66, 559),
(4960, 'Salón 05', 20, 97, 560),
(4961, 'Salón 05', 20, 86, 561),
(4962, 'Salón 05', 20, 68, 562),
(4963, 'Salón 05', 20, 68, 563),
(4964, 'Salón 05', 20, 23, 564),
(4965, 'Salón 05', 20, 13, 565),
(4966, 'Salón 05', 20, 15, 566),
(4967, 'Salón 05', 20, 15, 567),
(4968, 'Salón 05', 20, 15, 568),
(4969, 'Salón 05', 20, 5, 569),
(4970, 'Salón 05', 20, 13, 570),
(4971, 'Salón 05', 20, 23, 571),
(4972, 'Salón 05', 20, 63, 572),
(4973, 'Salón 05', 20, 23, 573),
(4974, 'Salón 05', 20, 85, 574),
(4975, 'Salón 05', 20, 13, 575),
(4976, 'Salón 05', 20, 19, 576),
(4977, 'Salón 05', 20, 18, 577),
(4978, 'Salón 05', 20, 70, 578),
(4979, 'Salón 05', 20, 25, 579),
(4980, 'Salón 05', 20, 52, 580),
(4981, 'Salón 05', 20, 15, 581),
(4982, 'Salón 05', 20, 23, 582),
(4983, 'Salón 05', 20, 73, 583),
(4984, 'Salón 05', 20, 5, 584),
(4985, 'Salón 05', 20, 5, 585),
(4986, 'Salón 05', 20, 54, 586),
(4987, 'Salón 05', 20, 15, 587),
(4988, 'Salón 05', 20, 68, 588),
(4989, 'Salón 05', 20, 5, 589),
(4990, 'Salón 05', 20, 25, 590),
(4991, 'Salón 05', 20, 52, 591),
(4992, 'Salón 05', 20, 73, 592),
(4993, 'Salón 05', 20, 5, 593),
(4994, 'Salón 05', 20, 5, 594),
(4995, 'Salón 05', 20, 17, 595),
(4996, 'Salón 05', 20, 41, 596),
(4997, 'Salón 05', 20, 25, 597),
(4998, 'Salón 05', 20, 25, 598),
(4999, 'Salón 05', 20, 25, 599),
(5000, 'Salón 05', 20, 15, 600),
(5001, 'Salón 05', 20, 25, 601),
(5002, 'Salón 05', 20, 17, 602),
(5003, 'Salón 05', 20, 13, 603),
(5004, 'Salón 05', 20, 27, 604),
(5005, 'Salón 05', 20, 47, 605),
(5006, 'Salón 05', 20, 15, 606),
(5007, 'Salón 05', 20, 85, 607),
(5008, 'Salón 05', 20, 27, 608),
(5009, 'Salón 05', 20, 41, 609),
(5010, 'Salón 05', 20, 76, 610),
(5011, 'Salón 05', 20, 68, 611),
(5012, 'Salón 05', 20, 54, 612),
(5013, 'Salón 05', 20, 68, 613),
(5014, 'Salón 05', 20, 15, 614),
(5015, 'Salón 05', 20, 5, 615),
(5016, 'Salón 05', 20, 52, 616),
(5017, 'Salón 05', 20, 68, 617),
(5018, 'Salón 05', 20, 41, 618),
(5019, 'Salón 05', 20, 86, 619),
(5020, 'Salón 05', 20, 85, 620),
(5021, 'Salón 05', 20, 73, 621),
(5022, 'Salón 05', 20, 52, 622),
(5023, 'Salón 05', 20, 15, 623),
(5024, 'Salón 05', 20, 70, 624),
(5025, 'Salón 05', 20, 15, 625),
(5026, 'Salón 05', 20, 25, 626),
(5027, 'Salón 05', 20, 19, 627),
(5028, 'Salón 05', 20, 41, 628),
(5029, 'Salón 05', 20, 20, 629),
(5030, 'Salón 05', 20, 25, 630),
(5031, 'Salón 05', 20, 15, 631),
(5032, 'Salón 05', 20, 15, 632),
(5033, 'Salón 05', 20, 41, 633),
(5034, 'Salón 05', 20, 17, 634),
(5035, 'Salón 05', 20, 41, 635),
(5036, 'Salón 05', 20, 68, 636),
(5037, 'Salón 05', 20, 8, 637),
(5038, 'Salón 05', 20, 68, 638),
(5039, 'Salón 05', 20, 76, 639),
(5040, 'Salón 05', 20, 70, 640),
(5041, 'Salón 05', 20, 73, 641),
(5042, 'Salón 05', 20, 54, 642),
(5043, 'Salón 05', 20, 54, 643),
(5044, 'Salón 05', 20, 25, 644),
(5045, 'Salón 05', 20, 15, 645),
(5046, 'Salón 05', 20, 25, 646),
(5047, 'Salón 05', 20, 25, 647),
(5048, 'Salón 05', 20, 19, 648),
(5049, 'Salón 05', 20, 15, 649),
(5050, 'Salón 05', 20, 15, 650),
(5051, 'Salón 05', 20, 85, 651),
(5052, 'Salón 05', 20, 15, 652),
(5053, 'Salón 05', 20, 47, 653),
(5054, 'Salón 05', 20, 20, 654),
(5055, 'Salón 05', 20, 17, 655),
(5056, 'Salón 05', 20, 5, 656),
(5057, 'Salón 05', 20, 66, 657),
(5058, 'Salón 05', 20, 15, 658),
(5059, 'Salón 05', 20, 5, 659),
(5060, 'Salón 05', 20, 19, 660),
(5061, 'Salón 05', 20, 68, 661),
(5062, 'Salón 05', 20, 73, 662),
(5063, 'Salón 05', 20, 19, 663),
(5064, 'Salón 05', 20, 63, 664),
(5065, 'Salón 05', 20, 47, 665),
(5066, 'Salón 05', 20, 68, 666),
(5067, 'Salón 05', 20, 13, 667),
(5068, 'Salón 05', 20, 8, 668),
(5069, 'Salón 05', 20, 15, 669),
(5070, 'Salón 05', 20, 41, 670),
(5071, 'Salón 05', 20, 41, 671),
(5072, 'Salón 05', 20, 47, 672),
(5073, 'Salón 05', 20, 73, 673),
(5074, 'Salón 05', 20, 23, 674),
(5075, 'Salón 05', 20, 47, 675),
(5076, 'Salón 05', 20, 52, 676),
(5077, 'Salón 05', 20, 8, 677),
(5078, 'Salón 05', 20, 8, 678),
(5079, 'Salón 05', 20, 19, 679),
(5080, 'Salón 05', 20, 85, 680),
(5081, 'Salón 05', 20, 52, 681),
(5082, 'Salón 05', 20, 76, 682),
(5083, 'Salón 05', 20, 73, 683),
(5084, 'Salón 05', 20, 52, 684),
(5085, 'Salón 05', 20, 88, 685),
(5086, 'Salón 05', 20, 20, 686),
(5087, 'Salón 05', 20, 23, 687),
(5088, 'Salón 05', 20, 66, 688),
(5089, 'Salón 05', 20, 5, 689),
(5090, 'Salón 05', 20, 47, 690),
(5091, 'Salón 05', 20, 68, 691),
(5092, 'Salón 05', 20, 52, 692),
(5093, 'Salón 05', 20, 86, 693),
(5094, 'Salón 05', 20, 5, 694),
(5095, 'Salón 05', 20, 15, 695),
(5096, 'Salón 05', 20, 86, 696),
(5097, 'Salón 05', 20, 99, 697),
(5098, 'Salón 05', 20, 8, 698),
(5099, 'Salón 05', 20, 50, 699),
(5100, 'Salón 05', 20, 23, 700),
(5101, 'Salón 05', 20, 50, 701),
(5102, 'Salón 05', 20, 86, 702),
(5103, 'Salón 05', 20, 86, 703),
(5104, 'Salón 05', 20, 23, 704),
(5105, 'Salón 05', 20, 50, 705),
(5106, 'Salón 05', 20, 50, 706),
(5107, 'Salón 05', 20, 5, 707),
(5108, 'Salón 05', 20, 91, 708),
(5109, 'Salón 05', 20, 68, 709),
(5110, 'Salón 05', 20, 18, 710),
(5111, 'Salón 05', 20, 50, 711),
(5112, 'Salón 05', 20, 81, 712),
(5113, 'Salón 05', 20, 25, 713),
(5114, 'Salón 05', 20, 54, 714),
(5115, 'Salón 05', 20, 19, 715),
(5116, 'Salón 05', 20, 5, 716),
(5117, 'Salón 05', 20, 68, 717),
(5118, 'Salón 05', 20, 25, 718),
(5119, 'Salón 05', 20, 52, 719),
(5120, 'Salón 05', 20, 19, 720),
(5121, 'Salón 05', 20, 73, 721),
(5122, 'Salón 05', 20, 23, 722),
(5123, 'Salón 05', 20, 17, 723),
(5124, 'Salón 05', 20, 15, 724),
(5125, 'Salón 05', 20, 19, 725),
(5126, 'Salón 05', 20, 68, 726),
(5127, 'Salón 05', 20, 25, 727),
(5128, 'Salón 05', 20, 25, 728),
(5129, 'Salón 05', 20, 27, 729),
(5130, 'Salón 05', 20, 63, 730),
(5131, 'Salón 05', 20, 66, 731),
(5132, 'Salón 05', 20, 15, 732),
(5133, 'Salón 05', 20, 25, 733),
(5134, 'Salón 05', 20, 54, 734),
(5135, 'Salón 05', 20, 15, 735),
(5136, 'Salón 05', 20, 85, 736),
(5137, 'Salón 05', 20, 13, 737),
(5138, 'Salón 05', 20, 5, 738),
(5139, 'Salón 05', 20, 47, 739),
(5140, 'Salón 05', 20, 8, 740),
(5141, 'Salón 05', 20, 50, 741),
(5142, 'Salón 05', 20, 76, 742),
(5143, 'Salón 05', 20, 5, 743),
(5144, 'Salón 05', 20, 25, 744),
(5145, 'Salón 05', 20, 52, 745),
(5146, 'Salón 05', 20, 68, 746),
(5147, 'Salón 05', 20, 73, 747),
(5148, 'Salón 05', 20, 76, 748),
(5149, 'Salón 05', 20, 44, 749),
(5150, 'Salón 05', 20, 17, 750),
(5151, 'Salón 05', 20, 41, 751),
(5152, 'Salón 05', 20, 52, 752),
(5153, 'Salón 05', 20, 76, 753),
(5154, 'Salón 05', 20, 73, 754),
(5155, 'Salón 05', 20, 15, 755),
(5156, 'Salón 05', 20, 19, 756),
(5157, 'Salón 05', 20, 73, 757),
(5158, 'Salón 05', 20, 15, 758),
(5159, 'Salón 05', 20, 27, 759),
(5160, 'Salón 05', 20, 27, 760),
(5161, 'Salón 05', 20, 17, 761),
(5162, 'Salón 05', 20, 13, 762),
(5163, 'Salón 05', 20, 20, 763),
(5164, 'Salón 05', 20, 5, 764),
(5165, 'Salón 05', 20, 27, 765),
(5166, 'Salón 05', 20, 68, 766),
(5167, 'Salón 05', 20, 8, 767),
(5168, 'Salón 05', 20, 5, 768),
(5169, 'Salón 05', 20, 8, 769),
(5170, 'Salón 05', 20, 85, 770),
(5171, 'Salón 05', 20, 47, 771),
(5172, 'Salón 05', 20, 5, 772),
(5173, 'Salón 05', 20, 15, 773),
(5174, 'Salón 05', 20, 23, 774),
(5175, 'Salón 05', 20, 41, 775),
(5176, 'Salón 05', 20, 17, 776),
(5177, 'Salón 05', 20, 47, 777),
(5178, 'Salón 05', 20, 54, 778),
(5179, 'Salón 05', 20, 73, 779),
(5180, 'Salón 05', 20, 63, 780),
(5181, 'Salón 05', 20, 5, 781),
(5182, 'Salón 05', 20, 15, 782),
(5183, 'Salón 05', 20, 52, 783),
(5184, 'Salón 05', 20, 17, 784),
(5185, 'Salón 05', 20, 70, 785),
(5186, 'Salón 05', 20, 41, 786),
(5187, 'Salón 05', 20, 20, 787),
(5188, 'Salón 05', 20, 68, 788),
(5189, 'Salón 05', 20, 23, 789),
(5190, 'Salón 05', 20, 5, 790),
(5191, 'Salón 05', 20, 23, 791),
(5192, 'Salón 05', 20, 73, 792),
(5193, 'Salón 05', 20, 25, 793),
(5194, 'Salón 05', 20, 68, 794),
(5195, 'Salón 05', 20, 70, 795),
(5196, 'Salón 05', 20, 25, 796),
(5197, 'Salón 05', 20, 52, 797),
(5198, 'Salón 05', 20, 23, 798),
(5199, 'Salón 05', 20, 54, 799),
(5200, 'Salón 05', 20, 5, 800),
(5201, 'Salón 05', 20, 23, 801),
(5202, 'Salón 05', 20, 50, 802),
(5203, 'Salón 05', 20, 25, 803),
(5204, 'Salón 05', 20, 54, 804),
(5205, 'Salón 05', 20, 13, 805),
(5206, 'Salón 05', 20, 20, 806),
(5207, 'Salón 05', 20, 15, 807),
(5208, 'Salón 05', 20, 13, 808),
(5209, 'Salón 05', 20, 13, 809),
(5210, 'Salón 05', 20, 5, 810),
(5211, 'Salón 05', 20, 25, 811),
(5212, 'Salón 05', 20, 86, 812),
(5213, 'Salón 05', 20, 68, 813),
(5214, 'Salón 05', 20, 13, 814),
(5215, 'Salón 05', 20, 13, 815),
(5216, 'Salón 05', 20, 5, 816),
(5217, 'Salón 05', 20, 68, 817),
(5218, 'Salón 05', 20, 17, 818),
(5219, 'Salón 05', 20, 68, 819),
(5220, 'Salón 05', 20, 5, 820),
(5221, 'Salón 05', 20, 15, 821),
(5222, 'Salón 05', 20, 23, 822),
(5223, 'Salón 05', 20, 18, 823),
(5224, 'Salón 05', 20, 95, 824),
(5225, 'Salón 05', 20, 27, 825),
(5226, 'Salón 05', 20, 50, 826),
(5227, 'Salón 05', 20, 70, 827),
(5228, 'Salón 05', 20, 13, 828),
(5229, 'Salón 05', 20, 52, 829),
(5230, 'Salón 05', 20, 25, 830),
(5231, 'Salón 05', 20, 5, 831),
(5232, 'Salón 05', 20, 44, 832),
(5233, 'Salón 05', 20, 50, 833),
(5234, 'Salón 05', 20, 52, 834),
(5235, 'Salón 05', 20, 73, 835),
(5236, 'Salón 05', 20, 5, 836),
(5237, 'Salón 05', 20, 15, 837),
(5238, 'Salón 05', 20, 85, 838),
(5239, 'Salón 05', 20, 70, 839),
(5240, 'Salón 05', 20, 20, 840),
(5241, 'Salón 05', 20, 50, 841),
(5242, 'Salón 05', 20, 13, 842),
(5243, 'Salón 05', 20, 15, 843),
(5244, 'Salón 05', 20, 68, 844),
(5245, 'Salón 05', 20, 86, 845),
(5246, 'Salón 05', 20, 15, 846),
(5247, 'Salón 05', 20, 70, 847),
(5248, 'Salón 05', 20, 13, 848),
(5249, 'Salón 05', 20, 52, 849),
(5250, 'Salón 05', 20, 15, 850),
(5251, 'Salón 05', 20, 5, 851),
(5252, 'Salón 05', 20, 70, 852),
(5253, 'Salón 05', 20, 76, 853),
(5254, 'Salón 05', 20, 52, 854),
(5255, 'Salón 05', 20, 5, 855),
(5256, 'Salón 05', 20, 23, 856),
(5257, 'Salón 05', 20, 5, 857),
(5258, 'Salón 05', 20, 5, 858),
(5259, 'Salón 05', 20, 19, 859),
(5260, 'Salón 05', 20, 47, 860),
(5261, 'Salón 05', 20, 5, 861),
(5262, 'Salón 05', 20, 18, 862),
(5263, 'Salón 05', 20, 68, 863),
(5264, 'Salón 05', 20, 47, 864),
(5265, 'Salón 05', 20, 52, 865),
(5266, 'Salón 05', 20, 47, 866),
(5267, 'Salón 05', 20, 5, 867),
(5268, 'Salón 05', 20, 68, 868),
(5269, 'Salón 05', 20, 52, 869),
(5270, 'Salón 05', 20, 47, 870),
(5271, 'Salón 05', 20, 13, 871),
(5272, 'Salón 05', 20, 5, 872),
(5273, 'Salón 05', 20, 27, 873),
(5274, 'Salón 05', 20, 68, 874),
(5275, 'Salón 05', 20, 73, 875),
(5276, 'Salón 05', 20, 8, 876),
(5277, 'Salón 05', 20, 47, 877),
(5278, 'Salón 05', 20, 15, 878),
(5279, 'Salón 05', 20, 41, 879),
(5280, 'Salón 05', 20, 13, 880),
(5281, 'Salón 05', 20, 19, 881),
(5282, 'Salón 05', 20, 66, 882),
(5283, 'Salón 05', 20, 5, 883),
(5284, 'Salón 05', 20, 15, 884),
(5285, 'Salón 05', 20, 13, 885),
(5286, 'Salón 05', 20, 99, 886),
(5287, 'Salón 05', 20, 15, 887),
(5288, 'Salón 05', 20, 15, 888),
(5289, 'Salón 05', 20, 19, 889),
(5290, 'Salón 05', 20, 54, 890),
(5291, 'Salón 05', 20, 86, 891),
(5292, 'Salón 05', 20, 5, 892),
(5293, 'Salón 05', 20, 8, 893),
(5294, 'Salón 05', 20, 5, 894),
(5295, 'Salón 05', 20, 66, 895),
(5296, 'Salón 05', 20, 52, 896),
(5297, 'Salón 05', 20, 81, 897),
(5298, 'Salón 05', 20, 54, 898),
(5299, 'Salón 05', 20, 25, 899),
(5300, 'Salón 05', 20, 15, 900),
(5301, 'Salón 05', 20, 15, 901),
(5302, 'Salón 05', 20, 5, 902),
(5303, 'Salón 05', 20, 25, 903),
(5304, 'Salón 05', 20, 76, 904),
(5305, 'Salón 05', 20, 15, 905),
(5306, 'Salón 05', 20, 25, 906),
(5307, 'Salón 05', 20, 86, 907),
(5308, 'Salón 05', 20, 54, 908),
(5309, 'Salón 05', 20, 25, 909),
(5310, 'Salón 05', 20, 19, 910),
(5311, 'Salón 05', 20, 68, 911),
(5312, 'Salón 05', 20, 25, 912),
(5313, 'Salón 05', 20, 13, 913),
(5314, 'Salón 05', 20, 70, 914),
(5315, 'Salón 05', 20, 70, 915),
(5316, 'Salón 05', 20, 27, 916),
(5317, 'Salón 05', 20, 47, 917),
(5318, 'Salón 05', 20, 25, 918),
(5319, 'Salón 05', 20, 15, 919),
(5320, 'Salón 05', 20, 15, 920),
(5321, 'Salón 05', 20, 68, 921),
(5322, 'Salón 05', 20, 15, 922),
(5323, 'Salón 05', 20, 15, 923),
(5324, 'Salón 05', 20, 18, 924),
(5325, 'Salón 05', 20, 8, 925),
(5326, 'Salón 05', 20, 18, 926),
(5327, 'Salón 05', 20, 15, 927),
(5328, 'Salón 05', 20, 5, 928),
(5329, 'Salón 05', 20, 5, 929),
(5330, 'Salón 05', 20, 13, 930),
(5331, 'Salón 05', 20, 25, 931),
(5332, 'Salón 05', 20, 15, 932),
(5333, 'Salón 05', 20, 15, 933),
(5334, 'Salón 05', 20, 15, 934),
(5335, 'Salón 05', 20, 19, 935),
(5336, 'Salón 05', 20, 52, 936),
(5337, 'Salón 05', 20, 68, 937),
(5338, 'Salón 05', 20, 8, 938),
(5339, 'Salón 05', 20, 41, 939),
(5340, 'Salón 05', 20, 25, 940),
(5341, 'Salón 05', 20, 19, 941),
(5342, 'Salón 05', 20, 68, 942),
(5343, 'Salón 05', 20, 70, 943),
(5344, 'Salón 05', 20, 25, 944),
(5345, 'Salón 05', 20, 25, 945),
(5346, 'Salón 05', 20, 17, 946),
(5347, 'Salón 05', 20, 68, 947),
(5348, 'Salón 05', 20, 25, 948),
(5349, 'Salón 05', 20, 15, 949),
(5350, 'Salón 05', 20, 15, 950),
(5351, 'Salón 05', 20, 25, 951),
(5352, 'Salón 05', 20, 15, 952),
(5353, 'Salón 05', 20, 19, 953),
(5354, 'Salón 05', 20, 73, 954),
(5355, 'Salón 05', 20, 85, 955),
(5356, 'Salón 05', 20, 15, 956),
(5357, 'Salón 05', 20, 25, 957),
(5358, 'Salón 05', 20, 27, 958),
(5359, 'Salón 05', 20, 13, 959),
(5360, 'Salón 05', 20, 20, 960),
(5361, 'Salón 05', 20, 81, 961),
(5362, 'Salón 05', 20, 52, 962),
(5363, 'Salón 05', 20, 52, 963),
(5364, 'Salón 05', 20, 97, 964),
(5365, 'Salón 05', 20, 5, 965),
(5366, 'Salón 05', 20, 41, 966),
(5367, 'Salón 05', 20, 5, 967),
(5368, 'Salón 05', 20, 15, 968),
(5369, 'Salón 05', 20, 85, 969),
(5370, 'Salón 05', 20, 25, 970),
(5371, 'Salón 05', 20, 41, 971),
(5372, 'Salón 05', 20, 25, 972),
(5373, 'Salón 05', 20, 47, 973),
(5374, 'Salón 05', 20, 25, 974),
(5375, 'Salón 05', 20, 15, 975),
(5376, 'Salón 05', 20, 54, 976),
(5377, 'Salón 05', 20, 41, 977),
(5378, 'Salón 05', 20, 41, 978),
(5379, 'Salón 05', 20, 25, 979),
(5380, 'Salón 05', 20, 15, 980),
(5381, 'Salón 05', 20, 15, 981),
(5382, 'Salón 05', 20, 25, 982),
(5383, 'Salón 05', 20, 54, 983),
(5384, 'Salón 05', 20, 23, 984),
(5385, 'Salón 05', 20, 41, 985),
(5386, 'Salón 05', 20, 19, 986),
(5387, 'Salón 05', 20, 19, 987),
(5388, 'Salón 05', 20, 15, 988),
(5389, 'Salón 05', 20, 15, 989),
(5390, 'Salón 05', 20, 13, 990),
(5391, 'Salón 05', 20, 5, 991),
(5392, 'Salón 05', 20, 15, 992),
(5393, 'Salón 05', 20, 25, 993),
(5394, 'Salón 05', 20, 25, 994),
(5395, 'Salón 05', 20, 15, 995),
(5396, 'Salón 05', 20, 5, 996),
(5397, 'Salón 05', 20, 54, 997),
(5398, 'Salón 05', 20, 70, 998),
(5399, 'Salón 05', 20, 70, 999),
(5400, 'Salón 05', 20, 68, 1000),
(5401, 'Salón 05', 20, 15, 1001),
(5402, 'Salón 05', 20, 25, 1002),
(5403, 'Salón 05', 20, 19, 1003),
(5404, 'Salón 05', 20, 76, 1004),
(5405, 'Salón 05', 20, 15, 1005),
(5406, 'Salón 05', 20, 19, 1006),
(5407, 'Salón 05', 20, 85, 1007),
(5408, 'Salón 05', 20, 76, 1008),
(5409, 'Salón 05', 20, 8, 1009),
(5410, 'Salón 05', 20, 23, 1010),
(5411, 'Salón 05', 20, 76, 1011),
(5412, 'Salón 05', 20, 52, 1012),
(5413, 'Salón 05', 20, 15, 1013),
(5414, 'Salón 05', 20, 15, 1014),
(5415, 'Salón 05', 20, 13, 1015),
(5416, 'Salón 05', 20, 13, 1016),
(5417, 'Salón 05', 20, 5, 1017),
(5418, 'Salón 05', 20, 15, 1018),
(5419, 'Salón 05', 20, 15, 1019),
(5420, 'Salón 05', 20, 15, 1020),
(5421, 'Salón 05', 20, 85, 1021),
(5422, 'Salón 05', 20, 5, 1022),
(5423, 'Salón 05', 20, 52, 1023),
(5424, 'Salón 05', 20, 25, 1024),
(5425, 'Salón 05', 20, 25, 1025),
(5426, 'Salón 05', 20, 25, 1026),
(5427, 'Salón 05', 20, 76, 1027),
(5428, 'Salón 05', 20, 25, 1028),
(5429, 'Salón 05', 20, 27, 1029),
(5430, 'Salón 05', 20, 27, 1030),
(5431, 'Salón 05', 20, 5, 1031),
(5432, 'Salón 05', 20, 50, 1032),
(5433, 'Salón 05', 20, 44, 1033),
(5434, 'Salón 05', 20, 5, 1034),
(5435, 'Salón 05', 20, 44, 1035),
(5436, 'Salón 05', 20, 8, 1036),
(5437, 'Salón 05', 20, 5, 1037),
(5438, 'Salón 05', 20, 23, 1038),
(5439, 'Salón 05', 20, 68, 1039),
(5440, 'Salón 05', 20, 73, 1040),
(5441, 'Salón 05', 20, 86, 1041),
(5442, 'Salón 05', 20, 20, 1042),
(5443, 'Salón 05', 20, 5, 1043),
(5444, 'Salón 05', 20, 18, 1044),
(5445, 'Salón 05', 20, 5, 1045),
(5446, 'Salón 05', 20, 73, 1046),
(5447, 'Salón 05', 20, 5, 1047),
(5448, 'Salón 05', 20, 25, 1048),
(5449, 'Salón 05', 20, 15, 1049),
(5450, 'Salón 05', 20, 25, 1050),
(5451, 'Salón 05', 20, 76, 1051),
(5452, 'Salón 05', 20, 68, 1052),
(5453, 'Salón 05', 20, 25, 1053),
(5454, 'Salón 05', 20, 5, 1054),
(5455, 'Salón 05', 20, 76, 1055),
(5456, 'Salón 05', 20, 54, 1056),
(5457, 'Salón 05', 20, 19, 1057),
(5458, 'Salón 05', 20, 15, 1058),
(5459, 'Salón 05', 20, 54, 1059),
(5460, 'Salón 05', 20, 86, 1060),
(5461, 'Salón 05', 20, 25, 1061),
(5462, 'Salón 05', 20, 73, 1062),
(5463, 'Salón 05', 20, 17, 1063),
(5464, 'Salón 05', 20, 13, 1064),
(5465, 'Salón 05', 20, 44, 1065),
(5466, 'Salón 05', 20, 68, 1066),
(5467, 'Salón 05', 20, 85, 1067),
(5468, 'Salón 05', 20, 25, 1068),
(5469, 'Salón 05', 20, 73, 1069),
(5470, 'Salón 05', 20, 50, 1070),
(5471, 'Salón 05', 20, 41, 1071),
(5472, 'Salón 05', 20, 25, 1072),
(5473, 'Salón 05', 20, 25, 1073),
(5474, 'Salón 05', 20, 15, 1074),
(5475, 'Salón 05', 20, 50, 1075),
(5476, 'Salón 05', 20, 17, 1076),
(5477, 'Salón 05', 20, 68, 1077),
(5478, 'Salón 05', 20, 25, 1078),
(5479, 'Salón 05', 20, 52, 1079),
(5480, 'Salón 05', 20, 41, 1080),
(5481, 'Salón 05', 20, 5, 1081),
(5482, 'Salón 05', 20, 5, 1082),
(5483, 'Salón 05', 20, 5, 1083),
(5484, 'Salón 05', 20, 5, 1084),
(5485, 'Salón 05', 20, 85, 1085),
(5486, 'Salón 05', 20, 76, 1086),
(5487, 'Salón 05', 20, 76, 1087),
(5488, 'Salón 05', 20, 13, 1088),
(5489, 'Salón 05', 20, 68, 1089),
(5490, 'Salón 05', 20, 47, 1090),
(5491, 'Salón 05', 20, 5, 1091),
(5492, 'Salón 05', 20, 76, 1092),
(5493, 'Salón 05', 20, 15, 1093),
(5494, 'Salón 05', 20, 25, 1094),
(5495, 'Salón 05', 20, 25, 1095),
(5496, 'Salón 05', 20, 47, 1096),
(5497, 'Salón 05', 20, 54, 1097),
(5498, 'Salón 05', 20, 41, 1098),
(5499, 'Salón 05', 20, 15, 1099),
(5500, 'Salón 05', 20, 25, 1100);

-- --------------------------------------------------------

--
-- Estructura de tabla para la tabla `tipo_identificaciones`
--

CREATE TABLE `tipo_identificaciones` (
  `id` int(11) NOT NULL,
  `sigla` varchar(255) COLLATE utf8mb4_unicode_ci NOT NULL,
  `descripcion` varchar(255) COLLATE utf8mb4_unicode_ci NOT NULL
) ENGINE=InnoDB DEFAULT CHARSET=utf8mb4 COLLATE=utf8mb4_unicode_ci;

--
-- Volcado de datos para la tabla `tipo_identificaciones`
--

INSERT INTO `tipo_identificaciones` (`id`, `sigla`, `descripcion`) VALUES
(1, 'CC', 'CEDULA'),
(2, 'CE', 'CEDULA EXTRANGERIA'),
(3, 'PT', 'PERMISO DE TRABAJO');

-- --------------------------------------------------------

--
-- Estructura de tabla para la tabla `usuarios`
--

CREATE TABLE `usuarios` (
  `id_usuario` int(11) NOT NULL,
  `nombre_usuario` varchar(100) NOT NULL,
  `correo_usuario` varchar(100) DEFAULT NULL,
  `contrasena_usuario` varchar(255) NOT NULL,
  `id_perfil` int(11) DEFAULT NULL,
  `identificacion` int(11) NOT NULL,
  `activo` int(11) NOT NULL DEFAULT '1'
) ENGINE=InnoDB DEFAULT CHARSET=utf8mb4;

--
-- Volcado de datos para la tabla `usuarios`
--

INSERT INTO `usuarios` (`id_usuario`, `nombre_usuario`, `correo_usuario`, `contrasena_usuario`, `id_perfil`, `identificacion`, `activo`) VALUES
(1, 'administrador', 'info@gmail.com', '8d969eef6ecad3c29a3a629280e686cf0c3f5d5a86aff3ca12020c923adc6c92', 1, 113322, 1);

-- --------------------------------------------------------

--
-- Estructura de tabla para la tabla `usuarios_permisos`
--

CREATE TABLE `usuarios_permisos` (
  `id_usuario_permiso` int(11) NOT NULL,
  `id_perfil` int(11) DEFAULT NULL,
  `id_permiso` int(11) DEFAULT NULL
) ENGINE=InnoDB DEFAULT CHARSET=utf8mb4;

--
-- Volcado de datos para la tabla `usuarios_permisos`
--

INSERT INTO `usuarios_permisos` (`id_usuario_permiso`, `id_perfil`, `id_permiso`) VALUES
(1, 2, 4),
(2, 2, 3),
(3, 1, 20),
(4, 1, 18),
(5, 1, 3),
(6, 1, 4),
(7, 1, 15),
(8, 1, 13),
(10, 1, 5),
(11, 1, 6),
(12, 1, 19),
(13, 1, 14),
(14, 1, 17),
(15, 3, 20),
(19, 1, 21),
(20, 1, 22),
(21, 1, 23),
(25, 3, 21),
(28, 4, 20),
(29, 4, 19),
(30, 4, 26),
(31, 4, 27),
(32, 1, 26),
(33, 1, 27),
(34, 4, 15),
(35, 4, 18),
(36, 4, 13),
(37, 4, 6),
(38, 1, 28),
(39, 1, 29);

--
-- Índices para tablas volcadas
--

--
-- Indices de la tabla `criterios`
--
ALTER TABLE `criterios`
  ADD PRIMARY KEY (`id_criterios`);

--
-- Indices de la tabla `departamentos`
--
ALTER TABLE `departamentos`
  ADD PRIMARY KEY (`id_departamento`);

--
-- Indices de la tabla `empresas`
--
ALTER TABLE `empresas`
  ADD PRIMARY KEY (`nit`),
  ADD KEY `FK_empresas_departamentos` (`regional`),
  ADD KEY `FK_empresas_municipios` (`ciudad`);

--
-- Indices de la tabla `estudiantes`
--
ALTER TABLE `estudiantes`
  ADD PRIMARY KEY (`id_estudiante`),
  ADD KEY `id_empresa` (`id_empresa`),
  ADD KEY `FK_estudiantes_tipo_identificaciones` (`tipo_identificacion`),
  ADD KEY `FK_estudiantes_genero` (`genero`);

--
-- Indices de la tabla `examenes`
--
ALTER TABLE `examenes`
  ADD PRIMARY KEY (`id_examen`) USING BTREE,
  ADD KEY `id_modulo` (`id_modulo`) USING BTREE;

--
-- Indices de la tabla `examenes_asignados`
--
ALTER TABLE `examenes_asignados`
  ADD PRIMARY KEY (`id_asignacion`),
  ADD KEY `id_estudiante` (`id_estudiante`),
  ADD KEY `id_examen` (`id_examen`),
  ADD KEY `FK_examenes_asignados_modulos` (`id_modulo`),
  ADD KEY `FK_examenes_asignados_salones` (`salon`),
  ADD KEY `FK_examenes_asignados_instructores` (`id_instructor`);

--
-- Indices de la tabla `genero`
--
ALTER TABLE `genero`
  ADD PRIMARY KEY (`id`);

--
-- Indices de la tabla `instructores`
--
ALTER TABLE `instructores`
  ADD PRIMARY KEY (`identificacion`),
  ADD KEY `FK__tipo_identificaciones` (`tipo_identificacion`),
  ADD KEY `FK__departamentos` (`regional`),
  ADD KEY `FK__municipios` (`ciudad`),
  ADD KEY `FK_instructores_genero` (`genero`);

--
-- Indices de la tabla `menus`
--
ALTER TABLE `menus`
  ADD PRIMARY KEY (`id_menu`);

--
-- Indices de la tabla `modulos`
--
ALTER TABLE `modulos`
  ADD PRIMARY KEY (`id_modulo`);

--
-- Indices de la tabla `municipios`
--
ALTER TABLE `municipios`
  ADD PRIMARY KEY (`id_municipio`),
  ADD KEY `departamento_id` (`departamento_id`);

--
-- Indices de la tabla `perfiles`
--
ALTER TABLE `perfiles`
  ADD PRIMARY KEY (`id_perfil`);

--
-- Indices de la tabla `permisos`
--
ALTER TABLE `permisos`
  ADD PRIMARY KEY (`id_permiso`),
  ADD KEY `id_menu` (`id_menu`);

--
-- Indices de la tabla `preguntas`
--
ALTER TABLE `preguntas`
  ADD PRIMARY KEY (`id_pregunta`),
  ADD KEY `id_examen` (`id_examen`),
  ADD KEY `FK_preguntas_modulos` (`id_modulo`),
  ADD KEY `FK_preguntas_criterios` (`id_criterio`);

--
-- Indices de la tabla `respuestas`
--
ALTER TABLE `respuestas`
  ADD PRIMARY KEY (`id_respuesta`) USING BTREE,
  ADD KEY `FK_respuestas_modulos` (`id_modulo`),
  ADD KEY `FK_respuestas_examenes` (`id_examen`),
  ADD KEY `FK_respuestas_preguntas` (`id_pregunta`);

--
-- Indices de la tabla `respuestas_estudiantes`
--
ALTER TABLE `respuestas_estudiantes`
  ADD PRIMARY KEY (`id_respuesta_estudiante`),
  ADD KEY `id_estudiante` (`id_estudiante`),
  ADD KEY `id_examen` (`id_examen`),
  ADD KEY `FK_respuestas_estudiantes_modulos` (`id_moludo`);

--
-- Indices de la tabla `respuestas_evaluador`
--
ALTER TABLE `respuestas_evaluador`
  ADD PRIMARY KEY (`id_respuestas`),
  ADD KEY `id_estudiante` (`id_estudiante`);

--
-- Indices de la tabla `respuestas_instructor`
--
ALTER TABLE `respuestas_instructor`
  ADD PRIMARY KEY (`id_respuestas`),
  ADD KEY `FK_respuestas_instructor_modulos` (`id_modulo`),
  ADD KEY `FK_respuestas_instructor_examenes` (`id_examen`),
  ADD KEY `FK_respuestas_instructor_estudiantes` (`id_estudiante`),
  ADD KEY `FK_respuestas_instructor_instructores` (`id_instructor`);

--
-- Indices de la tabla `resp_estudiante_detalle`
--
ALTER TABLE `resp_estudiante_detalle`
  ADD PRIMARY KEY (`id`),
  ADD KEY `FK__modulos` (`id_modulo`),
  ADD KEY `FK__examenes` (`id_examen`),
  ADD KEY `FK__preguntas` (`id_pregunta`),
  ADD KEY `FK__respuestas` (`id_respuesta`),
  ADD KEY `FK__estudiantes` (`id_estudiante`);

--
-- Indices de la tabla `salones`
--
ALTER TABLE `salones`
  ADD PRIMARY KEY (`id`),
  ADD UNIQUE KEY `id_UNIQUE` (`id`),
  ADD KEY `FK_salones_departamentos` (`regional`),
  ADD KEY `FK_salones_municipios` (`ciudad`);

--
-- Indices de la tabla `tipo_identificaciones`
--
ALTER TABLE `tipo_identificaciones`
  ADD PRIMARY KEY (`id`);

--
-- Indices de la tabla `usuarios`
--
ALTER TABLE `usuarios`
  ADD PRIMARY KEY (`id_usuario`),
  ADD UNIQUE KEY `correo_usuario` (`correo_usuario`),
  ADD KEY `id_perfil` (`id_perfil`);

--
-- Indices de la tabla `usuarios_permisos`
--
ALTER TABLE `usuarios_permisos`
  ADD PRIMARY KEY (`id_usuario_permiso`),
  ADD KEY `usuarios_permisos_ibfk_2` (`id_permiso`),
  ADD KEY `FK_usuarios_permisos_perfiles` (`id_perfil`);

--
-- AUTO_INCREMENT de las tablas volcadas
--

--
-- AUTO_INCREMENT de la tabla `criterios`
--
ALTER TABLE `criterios`
  MODIFY `id_criterios` int(10) UNSIGNED NOT NULL AUTO_INCREMENT, AUTO_INCREMENT=7;

--
-- AUTO_INCREMENT de la tabla `departamentos`
--
ALTER TABLE `departamentos`
  MODIFY `id_departamento` int(10) UNSIGNED NOT NULL AUTO_INCREMENT, AUTO_INCREMENT=100;

--
-- AUTO_INCREMENT de la tabla `estudiantes`
--
ALTER TABLE `estudiantes`
  MODIFY `id_estudiante` int(11) NOT NULL AUTO_INCREMENT;

--
-- AUTO_INCREMENT de la tabla `examenes`
--
ALTER TABLE `examenes`
  MODIFY `id_examen` int(11) NOT NULL AUTO_INCREMENT, AUTO_INCREMENT=10;

--
-- AUTO_INCREMENT de la tabla `examenes_asignados`
--
ALTER TABLE `examenes_asignados`
  MODIFY `id_asignacion` int(11) NOT NULL AUTO_INCREMENT;

--
-- AUTO_INCREMENT de la tabla `genero`
--
ALTER TABLE `genero`
  MODIFY `id` int(11) NOT NULL AUTO_INCREMENT, AUTO_INCREMENT=3;

--
-- AUTO_INCREMENT de la tabla `menus`
--
ALTER TABLE `menus`
  MODIFY `id_menu` int(11) NOT NULL AUTO_INCREMENT, AUTO_INCREMENT=24;

--
-- AUTO_INCREMENT de la tabla `modulos`
--
ALTER TABLE `modulos`
  MODIFY `id_modulo` int(11) NOT NULL AUTO_INCREMENT, AUTO_INCREMENT=4;

--
-- AUTO_INCREMENT de la tabla `municipios`
--
ALTER TABLE `municipios`
  MODIFY `id_municipio` int(10) UNSIGNED NOT NULL AUTO_INCREMENT, AUTO_INCREMENT=1101;

--
-- AUTO_INCREMENT de la tabla `perfiles`
--
ALTER TABLE `perfiles`
  MODIFY `id_perfil` int(11) NOT NULL AUTO_INCREMENT, AUTO_INCREMENT=5;

--
-- AUTO_INCREMENT de la tabla `permisos`
--
ALTER TABLE `permisos`
  MODIFY `id_permiso` int(11) NOT NULL AUTO_INCREMENT, AUTO_INCREMENT=30;

--
-- AUTO_INCREMENT de la tabla `preguntas`
--
ALTER TABLE `preguntas`
  MODIFY `id_pregunta` int(11) NOT NULL AUTO_INCREMENT, AUTO_INCREMENT=111;

--
-- AUTO_INCREMENT de la tabla `respuestas`
--
ALTER TABLE `respuestas`
  MODIFY `id_respuesta` int(11) NOT NULL AUTO_INCREMENT, AUTO_INCREMENT=337;

--
-- AUTO_INCREMENT de la tabla `respuestas_estudiantes`
--
ALTER TABLE `respuestas_estudiantes`
  MODIFY `id_respuesta_estudiante` int(11) NOT NULL AUTO_INCREMENT;

--
-- AUTO_INCREMENT de la tabla `respuestas_evaluador`
--
ALTER TABLE `respuestas_evaluador`
  MODIFY `id_respuestas` int(11) NOT NULL AUTO_INCREMENT;

--
-- AUTO_INCREMENT de la tabla `respuestas_instructor`
--
ALTER TABLE `respuestas_instructor`
  MODIFY `id_respuestas` int(11) NOT NULL AUTO_INCREMENT;

--
-- AUTO_INCREMENT de la tabla `resp_estudiante_detalle`
--
ALTER TABLE `resp_estudiante_detalle`
  MODIFY `id` int(11) NOT NULL AUTO_INCREMENT;

--
-- AUTO_INCREMENT de la tabla `salones`
--
ALTER TABLE `salones`
  MODIFY `id` int(11) NOT NULL AUTO_INCREMENT, AUTO_INCREMENT=5501;

--
-- AUTO_INCREMENT de la tabla `tipo_identificaciones`
--
ALTER TABLE `tipo_identificaciones`
  MODIFY `id` int(11) NOT NULL AUTO_INCREMENT, AUTO_INCREMENT=4;

--
-- AUTO_INCREMENT de la tabla `usuarios`
--
ALTER TABLE `usuarios`
  MODIFY `id_usuario` int(11) NOT NULL AUTO_INCREMENT, AUTO_INCREMENT=2;

--
-- AUTO_INCREMENT de la tabla `usuarios_permisos`
--
ALTER TABLE `usuarios_permisos`
  MODIFY `id_usuario_permiso` int(11) NOT NULL AUTO_INCREMENT, AUTO_INCREMENT=40;

--
-- Restricciones para tablas volcadas
--

--
-- Filtros para la tabla `empresas`
--
ALTER TABLE `empresas`
  ADD CONSTRAINT `FK_empresas_departamentos` FOREIGN KEY (`regional`) REFERENCES `departamentos` (`id_departamento`),
  ADD CONSTRAINT `FK_empresas_municipios` FOREIGN KEY (`ciudad`) REFERENCES `municipios` (`id_municipio`);

--
-- Filtros para la tabla `estudiantes`
--
ALTER TABLE `estudiantes`
  ADD CONSTRAINT `FK_estudiantes_genero` FOREIGN KEY (`genero`) REFERENCES `genero` (`id`),
  ADD CONSTRAINT `FK_estudiantes_tipo_identificaciones` FOREIGN KEY (`tipo_identificacion`) REFERENCES `tipo_identificaciones` (`id`),
  ADD CONSTRAINT `estudiantes_ibfk_1` FOREIGN KEY (`id_empresa`) REFERENCES `empresas` (`nit`);

--
-- Filtros para la tabla `examenes`
--
ALTER TABLE `examenes`
  ADD CONSTRAINT `examenes_ibfk_1` FOREIGN KEY (`id_modulo`) REFERENCES `modulos` (`id_modulo`);

--
-- Filtros para la tabla `examenes_asignados`
--
ALTER TABLE `examenes_asignados`
  ADD CONSTRAINT `FK_examenes_asignados_instructores` FOREIGN KEY (`id_instructor`) REFERENCES `instructores` (`identificacion`),
  ADD CONSTRAINT `FK_examenes_asignados_modulos` FOREIGN KEY (`id_modulo`) REFERENCES `modulos` (`id_modulo`),
  ADD CONSTRAINT `FK_examenes_asignados_salones` FOREIGN KEY (`salon`) REFERENCES `salones` (`id`),
  ADD CONSTRAINT `examenes_asignados_ibfk_1` FOREIGN KEY (`id_estudiante`) REFERENCES `estudiantes` (`id_estudiante`),
  ADD CONSTRAINT `examenes_asignados_ibfk_2` FOREIGN KEY (`id_examen`) REFERENCES `examenes` (`id_examen`);

--
-- Filtros para la tabla `instructores`
--
ALTER TABLE `instructores`
  ADD CONSTRAINT `FK__departamentos` FOREIGN KEY (`regional`) REFERENCES `departamentos` (`id_departamento`),
  ADD CONSTRAINT `FK__municipios` FOREIGN KEY (`ciudad`) REFERENCES `municipios` (`id_municipio`),
  ADD CONSTRAINT `FK__tipo_identificaciones` FOREIGN KEY (`tipo_identificacion`) REFERENCES `tipo_identificaciones` (`id`),
  ADD CONSTRAINT `FK_instructores_genero` FOREIGN KEY (`genero`) REFERENCES `genero` (`id`);

--
-- Filtros para la tabla `permisos`
--
ALTER TABLE `permisos`
  ADD CONSTRAINT `permisos_ibfk_1` FOREIGN KEY (`id_menu`) REFERENCES `menus` (`id_menu`);

--
-- Filtros para la tabla `preguntas`
--
ALTER TABLE `preguntas`
  ADD CONSTRAINT `FK_preguntas_criterios` FOREIGN KEY (`id_criterio`) REFERENCES `criterios` (`id_criterios`),
  ADD CONSTRAINT `FK_preguntas_modulos` FOREIGN KEY (`id_modulo`) REFERENCES `modulos` (`id_modulo`),
  ADD CONSTRAINT `preguntas_ibfk_1` FOREIGN KEY (`id_examen`) REFERENCES `examenes` (`id_examen`);

--
-- Filtros para la tabla `respuestas`
--
ALTER TABLE `respuestas`
  ADD CONSTRAINT `FK_respuestas_examenes` FOREIGN KEY (`id_examen`) REFERENCES `examenes` (`id_examen`),
  ADD CONSTRAINT `FK_respuestas_modulos` FOREIGN KEY (`id_modulo`) REFERENCES `modulos` (`id_modulo`),
  ADD CONSTRAINT `FK_respuestas_preguntas` FOREIGN KEY (`id_pregunta`) REFERENCES `preguntas` (`id_pregunta`);

--
-- Filtros para la tabla `respuestas_estudiantes`
--
ALTER TABLE `respuestas_estudiantes`
  ADD CONSTRAINT `FK_respuestas_estudiantes_modulos` FOREIGN KEY (`id_moludo`) REFERENCES `modulos` (`id_modulo`),
  ADD CONSTRAINT `respuestas_estudiantes_ibfk_1` FOREIGN KEY (`id_estudiante`) REFERENCES `estudiantes` (`id_estudiante`),
  ADD CONSTRAINT `respuestas_estudiantes_ibfk_2` FOREIGN KEY (`id_examen`) REFERENCES `examenes` (`id_examen`);

--
-- Filtros para la tabla `respuestas_instructor`
--
ALTER TABLE `respuestas_instructor`
  ADD CONSTRAINT `FK_respuestas_instructor_estudiantes` FOREIGN KEY (`id_estudiante`) REFERENCES `estudiantes` (`id_estudiante`),
  ADD CONSTRAINT `FK_respuestas_instructor_examenes` FOREIGN KEY (`id_examen`) REFERENCES `examenes` (`id_examen`),
  ADD CONSTRAINT `FK_respuestas_instructor_instructores` FOREIGN KEY (`id_instructor`) REFERENCES `instructores` (`identificacion`),
  ADD CONSTRAINT `FK_respuestas_instructor_modulos` FOREIGN KEY (`id_modulo`) REFERENCES `modulos` (`id_modulo`);

--
-- Filtros para la tabla `resp_estudiante_detalle`
--
ALTER TABLE `resp_estudiante_detalle`
  ADD CONSTRAINT `FK__estudiantes` FOREIGN KEY (`id_estudiante`) REFERENCES `estudiantes` (`id_estudiante`),
  ADD CONSTRAINT `FK__examenes` FOREIGN KEY (`id_examen`) REFERENCES `examenes` (`id_examen`),
  ADD CONSTRAINT `FK__modulos` FOREIGN KEY (`id_modulo`) REFERENCES `modulos` (`id_modulo`),
  ADD CONSTRAINT `FK__preguntas` FOREIGN KEY (`id_pregunta`) REFERENCES `preguntas` (`id_pregunta`),
  ADD CONSTRAINT `FK__respuestas` FOREIGN KEY (`id_respuesta`) REFERENCES `respuestas` (`id_respuesta`);

--
-- Filtros para la tabla `salones`
--
ALTER TABLE `salones`
  ADD CONSTRAINT `FK_salones_departamentos` FOREIGN KEY (`regional`) REFERENCES `departamentos` (`id_departamento`),
  ADD CONSTRAINT `FK_salones_municipios` FOREIGN KEY (`ciudad`) REFERENCES `municipios` (`id_municipio`);

--
-- Filtros para la tabla `usuarios`
--
ALTER TABLE `usuarios`
  ADD CONSTRAINT `usuarios_ibfk_1` FOREIGN KEY (`id_perfil`) REFERENCES `perfiles` (`id_perfil`);

--
-- Filtros para la tabla `usuarios_permisos`
--
ALTER TABLE `usuarios_permisos`
  ADD CONSTRAINT `FK_usuarios_permisos_perfiles` FOREIGN KEY (`id_perfil`) REFERENCES `perfiles` (`id_perfil`),
  ADD CONSTRAINT `usuarios_permisos_ibfk_2` FOREIGN KEY (`id_permiso`) REFERENCES `permisos` (`id_permiso`);
COMMIT;

/*!40101 SET CHARACTER_SET_CLIENT=@OLD_CHARACTER_SET_CLIENT */;
/*!40101 SET CHARACTER_SET_RESULTS=@OLD_CHARACTER_SET_RESULTS */;
/*!40101 SET COLLATION_CONNECTION=@OLD_COLLATION_CONNECTION */;
